,uid,userLevel,userName,vipGrade,createtime,voteUp,downCount,content
39,1038023175,32,会有学上的,4,1566138361581,0,0,[呵呵][呵呵][呵呵]
39,1569611775,26,鸡蛋卷67771,3,1566135623575,0,0,很有意思 龙波这样做不是没道理 而是很多人感想不敢做的
39,1434831111,31,渔小迪43239,0,1566133732036,0,0,宗器就是小乙？
39,470628888,17,wangjiajian1987,0,1566132696543,2,0,自从看了长安十二时辰，开始讨厌谢娜了！
39,1035397357,15,张文茜20,4,1566129591336,1,0,66666
39,1035397357,15,张文茜20,4,1566129576638,0,0,哈哈哈哈哈哈
39,1034714278,6,芹菜巨香,0,1566120986184,0,0,张小敬：666666
39,1757038503,2,8M天行者极度桑de圆满,1,1566117427132,3,0,元载无耻小人，恨不得捏扁他
39,1734298976,6,笑天优拉桑de,0,1566116049338,2,0,哭的上气不接下气
39,1046583886,12,wuyangfeng2007,2,1566115627017,1,0,我就奇了怪了，这么关键的时刻，还不想见最后的人是谁，还在那儿讲那么多故事!哎！情节有太多牵强了！
39,434421659,21,ykapp_g9cvedwk,0,1566113469472,3,0,雷佳音不愧是个老演员，真优秀
39,1569516406,7,类似de卡莱尔t,1,1566111524761,1,0,优秀
39,1725593298,4,难得糊涂28301,0,1566108207376,0,0,为什么老是播美国苹果的的广告呢？真他妈心烦
39,382336491,23,瀚海无舟,0,1566106558047,1,0,看完有点悲凉
39,1036883990,25,猫猫多可爱,4,1566105567537,2,0,支持！
39,1153357932,7,啊哈-哈-哈,0,1566103892364,0,0,结尾的“曲水流觞”怕是有点讲究哟
39,1074372278,18,enjoymissyou95772,5,1566098096163,0,0,"真是不所好歹，无数好人为之牺牲，这种好人更坏事。
为什么要老实人要吃亏是福（这个是那些坏人教导的，原因很简单），吃亏了就是要反击。"
39,1074443822,6,薛薛56853,0,1566096045068,1,0,"守烽燧堡，很感动😭军人的气质！
可是却是被放弃的一群人！
长安欠他们！"
39,1371367374,7,平滑de奥格瑞姆03077,0,1566094659303,0,0,我真的太讨厌元载了
39,1041610081,40,凡人爱宅,6,1566090103108,0,0,，好看
39,1041610081,40,凡人爱宅,6,1566090071466,0,0,，
39,1516575766,9,H申屠金宝三,0,1566088596208,0,0,好好
39,1635304179,20,丢丢爱乐丢,2,1566069224530,0,0,知道为什么加速更新了，温染的一句话不该这时候说，我听了都想抽她
39,1103149163,41,wu同学1485781839367233,5,1566065454376,0,0,好看
39,1166836214,25,随波逐流198306,6,1566065291140,0,0,666
39,1450001705,5,冥觞戒,3,1566059700703,0,0,[哈哈]
39,1717129019,11,越滴蝙蝠侠同志,0,1566058445075,1,0,最后，竟分不清谁是敌人谁是朋友了！信仰还是信仰吗？还有什么意义？太多的疑问，却也来不及去分辨了。张小敬替死去的他们活着，却也是痛苦的。
39,1037944475,31,香奈儿宝贝屋,4,1566058279637,0,0,好看
39,1752692033,3,滴杰米l极度致密,0,1566057379466,0,0,演的不错
39,1187683784,29,ns1022217,4,1566057186839,0,0,有信仰虽说不是这几代人的想法，但执着的信仰可以让心有所托，总要有一个为之付出的目标，否则怎知心爱心伤…
39,1049559963,35,王殇觞,5,1566056797108,0,0,好
39,1358885927,28,闻U冷风,4,1566048899183,2,0,太好看了
39,581213911,40,邵波波丶,5,1566044218493,3,0,这帮人是真能犟，说什么就十个大臣。。。这个等宴也得是够一定级别的才能去参加的，不是什么小鱼小虾都能上去的，明白？
39,1523155123,6,de老李芳香,0,1566039865772,7,0,刚开始看的时候，觉得龙波真不是个东西，赶紧来个人弄死他吧，看到现在突然挺支持他的，这个皇上真不是个东西啊
39,1699655640,5,惠蒂尔同志尤其自强的,0,1566036262070,0,0,这部电视剧真的太好了，还可以学习课外知识——“长知识”那里能够学习到很多
39,1542931029,13,tb434548596,2,1566032799373,2,0,长安崔器
39,1468579346,5,mercy36713,0,1566031434015,2,0,王大将军咋有这样的女儿！掐死你个姓元的，
39,1751839716,7,大沐玖十,1,1566029340738,3,0,毁灭把，赶紧得
39,1215696753,5,伊人红妆2018,3,1566023366915,2,0,终于知道了砥砺的本义了，原来是磨刀石。
39,382336491,23,瀚海无舟,0,1566021376807,5,0,李必是温润小君子
39,1523392072,12,筱--39616,0,1566019522391,1,0,39集又看哭了😭😭😭😭
39,1306891737,9,yingyu208666,0,1566017664666,1,0,看到这我也恨，现在觉得龙波做的对
39,798027590,4,AAAA06196024,5,1566017397355,0,0,挺好一个电影。硬生生拍成电视剧，电影应该比电视剧好看。
39,1707050421,10,-精美滴0刘易斯极其,0,1566013362129,1,0,真是不知道怎么评论了唉
39,1452875374,25,动人的卡德加同志,0,1566007595007,1,0,是的，越来越没意思了
39,1452875374,25,动人的卡德加同志,0,1566007524577,3,2,看到闻染我就跳过
39,1017156443,24,翟彩宇,2,1566007162690,0,0,嗯
39,1334344305,100,某人的花园,0,1566003298950,0,0,挺好看的！
39,903227179,21,可口可乐51985,2,1566000403505,0,0,[吐舌][吐舌][吐舌]
39,524385568,45,奇缔师影视工作室,0,1565981685478,0,0,这集发电车有点响
39,1435820804,12,英5623454167,2,1565975330358,0,0,肖贵和龙波是一个演员
39,1760297441,4,滴尤妮斯l分外孤独,0,1565973439494,4,0,一个弃子的可悲的信仰
39,851732254,29,飞天维尼熊,3,1565972508040,2,0,这里的配角群演都很不错啊，主演也可以。
39,1078908443,4,jy02294794,0,1565969726059,3,1,闻染咋还不死呢
39,1212879715,10,鲁凡就是我,0,1565968704569,0,0,广告时间太长了 
39,1097406825,28,yinjun528528,0,1565968642683,11,0,王…秀是这部剧长得最丑的！跟元载绝配！
39,1550449955,24,悠闲的温柔同志,0,1565968591390,37,0,闻染倒地，张小敬叫出丫头的那一刻，我突然觉得他们第八团曾经做过的那些梦都烟消云散了，所有的梦想都没了，心中仅存的那块净土也没了。
39,1196961533,25,携澜0927,0,1565968503555,2,3,闻染有这样一个男人宠着她死不足惜
39,1730086622,11,小姐海棠亲的,0,1565967297701,2,1,闻染这丫头无法无天，太单纯，害死不少人！
39,1722864344,11,54溪客,2,1565967007102,0,0,求片尾曲
39,322521592,45,对猪弹情1984,0,1565966964702,1,0,结局不好！
39,1337263697,19,祁如平,3,1565966565975,0,0,😂😂😂😂
39,903227179,21,可口可乐51985,2,1565963243464,0,0,[大拇指][大拇指][大拇指]
39,1448083696,7,崎岖的馒头,1,1565961631055,0,0,你你你XP名字体
39,427525992,24,我吃红小豆,3,1565960717232,0,0,凯开大了
39,1339990807,11,tb1379384_2011,4,1565959147873,0,0,[大拇指][大拇指][大拇指]
39,1432272788,15,戚x觅波,0,1565958702466,0,0,这一集真是太短了。
39,1516019458,3,暗香柳柳,0,1565956327733,0,0,安
39,1516019458,3,暗香柳柳,0,1565956312582,1,0,长安的太阳
39,1334703755,15,好看的电影要钱,0,1565953156245,4,4,见过墨迹的，没见过这么墨迹的，回忆都能回忆两集，都没追下去的兴趣了。
39,1741346373,4,祝de沃尔顿同学,2,1565948073818,2,0,"元载唐最大的贪官？
"
39,1364795756,13,多多笨笨123,0,1565947914007,4,0,闻染这个角色人设本来是很讨人喜欢的，但很可惜，演员没有把她演好，反而让观众看得讨厌了
39,1631946236,8,琥珀200041,0,1565947127680,7,1,看到闻染死了我怎么如释重负的感觉？
39,1410083001,8,杏子25356,0,1565946909392,2,0,张小敬最该死啊 害死多少兄弟朋友了 救得谁啊有意义吗？
39,723424617,75,我是坏人---我是坏人,0,1565946525667,6,0,"龙波没错，错的是张小敬。
"
39,580928530,51,dacheng008,0,1565945887232,0,1,我爱闻染
39,1331037043,23,张行200502,0,1565944119226,6,0,张小敬，这样的长安还值得你守护吗，就为你曾经是安西铁军？我认为到此为止，没人还能坚持了……
39,1759121864,1,梅瑞狄斯竺_,0,1565942471642,1,1,想知道后面还更吗
39,1566801458,7,h凑巧de波伊尔,2,1565941608832,9,0,萧规比张小敬牛多了，有想法，有情义
39,1123259883,10,P瑶F,0,1565941208398,1,0,什么秀，她是什么职位哪来的权利吆五喝六。不合长情
39,1123259883,10,P瑶F,0,1565940446446,1,0,闻染是败笔
39,1389649303,10,花同学de魏尔德,0,1565938611775,2,0,一天一集你挤牙膏呢？
39,1205812891,2,青心雪,0,1565938358891,29,0,世上总有奸人当道，我们能守护的不过只是自己的本心和信仰。
39,1214898758,3,李环儿,0,1565937426832,3,0,每个人都在为自己所守护的东西活着，会的幸福勇敢。
39,1689961759,16,滴孔女神v困惑最,0,1565930872328,5,0,第八团的人死的太冤枉了。😭
39,362809923,61,八楞90899176,0,1565929768683,1,0,龙武军，右骁卫战力还是可以的
39,362809923,61,八楞90899176,0,1565929725589,15,0,元载夫妇必不得好下场
39,982786029,18,夜子15917,4,1565929501299,5,0,元载NB，世上的张小敬千千万，元载确是千里难寻。
39,1598125549,12,桑的茶饼掌门,0,1565927091094,4,0,元载这个杀千刀的
39,837372872,18,a洁56656383,0,1565926657765,7,1,大概看到三十五集时，总结到一句话，“不能以偏概全！不能一概而论！不能因为一些害群之马就怪所有！”看三十八集的时候，很有感触，我没哭，因为我也怨，也恨。要自己往好了过。
39,1721266515,8,有志气怀蝶特的i,0,1565925036772,8,0,前面还觉得张小敬是英雄，后面觉得他根本不是一个男人，太假了
39,1430804990,34,彭成这样,0,1565924921165,0,2,蓝湛
39,1316417795,7,陈金凤17521,0,1565923231593,3,0,闻染就是个累赘大傻子吧。。。
39,1363185118,25,七月二十七-,3,1565920557743,11,0,这剧看的真憋屈，张小敬就是实力坑队友
39,1357684507,5,合理de代萱,0,1565920504560,4,0,想龙波成功了
39,1671583868,19,的罗厄尔越亲,0,1565915299958,7,0,闻染从一开始就知道了计划，也知道这个计划要死多少人，而且她一心促成计划，到最后想当什么事也没发生，想通过制香守护长安，恶心不恶心啊！不针对演员，单纯角色
39,1671583868,19,的罗厄尔越亲,0,1565914621529,5,0,闻染是不是傻，她白天干的什么事是不是忘了，她绑架谁是不是忘了，在那个地方说两句话就可当什么事都没发生吗？
39,382336491,23,瀚海无舟,0,1565913225045,2,0,快结局，舍不得
39,1407062558,4,培培63922,0,1565892036991,4,0,这集看的最后好憋屈，
39,1407062558,4,培培63922,0,1565891023530,1,0,我觉得龙波觉得好帅啊
39,708890763,7,依呀依依依依,5,1565890927004,0,0,3a.m
39,1590057446,29,包包____,0,1565890175207,6,0,张小敬如同 痛失亲人一般 想让闻染好好替第八团活着 以后找个好相公 开枝散叶 说说第八团的故事给长安人知道 长安为什么太平 就因为有第八团这种兵在
39,831400869,9,凌devil,0,1565888668655,15,0,这评论区一如长安里面各色人物都有，不同的看法不同的信仰，没有谁对谁错。如果你在长安，面对如此困境你会做何选择？
39,1517791863,25,酷热熊炎,0,1565887064843,0,0,[升起][升起][升起][惊讶][惊讶][惊讶]
39,1205008866,8,stdcn95138,0,1565885890053,0,1,闻染，闻染！[惊哭][惊哭]
39,1189800115,5,PaulGeorge42472,0,1565884330124,1,1,戳破了喉咙，emm不是那么死的吧，有点不切实际，如果加上一段血喷出来，可能张小敬愤怒起来会更使人共鸣
39,723891527,29,-37071877,0,1565883020714,20,0,张小敬，你所保护的长安却要你死，而哪些保护你的人都因你而死了……
39,378691209,28,昝垒,0,1565881610910,0,0,小鬼就是龙波吗
39,1189957019,21,我是博博哥,1,1565880944476,1,0,越来越能理解龙安了
39,1196514921,14,闪现空大石头人,2,1565880491610,7,0,王什么秀跟姓元的怎么还不领盒饭
39,1072272063,22,胜利1482136318105309,0,1565879761052,1,0,作者懂得那时候的长安 定是穿越回来的 速来见我
39,1442152521,2,魅蓝色妖姬,0,1565878367844,3,0,这集看的真是闹心
39,1759733435,4,威廉明娜博福特亲的,0,1565877896863,1,0,匹夫之勇
39,735175645,56,秀宝来,0,1565877784669,0,1,呵呵哈哈且看且过
39,1550151594,13,h民主的水官,2,1565876900476,3,0,讨厌闻染
39,396077048,14,pandacdm,0,1565876632933,6,0,拖拖拉拉。情节可以再紧凑些。非要凑集数。
39,1724926248,10,好奇哈罗德最滴y,0,1565876508762,4,0,长安：汉、唐对中国人的影响是永恒的[大拇指][玫瑰]
39,714345265,12,被解放了的普罗米修斯,0,1565875634966,2,0,好人难做
39,1737675615,5,猫咪的亲约翰,0,1565874366298,13,0,王云秀咋突然就智商上线了呢？不过还真是没做好事啊
39,1720659850,8,桑顺心过于x蓝莓滴,0,1565874175637,4,0,看电视从来不哭的我在闻染说张小敬替我活着的时候哭了
39,1584627317,10,青衫煮饭,0,1565874029130,9,0,看似繁华，枯藤遍野。
39,1462543940,15,下次再来看一场,0,1565873419176,2,0,张小敬爱长安，可更爱长安街里的百姓。
39,1462543940,15,下次再来看一场,0,1565873277002,7,0,第八团真的红惨啊！九死无悔，不退。
39,1424207260,8,Meng恒YU,0,1565871005878,0,0,...
39,702357772,7,HESHUIYU,6,1565870481881,4,0,挺好看
39,700099282,30,754044829,3,1565860504702,2,0,元载真是人才
39,1032732200,41,是小妖YO,5,1565849687349,2,0,一个说法一句评论不懂一个人的心
39,1226294754,21,路路75057,2,1565847258857,7,0,不信生死之交的兄弟 偏信朝廷  呵呵
39,1226294754,21,路路75057,2,1565846556456,10,0,就龙波活得清楚
39,1243151062,15,笑傲酱0u0,2,1565844963694,3,0,看不够
39,1403201228,7,蔺君的康芒斯,1,1565843474771,3,0,《长安十二时辰》我用十二时辰没有把它看完[勉强][勉强][勉强]
39,1403201228,7,蔺君的康芒斯,1,1565843396870,1,0,《长安十二时辰》我用了十二时辰没把它砍完[勉强][勉强][勉强]
39,1244418764,16,T奥卡西YoY,1,1565840889478,0,0,好像
39,1244418764,16,T奥卡西YoY,1,1565840867210,0,1,我
39,1244418764,16,T奥卡西YoY,1,1565840409624,0,1,我的颜色
39,369678233,100,明寧影靈,4,1565835377732,2,0,闻染这个人物多余了，应该早点领盒饭
39,474091118,4,松7067692631,0,1565833281264,6,0,非常希望出一部电影，《烽遂堡之战》，或者是《西域第八团》
39,474091118,4,松7067692631,0,1565833114803,13,0,没有这一集的交代，怎么能理解第八团这些人思想是怎么升华的，信仰是怎么建立的，也为战友情的刻画燃起做了强有力的推进，这集真的非常好
39,1199610754,17,写实滴兰花,4,1565802995535,7,0,害人不浅的贱人，我的不知道她在里面是来干嘛的，来恶心人的觉得！
39,1190896910,55,无聊的百万富翁,1,1565800303857,3,0,评分评低了，怎么掉到8.9了。
39,1754259789,2,滴玛丽U最惊人,1,1565792095196,5,1,太絮叨 
39,1037523698,24,万万岁68146898,0,1565791037081,0,0,尖耳猴腮，是那位，怎么感觉什么人也敢骗。？
39,1540247881,28,辰瀚非光,3,1565786529352,0,0,值得！张小敬值得！
39,1195726193,10,亲亲宝贝196348476,3,1565784702886,0,0,好看
39,1060610978,21,梦幻紫菁,4,1565784200795,4,0,张小敬🈶苏格拉底的风范：别人不守规矩不是自己不守规矩的理由。赞👍
39,1060610978,21,梦幻紫菁,4,1565783761606,5,2,闻染就该死！害人害己的没有好下场！
39,1560410915,27,张茂全30,3,1565782180871,0,0,这个插曲谁唱的
39,1193136456,43,Joker98457,6,1565780317048,2,0,愚忠
39,358318532,69,朗润的风,6,1565770957109,5,0,烂尾一点，感觉
39,1641631920,22,白玉石46870,3,1565768980520,5,0,这片子演的还墨迹
39,1589271610,6,君莫笑92754,2,1565768016856,4,0,看到元载就恶心
39,1240309717,13,zzq122405021,4,1565766520419,2,0,刀！王蕴秀手里的刀！居然穿帮了，哈哈哈😂😂😂😂😂
39,1090361074,22,一直领悟27024,2,1565766244119,1,0,易烊千玺
39,1174504048,20,大晨5288,3,1565761398054,4,0,这部剧你们最恨谁？
39,821335536,7,falycon,6,1565755884333,0,0,iPad什么时候才能倍速播放哦
39,339251745,80,有时抢不到,7,1565755276274,0,0,结局不满意
39,1102228948,22,好学的奎勒酱,5,1565710963342,2,0,结局了，窝觉得圣人应该反省自己，偏爱他人必定有错。
39,947333213,14,易九分,2,1565705827816,1,0,长源很棒
39,837508972,47,壞蛋丨先森,6,1565703340182,4,0,想起来《我的团长我的团》在树堡里的情景
39,1163336559,25,black先森任纪元,2,1565702444641,7,0,最后结局最大赢就家是人家元载和王无脑
39,1000390139,26,sheryl110,6,1565697256540,3,0,"从1.25的倍速到1.5的倍速....现在想2.5倍速[汗][汗]
很大一盘棋，确实下的不怎么样啊....."
39,1245210927,4,U莉达T-T,2,1565696468174,13,0,张小敬和闻染是傻🐦吗？经历这么多事，还这么容易相信别人(＞_＜)
39,1182229430,11,风风疯疯峰峰丰丰,1,1565695450705,4,0,有点拖了
39,499150402,6,渣男sillydog,6,1565695307170,9,0,你守护的东西拿走了你最珍贵的~值得？？
39,531766416,17,夜神皓月,4,1565692912951,5,0,援军不回来 不知道他们死守的意义 愚忠
39,1232037560,15,网购圣手,2,1565692647602,3,0,元载，真是个栽种
39,504336940,78,cso_Jodic,6,1565691567628,9,0,信仰这东西。。。不是谁都能懂得。
39,1189990492,24,乱搞什么飞机呀,1,1565690528115,25,1,可怜之人，必有可恨之处。明明有机会过好日子，却不选择。没人在乎你，自己太把自己当回事了，结果身边的人全死了。
39,1419488096,19,丁振勇19945,4,1565687156160,4,0,不管怎么说 我觉得王蕴秀说闻染的那段话对
39,1492709892,4,tom杨阳羊,1,1565679455800,7,0,元载真可恨哪！！！！！
39,325842637,100,我的大哥叫师弟,6,1565673215112,0,0,挺好看的
39,332481361,20,Hello_冰姐_332481361,4,1565670530800,5,0,元载就是个搅屎棍
39,1189390509,27,V罗纳尔多V,5,1565667707005,29,1,"张小敬这个角色太执着，
一边要保卫长安，一边为了个人恩怨大开杀戒。难道他杀的长安的兵不是人。
都是借口，龙波的计划很好，杀了昏君，老百姓可能会好过一些！"
39,326227378,61,小宇哥爱吃肉,6,1565664161515,0,0,好看
39,374708987,29,吃货懒猪猪,6,1565662769038,2,0,要疯了，张小敬替我活着。
39,1732953830,9,桑稳定分外o绿巨人滴,2,1565661407317,1,0,张小敬加油！！！雷佳音加油！！！
39,374708987,29,吃货懒猪猪,6,1565660920209,5,0,"白日何短短，百年苦易满。
烽火地狱路，恩仇各羁绊。……值"
39,1249070861,18,滨8275185638,2,1565621598541,2,0,张小敬害死太多人
39,1597583431,10,清狂va,2,1565621036242,7,0,到头来，守护了谁，是你想要守护的东西吗？值吗？心不累吗？
39,918459270,17,joannejia88,2,1565621019094,2,0,闻染很是讨厌 演员不好
39,432093184,7,earth59699626,1,1565618497387,3,0,这样的大唐，还救他干嘛？
39,1756271410,3,要好莲雾过于滴x,0,1565617948088,5,0,徐宾好可爱
39,1370026897,100,矢良羽,5,1565617181486,7,1,看到现在，发现张小敬太固执了，为了心中的信念，不惜身边一个一个亲友死去，可是他心中的信念眷顾她张小敬吗？！
39,1720180974,11,0橙白,2,1565614412230,1,0,刚睡完小姐姐打卡
39,1643933116,12,吃蒜泥的高敏人群,1,1565606188932,0,0,谁看过小说，最后张小经的结局怎样
39,1342464689,9,唐w韦恩,1,1565602556092,3,0,冲着画风和雷佳音的演技追了这么久还开了会员。好剧值得一看
39,788095812,46,猫椰菜,6,1565600734435,0,0,曾晓静是我老婆
39,333266456,19,洮洮32,3,1565599128575,0,0,挺不错
39,1326530281,20,怡7111104810,1,1565597209499,1,0,第八团太难了
39,374309452,53,芙蓉爱EXO,6,1565591535100,0,0,帅
39,1451753745,24,KaeruKing,4,1565584954923,2,2,典型的半出好戏 哎 毁了
39,1206827711,8,四有青年87707,1,1565584586282,1,0,前排前排
39,496435352,51,坏小孩挥挥手,6,1565577467521,1,0,哟
39,1651551529,11,桑瑶光白易的,3,1565556771354,2,0,都是会员，说话硬一点[乖]
39,1323927393,42,仰v棒冰,3,1565548630596,0,0,好看
39,1599493299,30,君de沙果瓦奥莱特,3,1565548216085,7,0,把个圣人说的白活了一生，看不出儿子是怎样的人，还是看出自己的臣子好和坏。太幼稚
39,1479686688,20,养同学的拉塞尔,2,1565538875236,3,0,说的不错，有闻染这个软肋，何事不坏？
39,1517940520,19,快乐童年53676,3,1565536574369,1,0,(=^▽^=)
39,1228714694,49,谢绝炒作please,6,1565535150353,4,0,王蕴秀是个瞎子
39,1459274746,6,lack59422,3,1565533009648,3,0,看我这集我流泪了，好久没看剧流泪了，长相思的歌曲一起响起我就泪流雨下
39,762321209,50,随风恋沙,6,1565530698189,2,0,看来徐宾真的有可能是最后的幕后黑手
39,1163465085,30,如果我是鱼谁能看到我眼泪,4,1565527046402,2,4,故事挺好，就是这拍摄手法，剧情东一头西一头，看的叫一个乱啊！
39,1507037701,20,苦闷念露的分外0,0,1565525177791,4,3,雷佳音干嘛呀 老支着个下巴 真看烦了
39,1526341105,21,Elune5972,5,1565522594908,7,0,我就觉得周一围演的龙波很帅很好
39,943187296,33,太阳能防晒霜,5,1565516837289,3,0,这集片尾曲真好听
39,381103419,35,LOMO螳,5,1565514393436,0,0,无双模式！开！！！！！！！！
39,381103419,35,LOMO螳,5,1565514367372,1,0,无双模式！开！
39,1349862389,10,月儿弯YUEERWAN,4,1565508119701,125,0,元载和王蕴秀真是一对挨千刀的货，什么人找什么人，他们什么时候领盒饭啊？
39,1373554729,6,葵6719650158,2,1565507045852,7,0,以前很喜欢看闻染这个演员，面相总是笑兮兮的。怎么在这剧里，下巴好奇怪啊。
39,377656776,43,洪少羽,2,1565505385412,5,0,这个元载越看越讨厌
39,1140564103,2,易烊千玺的猪猪宝贝,4,1565494445233,6,0,舍不得长安，这么快大结局了
39,1038313889,12,林元元789,2,1565493109175,2,0,萧规手里拿的什么
39,1369953035,19,流光星雨6yyyy6oo9,3,1565489400572,4,0,很多评论说回忆是在托剧情，但其实第八团的故事本来就是剧情的一部分，这部剧所有的事情都是围绕第八团展开的.....
39,855284612,3,梦里美爱虎儿,4,1565487481819,11,0,闻染死了，虽然也算不上是多好的人，可是怎么感觉这部电视剧看的这么绝望呢
39,807705203,65,枭雄游览经典,6,1565487329091,146,0,最该死的人是元载，太过卑鄙无耻，秦桧在他面前都觉得汗颜
39,1180491672,4,勇畅41953,1,1565477966264,0,0,太好看了
39,1340344431,20,良文啊啊,2,1565473947513,5,0,如果能花几分钟交代苏昆就好了，毕竟一个部队的风气一定跟主官有关，第八团为什么九死无悔，光靠闻无忌等几个下级军官培养不了这种风气。特别在那个主将就是天的年代
39,1145032821,26,惠州赛格,3,1565463312163,8,0,张小敬也许早就忘了第八团九死无悔的兄弟，龙波没忘他们都是怎么死 。谁对谁错，都已过去，希望他们能放下以前 的恩怨😊不要伤害无辜 的百姓。
39,1743413014,7,cici21452,1,1565455998317,13,0,这一集看得最伤心。这样的背叛，这样的屈辱，最真爱的人都没了，还要去守护信仰，为什么啊。。。。。
39,842310445,16,赤禾茶馆店小二,4,1565452332207,1,0,我想看看那个评一分的什么原因
39,1066946848,100,周公1481326895866133,4,1565451406608,0,0,邯郸
39,1676514977,36,优酷用户1557507648486731,2,1565450747441,10,0,我要弄死这元载
39,1138675651,28,我在这里等你4335,4,1565447942864,8,0,"头一回看电视剧讨厌两人讨厌到恨的牙痒！元王两个快点让他俩死！
"
39,1315550517,25,漆雕M露比,4,1565445623971,0,0,太慢了
39,344234626,42,84924你好,5,1565443929160,3,0,都是被张小敬害死的 希望最后他也死了
39,1215295299,47,l一般de山丘之王,6,1565435065453,0,0,谈古论今
39,1742409857,4,i干净de8詹宁斯极,1,1565424257798,1,0,不科学，这脾气的元载够死一百次了
39,1301605317,9,我叫王大仙59429,1,1565424039538,1,0,罗里吧嗦
39,1686149853,13,YoungGOOD,2,1565419415990,1,0,111
39,1325262101,14,Fish76699,3,1565417529248,0,0,1
39,1085260668,9,A我是来学习的,2,1565414975131,0,0,受不了了  开倍速了
39,348061719,39,Yorkie风雪,3,1565406666286,0,0,u
39,1549251920,6,平安是福66927,4,1565381549194,2,0,24小时就能解决的事能拍46集也是厉害不得不说这部剧是真的很好看
39,1393565364,100,张劳西家的,2,1565368988150,3,0,张小敬是真的爱长安
39,1367106203,43,杨H布劳,4,1565364825246,0,0,这守静安寺的时候没这么猛啊
39,1488403053,15,王尧20585,2,1565364746977,89,1,真走了不一定不好，文染必定心中有愧百般迁就，生活幸福得一皮
39,778206404,100,ykapp_3zupe952,3,1565363055238,1,0,雷佳音 周一围演技真的好
39,1374859791,35,自强同志0菲利普U的,2,1565360788811,1,0,自始至终萧规就没想过杀圣人，认真看就明白了
39,1163479702,26,l震惊de科波菲尔,5,1565356533347,5,0,我觉得我现在的单元就是长安
39,1163888380,57,ginalhy,1,1565355703223,11,0,看到这几集有点气奋，合着都是为第八团报仇的，结果都被张小敬一个个全害死了
39,1035935364,31,meijun美军,2,1565352418244,5,0,谁说拖沓了。我觉得剧情超级紧凑。
39,1172098548,31,宁宁meng12322,5,1565352058130,2,0,这集这个哥是谁唱的啊 [惊哭][惊哭][惊哭][惊哭][惊哭]
39,860791974,27,雅13527113444,4,1565349493195,3,0,这部戏能拍出这么多集，也算厉害了，老太太的裹脚布又臭又长
39,714177588,68,李伊仁,6,1565349423401,0,0,我的天，闻染借刀自杀，那一瞬间真的把我惊到了，我觉得张小敬该理所当然的黑化了。从38级到现在，我感觉是最好看的。
39,1729357662,97,一只酷der,1,1565348005672,2,0,答应老闻的！！！！可怜的小敬
39,1729357662,97,一只酷der,1,1565347965395,0,0,"no,  丫头死了！！"
39,1729357662,97,一只酷der,1,1565347886008,3,0,元载和那女人真愚蠢，到处碍手碍脚的，
39,1361085190,10,宝贝fujia,2,1565342914783,0,0,闻早就应该死
39,765174197,11,疯狂西米,2,1565338888239,9,0,元载和王韫秀怎么还不死？太他妈可恶了！
39,1129384988,53,9966简简单单,5,1565334661103,1,0,张小敬为了长安，然后他身边的朋友都死了。开心吗
39,1066595896,8,咪咪和喵喵123,0,1565328233578,8,0,希望大结局元载能死喽
39,1308220640,31,大仝子,3,1565327993885,4,0,看了好几遍没看出来头上有毛毛头盔有一圈豹纹的兵哪里出来的  这是谁的人
39,1632489893,4,linglingni84,2,1565325128932,5,0,看到元载就想揍他，你个胆小如鼠的奸侫小人
39,758899075,52,筱哥哥真帅,6,1565324958706,5,0,张小敬是不把对自己真心好的人都害死不罢休啊
39,457762428,27,吃飽英雄,6,1565321541523,1,0,拍得真好[暴走-软妹纸][暴走-软妹纸]
39,1122605639,9,艾卉9934666,1,1565318060973,4,0,看到元载我头就疼
39,901360242,6,亚静静的家,5,1565314957375,1,0,这首歌太好听了是叫长相思吗？
39,1220420479,48,幸福就是啦啦啦,6,1565312157363,0,0,好难啊
39,1504885266,1,chile80880,3,1565311348022,0,0,拖沓
39,1634654827,22,酱苦瓜坚硬极度的,3,1565295887878,2,0,终于看到一部演员都有演技的连续剧了！
39,1070720296,40,dj大顺,4,1565293894787,1,0,哭了
39,758223853,41,lynda_lin666,6,1565290443955,0,0,张小敬真蠢
39,619888331,16,ykapp_gifc6l9o,5,1565288827986,8,0,张小敬是愚忠
39,388976208,27,草草书,6,1565283799708,0,0,我想知道李必去哪了？？？
39,1213759276,12,Yrainy14544,2,1565282260203,13,0,为了千玺来看的后来被张小敬迷住了，真正的为了长安百姓，而李必更多是为了太子，只有紧要关头才会想起张小敬他其实只是把檀棋当做一个婢女
39,1046372210,30,无所位而生其本,0,1565282248786,0,0,波波帅呆了！！！[酷]
39,1726168431,9,希克斯杰里米桑滴,2,1565279291157,3,0,以前看过书，不错。看了剧集更是引人入胜，把大唐的景象成现在观众眼前，非常吸引人，唯一缺憾剧集太长略显拖拉。
39,1386935964,17,李雪17229,2,1565278471524,1,1,原来不止我一个人讨厌这俩2逼[吐舌][吐舌][吐舌]
39,764714010,22,中12358965,3,1565277221315,2,0,现实中元载这样的人多了去了
39,1500176543,34,水魔方VI,5,1565277080357,2,0,张小敬的嘴巴总是撅着，感觉好出戏
39,1500176543,34,水魔方VI,5,1565277048579,1,0,张晓敬的嘴巴看着出戏
39,343173182,90,Xr-Marry8,7,1565276339033,0,0,说好的周四更新五集，为什么又改呢[不高兴]
39,1046316990,17,空果子1479228106429775,5,1565275311826,0,0,看了38好多人说拖戏，整整一集回忆。等39出来才知道太特么天真，还要回忆一集呢好么...
39,376712772,24,shihuacha,4,1565274375063,0,0,其实好人比恶人可恶！因为他在做好事
39,735482803,69,小逆呀,6,1565274104039,1,0,真拖沓
39,792056996,15,cordell123,3,1565269394781,1,0,闻染真是死的太突然了
39,333251602,30,Sosa0,4,1565264519964,0,0,所以今天是不更新了哦？？？
39,840574809,5,谁知寒冰,1,1565264096534,0,0,今天还会更新吗
39,538431538,6,YKYX0161124,6,1565262777879,0,0,今天更新吗
39,936436013,42,简单的幸福111333,6,1565262145363,1,2,大烂了
39,1036505662,46,sadialop,6,1565261236120,0,0,今天不更吗？
39,1214291756,42,aotutu86478,5,1565259925953,0,0,今天更新吗？
39,1176147159,23,syj9628,5,1565258388557,1,0,为什么我觉得是圣人自己做的局
39,1429030280,41,电视迷迷电视,5,1565254725936,3,0,闻染本来就该死 应该早点死
39,1215696614,54,蔡鲜肉肉,6,1565252646977,2,0,闻染死得好！
39,1215696614,54,蔡鲜肉肉,6,1565251704190,1,0,闻染死的好 给张小敬添了多少麻烦
39,1556564542,15,友阿比比啊,0,1565251484032,1,1,讲真的不是很喜欢张小敬这个人设，因为他死了多少人了，案子也没破，听闻染的早点上去找萧规不就什么事都没有了，越往后看觉得剧情越拖，我的小李必去哪了
39,1215696614,54,蔡鲜肉肉,6,1565250946718,2,0,最讨厌闻染 尽给张小敬帮倒忙
39,381883022,26,xiaoyaopeng5,5,1565249381268,0,0,这块配音加剧情太赞了，一身鸡皮疙瘩，来回看了好几遍
39,709401917,18,mlwuvw,0,1565249293727,4,0,总体感觉不错场景服装还是比较用心的，包括演员也是。就是剧情有点拖了吧！像火影忍者那样祸害了几代人。
39,1336781233,18,嗲嗲女孩52167,0,1565248328541,0,1,这踏马就是在拖时间啊
39,731212545,100,淡味芒果,3,1565247059702,0,0,错的人是对的，对的人反而是错的。
39,1311733979,13,小么小二郎哇,5,1565246895370,1,0,磨磨唧唧的
39,370691881,59,海深海静,6,1565246572208,1,0,闻染死了，第八团的希望没了
39,571336830,15,renwin007,2,1565246538412,0,0,只想问问今天更几级？
39,1729241431,10,的越发特别金斯利亲,2,1565245174053,0,0,何老去了哪里？
39,606941502,29,燕儿7626,4,1565230955465,2,0,后面有点拖沓
39,1584348717,6,滴涵双8精巧酱,2,1565230159181,0,0,今晚不更新了吗
39,1726298594,8,华语翡,2,1565227333729,0,0,还不错。
39,468618454,61,龙飞凤舞8813,6,1565225770404,2,1,挺没劲的，张小敬这样的人现实中真的有吗，感觉有点扯
39,1307159687,29,冰色的小柠檬,2,1565225126219,2,0,权贵面前，众生皆是蝼蚁
39,1486780121,28,1极傲慢勃朗特的,2,1565200415037,5,0,可以杀圣人！杀右相！但是不能伤百姓！
39,816714908,10,_多才的布鲁斯南,3,1565195440058,6,0,赶紧杀了元载和王文秀
39,1152952037,14,1伊芙足智多谋de,2,1565194763519,1,0,扯犊子，这是放一个圣人么
39,1418472913,16,鲸鲸92333,5,1565194249978,0,0,喜欢热依扎，另两位女角可以整的更好看一些[花心]
39,1431913369,23,vfxLee,5,1565194102616,0,0,这样的长安救什么救，渣渣[暴走-暴走]
39,778206404,100,ykapp_3zupe952,3,1565190918445,4,0,龙波越演越觉得英雄了
39,395510060,53,柒色颜灬轮回,6,1565190266741,0,0,emmmmmm、果然很核心主义思想，只能这么评价了
39,1747075374,5,孤独海王非常滴8,1,1565190117115,3,0,周一围很帅呢！
39,1089027529,20,龙独家小坏,3,1565190054539,2,1,越演 越墨迹
39,1102337657,8,yiran醒不来,2,1565189648097,2,0,元载这种人还可以左右逢源，特别恶心！要多恶心有多恶心。完全没有是非曲直，只有趋炎附势。
39,1225605064,30,古典挚爱滴略微o,6,1565187499856,2,0,张小敬只为正义而战
39,1514868087,22,欢喜的巴克耳,2,1565187407459,0,0,闻染早该死了。
39,1531349159,7,果断de奶黄包桑,3,1565186359572,3,0,我只想说，元载这个人物演的很成功[流尘_汗]
39,1373638212,40,适量de凌寒60394,0,1565185954294,0,0,挺好的一部剧！24小时！但又差那么一点点
39,1321967911,15,滴劳苦妙彤,2,1565185582792,2,0, 闻染终于死了 松了一口气 一路走来她真的没啥作用 
39,383426568,14,Solo丨桃成蹊、,6,1565185544988,2,0,拖拉的要死要活的…………
39,1223555692,23,w_w耶基斯_,3,1565184128819,2,0,元载啥时候死
39,1044860198,11,lanhuagu2009,3,1565183572464,1,0,越往后剧情越无聊
39,1224733246,8,魑魅魍魉hhh95929,2,1565183486825,0,0,昨晚不更新啊
39,1512600610,79,听雨75513,0,1565181426002,0,0,没头没脑
39,1594208597,9,亿程照明,2,1565180747067,0,0,好电视
39,1594208597,9,亿程照明,2,1565180726626,0,0,这戏太好了
39,1355427468,4,liu1454626605,2,1565180457670,5,0,元载真小人也
39,1693700702,11,滴非常相似-詹金,1,1565178151307,0,0,兄弟们如果让这位导演去拍三国演义，他要拍多少集？
39,1141249994,30,落日俊杰杰,0,1565177566707,0,0,气死了！！！！！！！
39,1138334181,100,baohongyue1492070990083484,2,1565177463911,0,0,张小敬不用自责，不是他没照顾好闻染，是闻染自己选错了路。
39,1373027691,14,倩勇126,2,1565176091626,2,0,闻染死，歌声响起…这歌太好了！音乐配的太棒了！
39,1748355539,8,余RT,1,1565174743748,2,0,张小敬上个楼真的是磨磨赠赠的 一直说那个人在等你等你 节奏急
39,549062690,41,lbaqs,5,1565173662709,1,0,一个国度都不认同的人，守什么？守可怜的自尊心吗？最心念的人都死了，就只剩报仇了吗？我是不会这么干的，心怀天下的人多了去了，只愿守护最后的托付，张你对不起闻队。
39,810000340,39,zysh0p,6,1565173430497,0,0,我怎么没找到一个讨厌的人
39,1321967911,15,滴劳苦妙彤,2,1565169159266,3,0,姓王的这个女的看着挺机灵的为啥一直忘记其实是张小敬救了她呢
39,1038116454,24,mfsijtaobao,5,1565168791939,0,0,像24小时和疑犯追踪的合体
39,1063767904,18,盐巴茶-莹,4,1565166959848,0,0,看的好揪心[惊哭][惊哭][惊哭]
39,411402406,37,碎碎念LOVE_411402406,4,1565164902668,3,0,闻染早就该死了
39,1047083479,19,ymy宝宝1479260933638665,2,1565163531064,0,0,我大唐败了、散了、蛀空了。看着心塞。
39,1546272672,10,h实在的特雷西,2,1565162382632,6,0,这部剧无论从哪个方面评价 都是经典 很久没有看到这样的作品啦
39,955300063,8,coco小怪兽mm,2,1565161066816,3,0,我觉得闻染死的时候张小敬就可以把元载和王缊秀杀了，还不拼命杀
39,1326680754,21,小肥霞15900,2,1565160054353,1,0,下周一才更新？
39,919333480,16,机械友人君,2,1565159370374,3,1,感觉啊张小敬的信仰还在呢，始终还是要护着长安百姓，圣人不可以死的，死了长安乱天下也乱，百姓就会受更多苦，有点感觉他们是有意的放圣人溜走的，他看看这表面繁华的长安。张小敬有时候真的是气死我了[勉强][勉强][勉强]
39,1537598915,16,先进de小娜君,0,1565157916943,0,0,39级，唐朝就有铁丝网了[吐舌]厉害厉害
39,1423458803,27,自觉滴普莉玛,5,1565157728513,2,0,要爬几集才到啊？
39,351885698,60,苏凉笙生,6,1565154035367,7,0,这灯楼是认真的
39,1060078474,29,李明宝2014,3,1565153358540,7,2,烂尾了
39,1695882500,8,雄厚同志的杜隆坦x,1,1565151540546,1,0,这样的长安，暗无天日，真的不必救
39,501601490,28,骨头┽,5,1565151266826,2,0,48集电视剧，张小敬的一天[吐舌][吐舌][吐舌]
39,469123199,9,白云幽,0,1565150967643,1,0,这标题直接剧透了啊……[无语]
39,1733277699,2,罗宾森太滴x别扭酱,2,1565150643708,3,0,这部剧太暗看不清，费眼睛
39,1352118495,1,美丽的三尾狐,5,1565148850245,0,0,他们都认识？？为什么一直没说……
39,787529353,25,大展鸿土,4,1565146904442,2,0,好人没有好报啊！
39,488726651,20,车兵,0,1565146065581,45,0,闻染本来可以不死的。闻染都说了上去见了龙波，会安排他们从另一条出口离开，但张小敬不听，非要带闻染走大门，是张小敬害死了闻染。张小敬口口声声要保护闻染，结果自己的固执害死了，还不知道悔改，也不报仇。
39,1075107455,13,歌曲的曲67276,2,1565143632372,1,0,颜色
39,738716536,11,徐徐如林侵略如火不动如山,0,1565142288034,2,0,大家有没有看见肖规旁边站着的是丁老三啊[哈哈]
39,1061151264,100,rwr1118,2,1565141765112,7,0,龙波没有错，不顾第八团200多人的性命，这样的朝廷这样的圣人是该教训教训。
39,1233606055,25,弱水三千wyf,5,1565139146546,1,0,兰州大学打卡
39,1238362143,9,金针桑l,3,1565138784627,0,0,七夕快乐鸭
39,425524379,65,tumcide,7,1565135004397,0,0,七夕快乐！
39,1701611782,1,的砍树吴刚t盲目极其,2,1565126411881,3,0,这个女的早该死了
39,764842201,18,-略微通红维拉妮卡滴,3,1565126256002,4,1,这集这两个人演的时间太长了吧  有点麽几了
39,1720038605,8,千玺的可可吖,2,1565117892353,0,0,QX  七夕  千玺  我爱你🙈
39,1356796643,8,束8特罗洛普,5,1565114409201,0,0,楚雄医专打卡
39,1001616351,48,张小鱼090个,6,1565113389537,1,0,闻染，[惊哭]
39,550109478,50,干巴爹V,5,1565111864296,6,0,张小敬到后期害死了不少人，没意思了
39,329805670,95,差不多先生的便签,7,1565110310622,0,0,看到守护的人已死~他还会坚持么~
39,1616902130,21,疯疯癫癫是王道,3,1565109817511,1,0,十二个时辰  要看几个月我一了
39,532916979,19,luzixiaolucky,4,1565107941671,0,0,Hi 
39,709266300,29,仙凡L,2,1565107691786,5,0,这部剧的配乐好，很多配乐加片尾曲第一次听的时候就特别有感觉。
39,1376956227,5,咯咯挨打,1,1565107526875,1,0,最后圣人知道了自己才是不知民间疾苦的人，大人物离开了平台，失去了权利，平民百姓才不认你了，还想放权给臣子吗？估计今天放权明天就被软禁。。圣人活了70了还那么幼稚天真
39,1234888067,13,一路走来47073,3,1565107479109,0,0,赶紧拍成电影吧
39,1729443977,9,y寒冷deo涵雁灰常,2,1565106899332,1,0,不在这第39之后赶紧收尾真是败笔，希望最后几集能救回来
39,798347329,33,扎鲁特旗家世界,4,1565106015990,3,1,太磨叽
39,1207278033,24,叶明明1992,4,1565105367675,3,1,后面就是裹脚布
39,1522926444,8,孙松涛77300,2,1565105187118,1,0,我靠，这集最后，雷大头真的帅爆了
39,523713898,48,喜-央央,6,1565105065299,6,0,这部电视剧很明确的告诉我们什么叫做“愚忠”！
39,368013827,33,kitteyang92713,5,1565104861074,0,0,今天你的选择，就是明日人们说的故事
39,950697311,11,LH5156054853,0,1565104860451,3,2,太拖沓了
39,1721329037,10,滴朱蒂斯绝地武士酱,2,1565103335860,2,0,张小敬什么玩意，什么也不是，废物女人都保护不了死在自己眼前。
39,460105930,24,ykapp_l63jleby,2,1565103085928,3,0,龙波是英雄
39,1532038784,15,荒诞的圈圈v,2,1565102896675,4,0,这就是电视剧永远是这套路，前半部分看着过瘾，后半部分拖拖拉拉磨磨唧唧。
39,1488947876,11,婷尔15,2,1565102049784,10,0,元载和那个王什么秀啥时候死，太可恶了
39,1223136850,53,髦髦的毛毛,2,1565101889328,1,0,"听了好几集的盖（GAI）嘉运。。。。。。。姓ge。。ge。。ge
。"
39,335572051,49,十七岁那年的雨季°,6,1565101539971,3,0,这部戏除了服装画风牛逼之外，更牛逼的是剧情逻辑，不到最后一集都不知道谁才是幕后主使，猜不到结局
39,1381452719,38,tb638105_00,2,1565101358130,0,0,臭弟弟
39,807155734,52,缥缈奥黛,6,1565100139875,2,0,闻染童鞋鼻子的痕迹是不是太明显了？
39,1197145716,100,女王的家属,2,1565099977169,1,0,什么时候元载下线啊
39,1076908183,46,JENNY_JOHN,6,1565099422684,1,0,我觉得很好看，全部看明白了
39,333700903,14,蛊蛊1203,0,1565098218439,3,1,后面拖拉很严重。[啊]
39,1001005653,10,dingjc757,3,1565097899278,4,0,所以拍24集就够了的电视剧非要拍到48集
39,1545957316,17,邓玲1235,2,1565097695922,2,2,张小敬好难
39,1553550526,12,-哇咔咔-,3,1565097458396,3,1,元载为了升官，张小敬为了诺言，立场不同，都没错，可元载怎么那么sb那
39,1251555626,14,56犬夜叉,3,1565097324495,2,0,这样的长安还守着做什么[惊哭][惊哭][惊哭]
39,1082556212,41,慧强集团股份有限公司,6,1565096887632,2,0,我一直想不明白，王文琇到底站在那边？？
39,816733154,59,孤独的罪恶感,6,1565096392222,0,1,造反到一半不造了？小兵一脸懵逼
39,1721965624,20,宝贵爱德华分外de1,2,1565095752965,4,0,剧情现在 太拖沓了 ，没有耐心看下去了，太可惜了 
39,1143641255,63,Chendi777,4,1565095721500,2,0,越来越拖拉
39,1344999956,45,i勇敢de卡门,3,1565095511649,7,0,看到39集，我都想反唐！
39,534636402,57,ykapp_oi4b4bmi,6,1565095194837,20,0,整部戏我只想看到一个人死，就是元载
39,1363104637,8,你才到碗里去83641,2,1565094873904,0,0,多久更新一次呢？
39,854091424,40,snowzhx999888,5,1565094748215,3,0,前后差异太大了
39,1645301716,20,一别两宽_再见,0,1565094394672,2,0,这更新节奏真够奇葩的
39,1393948355,38,活拨的芭芭拉,5,1565093956000,10,0,"王韫秀怎么还没死
"
39,1040322332,13,奋飞的老鸟,4,1565092987019,2,0,李必在灯楼里一会被吊上去，一会放下来是啥个情况，编剧不合常理哦，剧情有点拖沓，摄像美工完美！支持下吧，美剧也不是都制作很精良
39,558839682,44,woaidqq,5,1565092504429,6,0,最后厚点扯淡，爬个楼梯都脚软成这样，龙波和闻染为啥爬上爬下跟没事人一样。
39,1180926848,1,小海豚跃跃,4,1565092095469,120,1,人们为什么都喜欢听故事？那是因为在故事里，好人都有好报，你相信的故事，其实就是你的选择，你现在的选择，也有可能成为来日的故事，现在的你想让人们听一个什么样的故事？！！！
39,1345059582,22,疼5675409877,3,1565091496545,0,0,直接更新五集呀
39,1534224227,17,滴罗杰i疲倦同志,3,1565091284627,0,0,看不明白
39,1667702868,17,海云君略微宽厚的,2,1565091221708,2,0,听到第八团是耳，是别人爬上去的工具突然有点理解龙波了
39,365118351,26,lily-范,0,1565091011128,10,0,闻染死的好仓促啊，完全没有心理准备。但她要不死张小敬没法一人救俩女的出来
39,529344491,41,He-七弦,5,1565090675328,6,0,元载咋那么窝囊小人
39,501475536,24,真幻世,4,1565090318159,50,1,张小敬虽是好人，但有点好过头了，其实他所坚守的信念早已崩溃了，只是他并不想承认罢了。过多的执着与守护换来的也只不过是更多的对朋友亲人的愧疚！这集看得有点来气。
39,523985800,67,清筱轩,6,1565090312441,1,0,不退
39,1252859855,10,H坦诚的维布伦,1,1565090208364,3,0,后面的剧情太拖拖拉拉的了
39,1384209310,36,公治-,5,1565089483349,7,0,啊啊啊！元载气死人了！什么时候领便当！
39,710968182,16,Susan55271,3,1565089260126,5,0,我想看到元奎发达后，一脚踹了王蕴秀[愤怒]
39,794992449,31,786慧,4,1565089186178,2,0,开头打仗的日出真的场景很好看[泪]
39,709356585,30,L满城飘絮,6,1565087927352,3,0,为啥元载刚放张晓敬去灯楼，到灯楼又要抓他
39,829357833,34,ty香草-莲心,5,1565087772924,6,0,一直不喜欢闻染，活脱脱的累赘。
39,1138888361,9,compaqwjg,2,1565087503043,1,0,[赞][赞][赞]
39,1076908183,46,JENNY_JOHN,6,1565085688457,1,1,越看越好看，现在看了回忆部分，整个剧情更加饱满了
39,835937129,50,加菲猫121015492,6,1565085473449,170,0,求编剧最后让元载死好不好！就像剧里说的，大家都希望看到善有善报，恶有恶报的故事
39,1527476347,16,深沉的埃米莉同志,5,1565085447507,7,0,看了元载俩人，感觉张小敬守卫长安并不值得
39,851899239,25,蜜糖艾莉娅,4,1565085355486,4,0,闻染和张小敬就像现在老一辈和年轻一辈，沟通交流有代沟。
39,1537852287,5,板栗与地瓜,3,1565083296789,1,0,凭什么给人家背上这么重的包袱
39,1465627449,13,iamthebrillqueen,3,1565083189659,53,0,我一想张小敬辛辛苦苦忙了一天，死了那么多人，功劳都归了元载，我就觉得生气，不想看了。
39,365346192,5,VR-伐木累,4,1565082397876,5,0,闻染终于杀青了[赞]
39,724440052,13,沙漠中旅行33192983,3,1565082273141,0,0,下一集更新是什么时候
39,956562305,12,紫罗兰柔情范er,0,1565081999118,2,0,磨磨唧唧的...
39,790721659,14,我就是英子,2,1565081461644,1,0,好看[大拇指]
39,1452865032,11,今夕何夕99962,1,1565080298412,1,0,太精彩了
39,1038223431,33,啊挪挪44761,4,1565078757241,3,0,张小敬这贵人还不少。
39,1155166515,45,饶月子,6,1565078353498,1,0,小牛牛别跑那么快
39,963939601,12,_Eutopia_,2,1565077748710,2,0,家庭主妇 打卡
39,428494085,21,Navy38687,4,1565077349303,2,0,真的嗷，就非得标题就剧透一下呗，开app就知道闻染死了我人都傻了
39,1734473943,7,桑荒芜极度t扶子的,2,1565076616612,7,0,元载这个抱大腿的真是让人恼
39,1410544230,34,出众的念露,0,1565076156360,10,0,我终于站在了萧规的立场。长安不值的。
39,1568859956,30,真人太太乙,4,1565075794326,13,2,大家看到现在很难过，英雄的坚持到底值不值得？为什么不推翻这个腐烂的朝廷，建立一个新的，这样对百姓不是更好吗？从上到下都烂透了的朝廷，和可亲可爱的百姓，不难选。张晓敬囿于执念，看不清到底什么才是真正对百姓好的
39,775489676,27,cy12287,2,1565075492829,5,0,剧情被拖这么长反而不好了
39,1041876798,21,eli1122,5,1565075322351,8,0,智商不够的总觉得太拖沓。
39,951436505,5,韩宇798,5,1565074204543,1,0,这是小尹吗
39,1686260348,19,司各脱同志的斯摩莱特,2,1565073415619,2,0,看完这集，才知道原来好集结号剧情一样
39,1512667941,20,jll778877497,4,1565073412113,5,0,王韫秀到底是个什么样的存在啊……莫名其妙
39,1320396558,6,希望他天天开心,1,1565073275414,3,0,第八团能存活下来的人太不容易了！
39,1487418544,13,古m帕特里克,2,1565072022586,2,0,龙武军都看明白了 好人得活着 这剧 可以结束了
39,403973815,68,朵朵的店,6,1565071680743,1,0,闻队到底怎么死的
39,1341952761,4,猴哥叶建民,2,1565071563875,2,0,张小敬怂人
39,1197864091,30,慕尼黑不止有拜仁,6,1565071381921,3,1,闻染就是张小敬给害死了
39,1035741975,17,wyllzx7733,1,1565070839746,5,0,蠢啊！救坏人坑好人。
39,1197864091,30,慕尼黑不止有拜仁,6,1565070616050,11,0,王韫秀和元载怎么还不死，看这两人出来就讨厌
39,1518730737,31,张敬土土土,4,1565068698488,2,0,龙波是萧规？
39,1411875179,20,云同学的韦斯莱,4,1565068501466,0,0,陆三三
39,833346749,34,问寒er,5,1565067854387,11,0,李必，实伪君子也。，口口声声为百姓造福，实则虚伪至极。反倒是元载，右相可爱的多。
39,1254728081,17,诺诺71310,2,1565067677386,7,0,元载什么时候死！！！！！
39,743694418,6,啊喔呃咦呜吁62133,1,1565067246412,7,5,雷佳音为啥一直努着嘴？就这一个表情吗？越看越讨厌
39,791897270,28,正义女神之守护者,6,1565067150862,0,0,蠢到极致
39,1041837552,32,叶小魔1478994852089239,4,1565066595497,5,0,理解了龙波 曾经有多爱现在就有多恨 
39,336205218,26,_336205218,4,1565066574632,3,0,要是韩国拍这个，张小敬就反了！
39,1381422879,23,豆子y33027,1,1565066145749,2,0,只有故事里好人才有好报
39,1318091269,34,施0代曼,5,1565065715649,3,0,前面很紧凑 越来越拖沓。。
39,1540921168,10,小巧de欧文君,2,1565065419663,6,1,张小敬这种愈忠有点接受不了
39,1199063982,21,一诺麻麻我爱你,2,1565065205436,2,0,觉得张小敬某个瞬间特别像甄嬛传里的皇上
39,1003652203,39,灬划船不用桨,5,1565064547543,27,1,怎么还有这么多人说是20多集剪刀48集说拖沓的？本来是要分两季播放，第一季25集，后来把两季放在一起播了才有48集好不好？说拖沓的人只能理解单线叙事吗？
39,1441423322,26,锋7107,3,1565064486219,2,0,看了这么久才知第8团是炮灰。。。。。[愤怒][愤怒]
39,1138878660,13,喵多多-,3,1565064193736,15,0,张小敬跟闻染的对话，相对于紧急的时间来讲，有点拖了。按常理，应该抓紧每分每秒去想办法毁掉机关，先停止灯楼的运转。
39,835142026,46,老神在在的森次巴立同志,6,1565063909821,1,1,太拖拉
39,611807092,34,忠义仁爱柔忍隐,1,1565063765191,4,0,愚忠和忠诚并没有明确的界限。
39,1743839587,6,的非常执著奎勒君,1,1565063372191,0,0, 此次更新为什么是“只看周一围”而不是全剧？
39,1542547165,37,风度翩翩de幻影猫酱,4,1565063033114,7,0,前半部很紧凑，越往后废话越多，太多的大道理让故事框架越来越虚
39,1405257676,18,千玺de小宝贝吖,3,1565063017539,2,1,易烊千玺[稀饭][稀饭][稀饭]
39,1514993769,19,Y1小花,3,1565063001794,3,1,唯一缺陷就是太拖沓了。。。。
39,844917099,37,進擊的皮皮猪,6,1565062752656,2,0,都被张小敬害死了
39,1173057880,23,冬季到拉萨,3,1565062636813,3,0,虽然很喜欢这部剧，但是不得不说 剧情还是有很多的硬伤啊。有时候过犹不及反而让人觉出了破绽。
39,1536035513,39,不错的杜鲁门,4,1565062524147,3,0,元载招人狠，说明演员的演技实力👍
39,1741757526,10,柯基基柯柯基基柯,1,1565062241878,1,0,哇！太好看了！这个长度超合适！一点都不拖沓，拍的非常好呢！就是不太适合整天看破烂肥皂剧的人看呢！
39,784492070,35,噪音污染小眉,5,1565062097959,4,0,完全和小说背离了，小说闻染根本没有死
39,350396650,67,独孤遥Lilin,6,1565061795988,3,0,这剧情怎么越往后看越觉得扯呢。
39,1201922015,49,假想敌20344,6,1565061687254,2,0,元载聪明人，做到宰相，因为太聪明最后被杀
39,1151223631,35,OJBBBPKK,5,1565060587890,7,0,烦死元载了！
39,1748015872,8,给书生口饭吃,2,1565060456940,0,0,每个人都背负这故事，都背负写希望和梦想
39,788629574,38,飞雪连天射白鹿笑书神侠倚碧鸳5,5,1565060327008,10,0,元载什么时候死啊   死的惨不惨啊   快死吧
39,608701629,12,小乳熊,2,1565060192977,2,0,这他妈元仔八面玲珑 实事无人可信
39,931906148,46,doluludo,6,1565059851019,4,0,讨厌李必
39,1731765617,8,滴过于软和演绎同学,2,1565059192661,1,1,救张小敬的是谁？
39,523150522,29,PMJ5489,2,1565058427787,5,0,剧集越长，质量越差！[飞流路过]
39,436406264,47,ssddd10254568,6,1565057753622,4,0,200多人为诱饵，吸引3000敌人，埋伏6000人围歼，真没有啥错误，这个将军很厉害
39,1184779551,16,便宜酱1麦克唐纳8de,0,1565057627607,7,0,张小敬必须死！不然此剧不完美
39,827313430,5,70后的朱培军,0,1565057164563,0,0,都知道食肉者鄙，可鄙成盖佳运，元载者方可“食肉”，怎么破。
39,1395171169,21,1999狮子座,0,1565056957234,4,0,这部剧真的好棒的
39,374975907,58,fencer0,6,1565056708224,2,0,玛德闻染为什么要死！
39,805896593,58,疯子灬锋子,7,1565056589714,1,0,这人设，不好
39,340279993,16,雲淡风轻445,4,1565056539831,0,3,闻染终于死了，看的膈应死人了，这回好了，可以开开心心的看剧了
39,1254236599,28,夭雨1980,2,1565056164115,0,0,这是在拍回忆录吗？后面全是这个？
39,1449862698,16,i贪心de斯科特,1,1565055931820,1,0,徐斌当时不应该称呼张都尉
39,461944420,17,隆青龙w,2,1565055856032,2,2,闻染不愧老闻的闺女！死的其所！
39,1358663889,11,十八块腹肌的略略略,2,1565055678565,3,1,保家卫国  没有家  因为国没有了家  那我为何还要卫国  别说什么舍小家为大国  人非圣贤的原因就是这   
39,494989365,23,哭鬼狼嚎,1,1565055672069,4,1,干嘛不点花灯，等啥，等人家来拆呢
39,494989365,23,哭鬼狼嚎,1,1565055626478,9,1,元载怎么还不死
39,461944420,17,隆青龙w,2,1565055475359,6,1,元载真是千古小人！！！
39,1573544555,15,M翁蚁人,2,1565054166275,3,1,此处当有一哭……
39,461944420,17,隆青龙w,2,1565053764434,5,1,这集交待萧规以前就会做伏火雷！
39,461944420,17,隆青龙w,2,1565053681855,3,1,无比惨烈的战斗！
39,446219748,38,Jessie1912,0,1565053592663,1,0,花蓼精
39,446219748,38,Jessie1912,0,1565053336081,1,0,花葽精
39,1144578894,9,xia5230416,4,1565052860873,5,0,闻然终于死了，那个只知道喊他阿爷的什么时候死
39,1190311491,26,花花和安安,3,1565052568710,95,2,这样的长安到底干嘛要救啊 张小敬你就了百姓 可是你的亲人朋友兄弟都因为你死了 你这样的人真是不配有朋友 你就只能和你的百姓好好活着 你永远都不要交朋友了 他们做你的亲人朋友真的倒了八辈子的霉
39,1130849621,50,mobilerr,2,1565051882503,2,0,一次三集这速度本来挺好，这一下五集还让不让人睡觉了[汗]
39,1742686159,6,郭靖滴酱草鱼,2,1565051230091,2,0, 元载就是个小人
39,1742686159,6,郭靖滴酱草鱼,2,1565051186861,130,0,真不是偏见，那个闻染还有王蕴秀真的不讨喜，应该角色设定吧，但是看着很不舒服
39,1059444199,22,今晚打老嗨,5,1565051176665,26,0,一直以来对国剧没什么兴趣，直到这部剧，让我想起最喜欢的国剧《我的团长我的团》，有些人说讨厌张小敬，或者讨厌谁，生活确实是你想讨厌谁就讨厌谁，但别人只是坚持自己的信念，守卫长安，守卫滇西，守卫国土。。当你分不清对与错的时候，你只有一个选择，不退！
39,1047709640,16,awesome1231221,2,1565051108747,2,0,一个元载宵小之辈老留着干什么
39,1581712183,21,0清醒de伊瑟拉,2,1565050543232,4,0,往后看剧情没什么意思了，这剧就是演技，服化道很好，剧情真是越来越没什么意思了拖沓。
39,1089982993,49,虾球233,5,1565050100639,2,0,元载能不能死
39,737178318,66,洪16435388,6,1565050044095,0,0,看不了了？
39,679303654,53,黑科技狂人,6,1565049510303,49,0,前38集都在看热闹，看大唐盛世，长安繁华。看完这39集，闻染死了，突然就觉得不是在看热闹了。
39,544211561,100,mengfanlong5,6,1565049240491,9,0,讨厌鱼肠
39,1228425695,35,落叶19635,5,1565048259456,4,0,真是悲哀，守护的人一次次背叛
39,709184433,25,海纳百川_168,6,1565048212372,1,0,越来越拖拉了
39,1442731816,43,杨小涵942919693,3,1565047999480,1,0,好看的
39,1528182317,1,清醒的泡菜同志,2,1565047748435,5,0,真想把这个元载给宰了
39,758906609,44,新周梦蝶,6,1565047444114,1,0,十分讨厌闻染
39,320288766,17,Smilegal,6,1565046831067,0,0,书里闻染不是没死吗？
39,1240914037,100,超5985951257,2,1565045541360,1,0,我为什么不能看了？
39,1142636031,12,Roi-kun,1,1565044517694,1,0,张小敬好帅
39,321732672,36,墨染天龙,0,1565040539532,1,0,又是正集回忆杀麽[黑线][黑线][黑线]
39,1446067460,20,ss維京師,2,1565037101735,1,0,闻染一死，想哭的感觉，真的真的，有时候我们面对一些事很难选择，到底是应该坚持还是放弃。。。。
39,525618497,68,黑夜精灵888,6,1565036014945,279,0,在这样的环境，有这样的闺女，王宗汜大将军还能在长安活着，命是真的硬
39,1451118429,23,0弗吉尼亚严肃de,3,1565035232662,1,0,闻然是怎么死的？
39,1542564602,18,SCyinxin,0,1565035118498,2,0,太逗了
39,1321223068,11,自然小站,2,1565032292572,1,0,这结局应该是导演和编剧，以及我的理想主义
39,1487307407,87,undomiel_c,1,1565031945476,1,0,第八团没有人可以再干干净净地留在长安看花灯了
39,1565154606,16,颇具才干笑寒de,2,1565031632774,45,0,大家可觉得交朋友都愿意交龙波这样的，又都希望当官的都如张小敬那样的
39,1000210607,10,GGYY啊啊,2,1565030263607,13,0,死，都给我死，元载和他婆娘，全部死
39,1025288575,38,猫大侠41944,0,1565028184908,1,0,张小敬有好几集只会做痛苦“思索状”，啥正事儿也没干了
39,1077339149,34,科学同志0芒种-de,5,1565028069564,2,0,长安是什么？长安就是家？！谁会因为这个出了败类而不爱家的呢？长安在家就在 这是信仰！
39,1077339149,34,科学同志0芒种-de,5,1565027715904,1,1,这样的张小敬好惹人爱啊！！
39,366573978,100,方正62323,6,1565027692060,1,0,前三十集 是我看过最好看的电视剧 
39,439283324,48,走到哪里都要发光的男人,5,1565027465247,2,0,不多说，最终boss  徐宾
39,332313111,5,ScumMo,5,1565027026659,2,0,火星人打卡
39,546198025,50,YKYX0815459,6,1565027002753,2,0,闻染b挟持为什么蚊香没点
39,1701369624,16,的莫德u呆特,0,1565025304357,27,0,真不知道那些觉得剧情拖拉的人怎么想的，不看回忆，不看对话你能看懂？看电视剧就和玩游戏一样，有很多剧情，你必须看，要不然能通关，我就觉得回忆穿插的很好，没有重复，不想火影那样，有很多没有用的回忆，不够火影还是很好看的。我很喜欢这部剧的回忆部分，第八团的部分都可以拍一部电影了，总之这部剧轻轻松松的拿一个2019年度最佳电视剧。看到那些喷子，杠精真的很烦死人，举报功能讲实话也没什么用，还是b站的弹幕看着比较舒服一点，可b站没有这部神剧啊。（个人意见，不喜勿喷）
39,815671666,18,fangfang_0104,3,1565024199708,2,0,看到第三十九级，没有在向想看的想法了。不晓得男主想要的是什么
39,495202982,45,追风的和,5,1565024026362,6,0,长安该灭
39,932637136,22,六神小钢炮22,4,1565024013404,12,0,说啰嗦的可能只配看没脑子的肥皂剧。审美低劣的你们辜负了这部好剧
39,1055098567,23,消失壹狼,4,1565023924460,5,0,张小敬，你真是佛系杀手啊
39,1062207475,29,PS-FioreYU,4,1565023920872,2,1,这样的元载，算是演得好？浮夸的坏人，是人都讨厌，还能骗的了人？
39,1531488683,16,我是AC啊,2,1565023773116,3,0,不知道为什么说烂尾？把每个人物交代清楚是拖沓？另外，真的好想元载领盒饭啊
39,1304028223,58,作作丶吢,6,1565023754135,9,0,这样的长安，我真不想守了
39,1349909062,38,严峻的蒂法尼,5,1565023685394,0,0,长安
39,1347072147,20,要发啦,2,1565023611662,15,0,我怎么觉得王温秀那么丑呢
39,1309987124,100,的君凯伊明,3,1565023513703,6,0,我突然想起来，崔器了
39,1493748774,96,水木杰87351,2,1565023499452,1,0,西北农林科技大学打卡
39,1514164845,31,夢@珂尒,4,1565023434646,1,0,顶
39,838071930,57,听说你铲屎超快,6,1565023267787,1,0,哈尔滨佛学院打卡
39,1048448219,17,张晓飞20151001,3,1565022994231,7,3,终于能理解为什么那么多人，看剧不专心了，真的只能是为了消遣，只此，长安十二时辰可以称道，再高的夸耀，它承受不起了，足矣
39,442206138,54,LuciferVanLouis,6,1565022775405,3,0,感觉剧情就是第八团差点灭了大唐
39,367991334,100,MAcanXF,2,1565022412933,6,3,9.5分怎么评的！？35集后5分。
39,367991334,100,MAcanXF,2,1565022210932,3,3,电视剧的通病，后半部分就开始拖拉凑数。
39,1447032003,17,H容光焕发de书瑶,2,1565022091787,1,0,沃特，过的都不知道周几了、一直以为星期天没更新[疑问]
39,1375822955,23,岐霖30702,3,1565021903454,3,0,闻染死了，真难过
39,1382540984,22,张贤驰,3,1565021746433,2,0,哎，心疼萧规
39,1451118429,23,0弗吉尼亚严肃de,3,1565021745304,1,0,“接下来”播音腔
39,1150707630,21,爱跳芭蕾的猫星人,3,1565021741472,5,0,傻B张小敬，专坑队友的，宽容敌人就是害死朋友的傻B
39,1744240364,10,whatever11235,2,1565021729830,1,3,后面太拖沓
39,1040052829,36,年少追风之风飞,5,1565021705382,1,0,广西大学打卡
39,1230919800,9,谦爷的谦,2,1565021402811,20,0,世间皆元载，再无张小敬。
39,1403373136,31,tina71435,0,1565021383801,1,0,现在看剧情后边有点不太好
39,1432704141,8,无7280283415,2,1565021327916,1,0,39集，后面全身鸡皮疙瘩
39,421015532,100,含泪斩左蛋4,4,1565021282865,0,0,前面觉得挺好看的，到了后面张小敬就是个煞笔，
39,816523890,18,梁敏君85582,2,1565021204688,0,0,哭惨了
39,1467470553,18,江酱的迈克尔孙,2,1565021004054,0,0,闻染死的时候的配乐是？
39,1131631211,7,花开春时,5,1565020911030,4,0,这集很精彩，可怜自大的李二说自己的子嗣不知天下百姓疾苦，他自己又知道多少？一面说自己无私，放低身段，一面又说自己是神，真是戏精！
39,1117718032,16,陈小荣98084,1,1565020841198,0,3,太啰嗦了
39,1143021623,44,赞_甲天下,6,1565020804719,5,0,不值得守护还守护什么
39,1010024277,31,ehc16951871,6,1565020757335,2,0,有感触！音乐一起，心里不是滋味！
39,1072077420,92,圣女小芒果,1,1565020752162,0,0,这集救张小敬的事谁啊？
39,1143021623,44,赞_甲天下,6,1565020681511,0,0,闻染为什么不说替她报仇呢！
39,422924689,22,weridlittleboy81022031,3,1565020601317,0,0,我估计谭琦最后死在马嵬驿
39,1712472028,10,渺小渥拉斯顿略微de8,2,1565020566575,51,8,明明十二集就可以独领国剧巅峰，非要拆散成四十多集，反倒拖沓毁剧。唉
39,1327456611,10,强8584739170,1,1565020378309,2,0,元载这种货色就应该让它遗臭万万年，祸害老百姓都狗官
39,722707620,80,辉哥您吉祥,6,1565020360679,4,1,没劲了
39,1136005028,7,skyarm_2009,3,1565020212849,90,2,我记得 龙波说选择救圣人还是百姓？那就说明他只想对付圣人，我觉得龙波没错
39,1330072906,33,刘睿兮,5,1565020212454,3,0,惊，恐，憾，萧规的眼里。真的佩服编剧。脑洞真大。
39,1056021187,33,xufan87798998,5,1565020139856,1,0,王女真不是个东西，跟着元才几个时辰就坏透了
39,846343308,30,十二少81809880,2,1565019842886,1,0,刀不是已经断了吗？
39,1387493221,27,我希望我能一直,2,1565019695811,3,1,看到大家都在让张死的我就放心了
39,406329736,3,wsyz0627,3,1565019605133,1,0,张小敬真是一点屁用没有，害人害己，人设失败、。
39,1143021623,44,赞_甲天下,6,1565019555756,0,0,第八军活着九个人回来也没好下场，张小敬还在守护这帮王八羔子，问题是他们也不领情！
39,1143021623,44,赞_甲天下,6,1565019422672,2,0,真是对，被人欺负了就该反击，真心觉得没错
39,1230755305,43,你知道就算大雨让整座城市颠倒,5,1565019305592,8,0,看这种主角寓忠的戏，真的不过瘾，拖着看的
39,332508794,49,若相守卟离03147146,1,1565019295294,1,0,王韫秀是不是傻白甜
39,537140356,11,我妻草灯11,0,1565019131413,1,0,结尾那厮是李白吧
39,1143021623,44,赞_甲天下,6,1565019059297,0,0,张小敬在坚守什么啊？一群丧心病狂的贪官污吏吗？
39,1035741975,17,wyllzx7733,1,1565019056530,2,0,越看越憋屈
39,1143021623,44,赞_甲天下,6,1565019008771,1,0,得有多么强的意志才能连迷药都迷不晕啊！确实是爷们儿
39,1035741975,17,wyllzx7733,1,1565018996451,18,0,元载怎么还不死啊！
39,1484828563,33,小辉辉guang,4,1565018877970,0,0,今天好给力，一下可以看5集
39,1158125522,32,胡扯梁栋栋,4,1565018810792,4,0,为啥最后有兵救张小敬
39,1210798099,47,sztfc,6,1565018799928,19,2,如果只有12集，这绝对是国剧巅峰，可惜啊。。。。
39,850214139,2,张良91322918,4,1565018794342,0,0,点燃这个炮 发出去
39,1674291747,19,张聪15439,2,1565018788290,0,0,现在该更新五集了？
39,503994990,39,居家户外都健身,6,1565018747801,3,3,太拖沓了~[无语]
39,556029701,57,Bickooo1,6,1565018716391,0,0,新苗幼儿园打卡
39,414544124,12,ykapp_alz75hjq,3,1565018639898,5,1,雷佳音有时太像陈建斌了，尤其跟闻染说我是安西铁军的一个兵时
39,1414377370,9,国w生鱼片,2,1565018592916,3,0,广东话说奸人动口 蠢人动手 一点没错
39,806027242,100,灬蓠帞,5,1565018509083,1,0,很讨厌中途的广告[勉强][勉强]
39,335166130,61,露水0,6,1565018431381,1,0,可惜了那一桌好菜，都糟践了啊
39,1685121117,13,的同学杰姆斯从,2,1565018326689,2,0,我觉得闻染没做错什么啊
39,496303346,64,wwx2005,6,1565018317794,49,0,看完这集感觉整个剧都扭曲了。。。张小敬到底想守啥，原载能不能死，王将军的女儿除了二还缺家教???
39,1684770512,12,滴烧麦吕同志,2,1565018312554,1,0,这要不是名人写的书，估计一辈子看不到，文学牛透明人太多了，浩瀚如海
39,1036825184,11,effiees,5,1565018276207,0,0,我要嫁给鱼肠！
39,1134837502,25,lululu君,3,1565018242112,2,0,好难受呀
39,704322183,62,子唐川上,6,1565018200563,0,0,南京邮电大学打卡
39,704322183,62,子唐川上,6,1565018188333,0,0,南京师范大学打卡
39,381797735,84,爱侯65054116,6,1565018044007,17,0,最烦元X和王XX赶紧领饭盒
39,1718446485,48,斯图尔特灰常的v形象君,2,1565018002880,3,0,张小敬卖了小乙，卖了守捉郎，卖了第八团
39,1324638272,15,陌涼丶70804,3,1565017907651,5,0,闻染真的很烦
39,480967038,14,気壹昂,2,1565017899488,1,0,郭将军厉害呀！给马嵬坡留下伏笔了。
39,1176124777,15,楷楷看电影,2,1565017890386,9,0,没看懂，元宰怎么什么关键地方他都及时出现，哪里来的加持调拨没交待
39,1186913666,37,zhaoting520131456256,4,1565017887203,0,0,感觉无味了
39,1176124777,15,楷楷看电影,2,1565017780666,2,0,闻染这种没分析没头脑的人，和别人讲道理，觉得很可笑。
39,1729143059,4,de十分热心灰狼亲,0,1565017616572,1,0,后面圣人落难，知道民间百态，了得官员腐败，有故事，有故事啊
39,471020085,21,yk-ah,3,1565017614540,4,0,感觉不符合逻辑。张小敬查案时的冷静头脑去哪里了？之前元裁放走张的时候就说暂不追究。并没有赦免之说。结果会再度相信。不符合逻辑。
39,1727920652,10,师de贝尔酱,2,1565017486141,1,0,闻染早就该领盒饭去了……，特讨厌这个女的……
39,1116853855,5,tmb678,6,1565017448580,0,0,苍南电大打卡
39,832614661,78,代号114119,5,1565017388465,0,0,21:58秒张小敬还是不良帅吧，怎么就成张都尉了。
39,1470625656,11,呐谁别跑16592,1,1565017353407,4,0,张小敬一直说为了闻染好，就是一种自我麻痹。都不替闻染想想，人家凭什么为你们背负那么多。信仰个P  自己都不信了  只是一直强迫自己信。
39,372518924,57,丶皮蛋丶,6,1565017316912,1,0,好看
39,1460234817,21,真诚de芳芳同学,3,1565017150730,5,0,为什么王韫秀可以跟着到处晃荡
39,539158411,72,河豫,6,1565017114537,1,0,这叫被必反
39,1368004789,13,木沁89820,3,1565017103740,18,0,我咋那么讨厌元载呢[疑问]
39,1500637743,9,坏蛋小魔包,4,1565017094253,3,0,妈蛋！竟然伤心了！
39,365975930,74,元彬暖通,6,1565017014133,0,0,这次更新5集了应该结束了吧
39,1381505177,8,付5043052617,2,1565016997069,0,0,43集大结局？
39,1062745941,59,琳琳琳子姐,5,1565016979223,2,0,这个片子，大唐后期的乱局，看的太窝心，太让人感觉不舒服，过分突出了这种乱局，人心自古人心隔肚皮，人嘴两张皮。
39,1681998714,14,de战争机器t湿润极,2,1565016944628,4,0,张小敬越来越像崔器！
39,1213203780,39,0626囡囡,5,1565016898029,0,0,龙波也没保护闻染让她乱跑
39,1728512210,8,chi5101896658,2,1565016849238,2,0,闻染终于领盒饭了
39,1141472749,48,云韵女神,5,1565016763176,2,0,徐宾，快给闻染一套复活甲[勉强]
39,711392516,32,大河马163,4,1565016752905,0,0,这歌是啥?
39,1478354454,12,喝三鹿的魔門公子,2,1565016722168,0,0,那几个兵就是龙波的人，天天说慢慢慢，快进啊，继续快进啊，看不懂了吧
39,944730369,20,安达燃气,2,1565016717320,1,0,这一个大小姐一直穿着军装走来走去是啥意思啊？都没有疑问吗
39,1044988392,24,沉默不寂寞1479183960283907,4,1565016699324,4,0,"勇闯夺命岛
集结号
长安十二时辰"
39,1213203780,39,0626囡囡,5,1565016683320,6,0,闻染没学武功亏了，要不这阵把瘟秀直接废了
39,1060714762,39,jocelyn9831103,6,1565016472234,2,0,为啥后面几个匪兵打不过右骁卫？袭击的时候可是0损伤啊。
39,1238197517,2,渺小de偶,4,1565016411766,108,1,这个世界上有很多元载一样的搬弄是非 为了自己的利益不责手段  可惜了闻染 最终还是太天真 
39,1490451628,100,天将明July,4,1565016389936,0,0,元载夫妇真的像猪一样的存在，死了大快人心（不针对演员）
39,1734807344,38,石头人穆拉丁同志的,1,1565016155852,0,0,好想弄死元载😊，最好死无全尸的那种，还有王温秀，死的彻彻底底🙂
39,1314741849,34,乔家燕子,4,1565016133877,5,0,九死无悔第八团，泪了
39,1177674217,100,叶秋16423,2,1565016095041,0,0,结尾那段配乐叫什么名 闻染死那段
39,1215099348,11,斯派克13,0,1565016081835,2,0,王猪能死🐎
39,785562266,29,dei过于深明大义巴尼,5,1565016001959,34,0,王韫秀说得对，有闻染这个软肋，张小敬做不了什么，她的死反而是好事
39,1559701840,25,少年恋年少,3,1565015917042,0,0,大斌老师更新五集，还不看等什么呢？
39,1414837755,28,路向北2333,0,1565015818629,15,2,故事越来越冗长了  从这集开始略感无味了
39,337716319,54,绿茶43F52,6,1565015813092,11,0,闻染死了最大败笔，张晓静奋斗的意义何在了？目标直接虚无化
39,1015276798,59,yeaonlee,6,1565015716841,1,0,元载终于没有送人头，反而收了个人头
39,1224013656,16,_周到的以山,2,1565015674680,0,0,演到现在好沉重，人活着为点什么啊
39,1577388883,9,发达的赫克利斯君,0,1565015656552,56,0,这集特别好，开头有第八团奋死御敌；片尾是张小敬看见龙武军之中分裂出两派，一派是保护他的，一派是听从朝廷的，互相打了起来。这时张小敬有点恍惚，记忆中的场景重叠了起来。这一集说明，真正的敌人，还是源于内部。。
39,1015276798,59,yeaonlee,6,1565015616191,0,0,觉的剧情拖就快进看啊
39,795281746,50,ganhuairong1,6,1565015512492,1,0,怎么会有张小敬这种人，一心守长安，可长安有谁记得他！
39,1351006023,24,种下爱的情毒,0,1565015471828,1,0,闻染死啦，我哭啦
39,1141472749,48,云韵女神,5,1565015422493,22,0, 这小丫头真的太傻了，生前任性骄纵，没想到死的这么轰轰烈烈，令人惋惜
39,350215310,84,庄稼地的孩子,6,1565015312724,1,0,难道闻染与王文秀不认识吗？
39,1517965740,39,大蒙光光,5,1565015279444,3,0,元载，演得很成功，一个小人样[真棒][真棒]
39,1441557018,8,友好的锡西,3,1565015210696,2,0,闻染，可惜了
39,1106142291,57,长沙跳马绿化苗木批发中心,5,1565015015808,10,0,磨磨唧唧
39,581202674,25,shanwenwen84,5,1565014820679,3,0,看的想哭却闷着一口气哭不出来再心里 更难受
39,701300421,19,goyem,3,1565014765611,6,0,太子有那么重要吗，长安有那么重要吗
39,1462170183,16,骄傲的小聋人,4,1565014746752,1,0,集结号发生在古代
39,1152344168,40,飞秀28282,6,1565014689098,2,0,看到这已经哭2次了。。。[泪]
39,702676743,51,东华楼主,6,1565014575174,1,1,元载，加油啊，成败在此一举。
39,1040660673,21,绿色莱阳1478953071882598,2,1565014525814,2,0,守城多长时间了，头巾太干净了。
39,1627614427,5,a极度桑滴贝内特有风度,3,1565014474361,3,0,24个时辰岂不是两天？//啰嗦了。其实24集最好。一个时辰一集
39,1255437281,13,桂-拉曼,2,1565014454574,1,0,这一集说了啥
39,1439687509,10,陈近南123456,4,1565014406972,0,0,一个人，一个人，一个人……
39,549558837,13,嘘安静65177,2,1565014381418,0,0,看到王瘟秀的广告就想吐
39,484330136,39,白小白的失眠夜,4,1565014339950,2,0,突然发现这剧烂尾了，从这集开始毁三观了，农夫和蛇，闻太师和纣王
39,922931915,37,王同志的虾米,4,1565014322041,1,0,杀了圆仔这个笨蛋
39,1005015291,38,唐海萍666,6,1565014316378,1,0,人能坏到如此境界也是无敌存在
39,1439236843,2,酆v千琴,3,1565014305210,5,1,好看，这部剧的韵味太深了，挺好的
39,1054142328,45,欣5906897096,3,1565014230162,2,0,那个  这样一看，雷大 啊  不对  张小敬 张大头还真不是白叫的[泪][泪][泪]
39,902452098,67,Mr---魯,6,1565014205154,4,0,太啰嗦，太啰嗦[狂汗][狂汗][狂汗]
39,1352097388,100,李燕27736,2,1565014204976,0,0,我就想问，王韵秀和元载最后死没死？
39,1064217565,40,小巧亲0湘君U的,4,1565014191432,3,0,看到闻染走的时候，太想哭了，还有那个王瘟秀真的是瘟
39,1369129294,9,方v薏米13153,2,1565014065520,2,0,墨迹，在这么紧急的时间还在谈理想，哲学
39,935193377,22,懒喵咖啡,3,1565014044695,9,0,每次回忆，都莫名想起我的团长我的团。
39,1040138663,20,xxxxjiang93,5,1565014028569,52,0,闻染必然会死，如果是我，也会同样的选择。所有人都说为了她好，谁又关心她怎么想！
39,813236395,30,爱蒲09317989,6,1565014006995,0,0,一共多少集啊？
39,1211342295,48,爱吃肉的牧羊人123,6,1565013907296,3,4,几个女的感觉都是败笔
39,993113176,10,俞的娜塔莎同学,2,1565013868165,1,0,化妆，背景，一级棒。
39,845076663,24,小逗比真可爱,4,1565013810498,0,0,突然更五集了哇
39,1037838293,6,樱花君309,1,1565013704002,1,0,那是龙波暗桩吗
39,1583338691,10,遥远海洛伊丝de相当A,1,1565013703950,0,0,真磨叽不看了
39,1038229712,4,其实你不懂629,2,1565013667590,0,0,直接给他绑了不就行了
39,604075169,75,daydream0911,1,1565013632146,12,0,我好像猜到了，烽燧堡众人欠张小敬一条命，得知张小敬有难，众人联手，助他脱罪
39,1026145277,56,dry850713,6,1565013612396,0,0,好纠结呀～好想快点更，但又不想更完…
39,1206256039,19,昵称昵称昵称程程,2,1565013549097,1,0,突然更新了[勉强][勉强][勉强][太开心][太开心][太开心]
39,1729143059,4,de十分热心灰狼亲,0,1565013535588,3,0,看到了吗，圣人有危险右相的人躲一边，左相何老的人护圣人，圣人该明白呀
39,1206795044,47,_耐心的1杰罗姆最,0,1565013528719,2,0,呵呵，我和闻染一个态度，也想要龙波把灯点着！张小
39,1188635047,23,峰5595205987,2,1565013500190,2,0,闻染死了，心都痛了。
39,1637580655,100,旱地拔葱Per,2,1565013468233,0,0,一共多少集啊？
39,764600026,48,1约翰优秀的,6,1565013390822,16,0,元载跟王什么，几时会惨死？
39,1352629163,46,实用de奥创,4,1565013356044,9,0,最讨厌那个什么玉秀
39,1347686197,17,吉光宝宝,3,1565013330009,10,0,元载和那个秀绝配
39,1399048628,38,江鹫,3,1565013329005,4,0,突然更五集，猝不及防
39,1330626312,32,关1葛罗瑞亚,5,1565013310751,7,0,元载后来被灭门不是没有理由的
39,1510998151,31,H霹雳火兴盛de,3,1565013296759,0,0,唐玲玲在看吗？
39,1738322255,8,的弗里曼y相当细微,2,1565013245080,6,0,王韫秀整的太明显了
39,320971854,39,Huafeihuajicao,4,1565013214701,0,1,啊啊啊五集[花心]
39,761463505,44,魔鬼筋肉人SSS,6,1565013200298,10,0,这部剧最恶心的角色就是这姓王的大小姐，恶心的要死
39,1224368726,11,刘小杰41055,1,1565013174711,0,0,徐斌应该是太子的人
39,1439485457,26,屈宝祥,4,1565013093226,5,0,"元载啥时候死
"
39,1467645155,23,与国相随,3,1565012806986,0,0,没意思了！
39,1055849970,100,爱吃橘子的夏侯落英,3,1565012739353,1,0,我是雷大头的小迷弟
39,1090628723,6,情话67232,2,1565012736330,2,0,君子坦荡荡，小人长戚戚。
39,1004559378,24,猫咪宝贝0981,4,1565012673013,4,1,确实有点烂尾的意思，张晓敬干嘛？左右不是能干成啥？
39,1441604023,8,celine_46,2,1565012649670,4,0,喜欢龙波和李必
39,1057186327,33,lxue4611,5,1565012548750,0,0,曲子谱得太差了
39,1681154729,11,虚竹过于de_守信用同志,2,1565012544840,3,0,为什么人喜欢听故事，因为故事里都有好的结局。
39,720824316,18,毒毒英,5,1565012535806,2,0,五集真香
39,410178698,100,哎我去吧！,2,1565012528338,3,0,真受不了，s  b 老娘们，你要死早点死啊，非得等张弃刀了才死
39,1104253206,31,施凯1485949213075353,2,1565012484260,7,0,张小敬活的太纠结
39,1210492340,14,后巅峰,2,1565012452224,6,0,我怎么就这么讨厌元哉的大嘴巴[勉强]
39,1124958193,100,期待你的爱125,2,1565012431482,7,0,后面太拖拉了！！！
39,1558804144,13,u闲散de麦芽,0,1565012412445,0,0,现在不更多，不用在这学
39,325833304,75,丶逆永夜,6,1565012356955,2,0,张小敬可叹！~
39,505035424,23,则哪儿,2,1565012294556,3,0,这几集真的水了。
39,1523995653,5,沧海奕俗,4,1565012277803,3,0,箫规这名字出现就知道得靠嘴遁了。
39,502916367,33,歹匕：示申,6,1565012035089,4,0,我就问什么时候我才能不被标题剧透，老实就写集数不行么？？？？？[勉强][勉强][勉强][勉强][勉强]
39,346747759,60,大刀没刃,6,1565012029763,11,0,  王韫秀就是二球
39,1196589310,47,一禅诺,4,1565012021854,5,0,姓王的姓元的该死
39,1118615535,7,承德猴子,2,1565012011361,4,0,元载狗东西
39,1218331555,17,i雨师QwQ,2,1565011999409,11,1,张晓敬害死这么多人，还想不明白
39,648018502,28,_121313659,3,1565011992125,1,0,不合理
39,1385434494,25,三十而立tt9521,2,1565011777207,13,0,元载真真是小人
39,1486230149,32,高力房振哥,4,1565011748786,0,0,等更新的不少啊，VIP这么嚣张么[吐舌][吐舌][吐舌]
39,1749158327,8,月影de君水萝卜,2,1565011734986,0,0,||ヽ(*￣▽￣*)ノミ|Ю我来啦等了好几天了
39,1107903902,45,Poliszt,0,1565011717875,5,0,元载这回盒饭也别领了，饿死他！
39,1311199235,10,潘7783100138,2,1565011704559,46,0,剧情不合理 完全是给元载加戏 他怎么可能指挥那么多兵 而且还都听他的
39,1750947806,6,虾米滴君金蝉子,2,1565011683804,0,0,现在有人没
39,1454097776,9,余日华79906,1,1565011677468,0,0,谁护张小敬撤退？
39,462445376,19,未来卍未曾来,2,1565011668220,0,1,纽卡斯尔打卡
39,435216976,31,s冰雪情缘,6,1565011657651,3,0,没有肉了，也何不吃敌军的肉？？？
39,1750947806,6,虾米滴君金蝉子,2,1565011629179,3,0,啰嗦了。其实24集最好。一个时辰一集
39,1037188574,44,江南雨0071478916641508154,0,1565011629031,0,0,支持龙波，好样的
39,770028229,20,高铁上的蒸汽机,2,1565011555976,0,0,闻染让演的？得十亿！
39,544341965,38,samcao8041,4,1565011510704,0,0,这片子有意思，搞到后来都是自家兄弟。
39,846135775,43,汪积庆,6,1565011508704,0,0,龙波和张小敬在一个灯楼里面，这都几集了还没碰面，刚开始一直追剧，后面真的烂尾了，现在是看完亲爱的热爱的后再来看的
39,1468992075,17,白羊凯洛尔,2,1565011433016,0,0,这集看的好憋屈，元载真可恨
39,1488803117,9,敬檀CP后援会,2,1565011412156,0,0,嫌拖沓不想看就趁早别看了，每集都说，你们打字不嫌累，我们看都看烦了！
39,1734274094,10,海绵宝宝离谱儿,2,1565011372136,0,0,怎么前面节奏情节都好的很，到这集就拉了胯呢？
39,1159126037,29,欧巴马123123,5,1565011282603,0,0,闻染一死，能感受到张小敬肝胆俱裂的绝望和痛心，看得好伤心。
39,1022395158,28,八月31644,0,1565011235456,0,0,早点更新完吧，后面越来越墨迹
39,1234657626,31,bigboss2106,6,1565011195662,44,0,张小敬用自己的信仰间接害死了闻染，可叹！人各有志，如果他懂得尊重闻染，她也不会死的这样无辜i
39,1726917657,4,殳的雅琴桑,2,1565011189272,0,0,张小敬
39,625473267,6,_108357846,2,1565011162854,0,0,集数不够，回忆来凑
39,1751365449,3,_剧烈滴1琪琪极度,0,1565011129377,0,0,世界上根本就没有好人有好报之说
39,1461888887,18,521胡小康,2,1565011127195,0,0,看的烦！替张小劲不值
39,1726917657,4,殳的雅琴桑,2,1565011113950,0,0,我爱你💕
39,1735261074,9,酱慌乱极h茄子的,1,1565011092626,0,0,张小敬，接下来，你会怎么选择呢？
39,1385434494,25,三十而立tt9521,2,1565011067826,0,0,你相信的故事就是的选择
39,931384924,100,花白的侠客8,2,1565011064205,4,0,剧情是越来越墨迹，没法追下去了[狂汗]
39,1149725995,32,落魄亲-安杜因w滴,4,1565010967182,0,0,最不喜欢这个闻染，成事不足败事有余
39,734456684,13,arabella0711,4,1565010951001,0,0,元载啥时死啊，早弄死他剧情复杂度减小一半，这个渣渣
39,1213585585,5,v瑶光8,1,1565010948478,0,0,元载厉害啊，各位多学学，受用一生
39,1035462419,31,ljlyzyybh,6,1565010934273,0,0,姓王的女的快点死吧
39,804245553,6,珊瑚57875668,2,1565010872937,38,0,好人难做阿，特别是奋不顾身的好人，身边亲近人为了维护他这都会跟着赔上
39,713915279,48,毋忘在莒丨,6,1565010786333,0,0,话说跪求闻染死时的配乐是啥？？
39,1072056865,16,难江南,2,1565010733471,0,0,张小敬太惨了
39,1427057244,81,小地主39068,3,1565010724274,0,0,愚忠害人害己
39,322616836,45,bobchanlily,6,1565010703353,0,0,山上的朋友，你们好吗？
39,1415748866,100,胡浩然24880,3,1565010682046,0,0,元栽跟苍蝇一样
39,857196707,27,荷泽而渔,6,1565010607626,0,0,闻染猪队友吗？
39,1415748866,100,胡浩然24880,3,1565010603663,0,0,闻染啊
39,1326711955,16,世擎888,4,1565010578345,1,0,导演真会算，就是按照时间1比1来拍的，一集30分钟，48集不就是24小时吗？
39,1441321061,31,荣1判官,4,1565010482250,0,0,闻染不是代表着他们的希望吗？为他们大家看看真正美好的长安。怎么又安排[啊]
39,431448517,22,隔壁家的老年呆,2,1565010432669,1,1,"世人皆有立功心。与小人心，你死我活，你过我工。
"
39,1038006572,33,jiamengjiapeng,6,1565010416091,0,0,演的鸡巴毛
39,1234574288,24,H十分麻利莉达de,6,1565010378908,7,0,张小敬图什么？一直在问自己！就像那帮不相信张小敬只为了长安百姓卖命去破案的人！我也是凡人
39,1227309679,38,小太阳9303,5,1565010335136,3,0,为什么要让闻染死
39,713915279,48,毋忘在莒丨,6,1565010295972,4,0,庆祝闻染死了喝两杯！！！死了才好！！大快人心！！！死的好！
39,344119574,41,tengshao_w,6,1565010273610,3,1,太墨迹啦！！！！！！！！！
39,1037753196,100,小异大同ming,3,1565010198494,16,0,元载这样的人确实容易平步青云
39,1460302824,11,濮君的克莱尔,1,1565010126030,0,0,他们吃的那个像叶子的是什么东西呢？
39,1060906015,100,温顺的坏蛋,0,1565010109135,0,0,为啥39集卡在这
39,712618801,19,Senorieha,2,1565010079999,16,0,元载和王韫秀有毒啊
39,1354809094,14,丹7884633578,3,1565009983323,8,0,闻然还是早早退了吧
39,1361354260,8,张开守,2,1565009951686,182,0,这届观众着实不行，只能接受线性叙事和单线故事，还是要提高一下鉴赏水平
39,1307324338,48,咸0卡梅隆,6,1565009924050,1,0,元载话音刚落，即见到到张小敬，这导演，好戏也砸了
39,789266048,24,y642982,5,1565009905260,0,0,不管怎么样就是好看(｡･ω･｡)ﾉ♡
39,603722285,33,funnyboytan,2,1565009875767,7,2,烂尾了
39,1393161092,11,nali0508,0,1565009868614,4,0,想看李必破案
39,1159126037,29,欧巴马123123,5,1565009855203,0,0,李小敬不会选择龙波，没悬念所以没意思
39,1506459315,36,我呦呦呦呦酷8,5,1565009848964,0,0,这叼真会说话！！！
39,1174749011,20,独孤天下13992,2,1565009807250,4,1,忒他们啰嗦了。其实24集最好。一个时辰一集
39,952319161,34,梦听雨红,5,1565009782883,18,0,我就想知道元载和那女的什么时候死
39,796121919,56,觅弥aiq,6,1565009755011,2,0,时间要到了，你俩有时间在这儿聊！？
39,1754400450,6,稀饭的君美猴王,1,1565009736536,3,0,元载太坏了
39,1334047799,16,蝴蝶48511,2,1565009661825,6,0,张小敬如此固执，闻染必死。
39,1706399666,13,ki-ku,2,1565009612169,0,0,一口气更了五级牛逼
39,846014649,14,杰鲲置业,2,1565009553991,7,0,剧情开始磨叽磨叽了
39,1005535239,41,战争机器de帅酱,5,1565009550611,8,0,滥竽充数了开始，充好几集啊
39,332964390,93,ujhghg254,7,1565009499063,0,0,剧情发展越来越慢
39,1690016852,18,哀愁同学滴克洛宁v,2,1565009480955,1,0,被元载利用的士兵也是猪脑傻逼
39,1350453935,20,akosen,2,1565009452155,4,0,闻染一死，大快人心。
39,725202612,58,囧雪丶,6,1565009427244,11,0,想杀了这元载!
39,1735507080,7,葡萄和葡萄干好吃,2,1565009369732,2,0,他护着的人离开了，这得多难过[惊哭]
39,796121919,56,觅弥aiq,6,1565009349938,1,0,自私！！！！
39,1569277167,11,唯井真寻,2,1565009348116,2,0,王云秀和元载长的好像
39,1600256068,27,z2s7291154701,2,1565009342092,1,0,有西交的小朋友
39,329272912,56,我还想要一个更加长的名字,6,1565009211035,5,0,这剧拍个25集挺好，拍48集太拖了
39,1656487032,19,花开富贵91574,3,1565009210696,0,0,卧槽 加更了
39,1334064856,24,鸿雁竹轩,3,1565009193176,2,0,元载 真是[弱弱]
39,781061194,7,chrimasa,2,1565009192791,1,0,很多很多不合逻辑的地方
39,333878755,37,坏坏5106,6,1565009110151,0,0,一个跳梁小丑，一个呆萌公主。
39,1148746366,29,jiyanbaobao,5,1565009107314,2,0,为了这个女人值得吗？
39,1350751452,24,若歌诗z,4,1565009103489,1,0,怪不得要更五集 怕大家看得要弃了
39,941405831,39,迷人de胖头陀同学,5,1565009089132,0,0,太拖拽了
39,1133991170,18,静6030481359,2,1565009074574,1,0,主演列表为什么要分男女，并且男演员在女演员之前呢？
39,1036369324,21,pupu1271478909729584275,5,1565009049756,0,0,终于更新的爽歪歪 太熬人了
39,1667949892,21,朝宗丶,2,1565008952740,2,0,不退，守，九死无悔。
39,1398151438,10,起个名字好难JPG,1,1565008935188,148,1,24个小时拍了48集确实有点拖沓，但是剧情值得我们追下去，这部剧已经很良心了，近几年的好剧除了琅琊榜就只有长安十二时辰了，人物值得推敲，每个人都是主角，好像这就是大唐。
39,1202374921,27,liuzina8,5,1565008931369,3,0,这俩小人不会活到最后吧，，，气人
39,788978922,28,暴躁的hello_kitty,3,1565008836009,4,0,元载真是。。。
39,681446027,24,_110843220,4,1565008809578,0,0,长安
39,325604929,63,黄金中的银线,6,1565008783173,5,0,元载小人也
39,1030768624,52,好长一根油条,4,1565008779402,11,0,元和王什么时候领盒饭啊。
39,1342407010,10,luyuehen07141990,2,1565008735717,2,0,元载！！！
39,1503091168,11,飘扬的旗帜98672,2,1565008712643,2,0,越看越烂！
39,1205893693,14,康斯坦丝的斯彭德,0,1565008696186,10,0,打开客户端 标题直接给剧透了？哪个鬼才策划有毒吧？
39,1489675151,39,天辉80293,4,1565008673732,0,0,打不开啊[泪]
39,765765003,29,娜娜69818410,0,1565008661184,4,0,要爬多少集 才能上去找小李必啊
39,371342640,62,想不好名字啊,6,1565008659059,4,0,大脸盘子王韫秀
39,1040908241,6,冷玩小猫,4,1565008626825,1,0,妈呀~哭死我了~
39,978027530,26,笑笑执事,4,1565008620450,7,0,我也不懂张小敬，我感觉闻染没错。
39,1037838293,6,樱花君309,1,1565008609071,6,0,李必成长之路真的是被打之路
39,1584247089,10,kiniyumomo,1,1565008557741,0,0,周四还更吗？
39,1255053860,15,vincyo72566,2,1565008517464,10,0,元载为什么还不领盒饭
39,1122059398,33,动画表情39388,4,1565008502322,1,0,这要搞好多集才完[吐舌]
39,324040448,55,爱看电影辉,6,1565008454301,2,0,看着看着已经忘了破案了
39,344538930,46,LFLF李,6,1565008435518,1,0,"打不开
"
39,775068352,27,小草57087217,2,1565008433569,0,0,不是着急去守护长安吗？在这墨迹表露心迹不觉得不合逻辑吗？
39,1162742716,13,lyz920,2,1565008350650,1,0,[呵呵][呵呵][呵呵]
39,1365721111,16,啊啊啊木啊,2,1565008340187,3,0,这集真的是超精彩
39,1049807607,40,翔民91211,4,1565008280267,4,0,快结束吧，后面节奏越来越慢，越来越越拖沓
39,821635470,65,嗜好FF,6,1565008264046,5,0,王蕴秀和那个谁啥时候领盒饭啊
39,1589762638,13,de猪哥哥拉格伦桑,2,1565008185491,2,0,到底几集能爬上去见小李必
39,1039970165,28,单松博是欢谑,3,1565008175028,2,0,什么狗屁九死无悔
39,710511523,10,传送未来,0,1565008172784,38,0,"原本24集,节奏快的像电影一般；强制剪出来个48集,把节奏拖的跟蜗牛一样,坏了口碑。多赚了钱💰。"
39,811331968,20,坦荡君_哈里滴,2,1565008171488,2,0,第一次感觉剧情真的有点拖沓了，看得想睡觉
39,1349800997,17,乐观的马洛,0,1565008145796,4,0,将军的女儿也是没谁le
39,1158144232,49,不行报警吧111,6,1565008143396,0,0,没有了？
39,1741627548,6,斯特de同学风铃,1,1565008098503,0,0,39如果还是回忆，就太辣鸡了
39,771361622,31,toma1900,4,1565008059877,0,0,更新了
39,1100811836,9,震惊的宝石8,2,1565008057738,0,0,终于更勒
39,920141810,62,830101qingshanyuan,6,1565007999548,1,0,来了，来了
39,831245859,25,U公孙诺埃尔,3,1565007996518,1,0,会员的微笑
39,1301214865,5,晴天娃娃39406,6,1565007984647,2,0,看的我哭的
39,1150022626,14,王雅慧29415,5,1565007851514,4,0,突然觉得孤军奋战真的很勇敢
39,1495766145,16,daming6897,2,1565007795351,4,0,王蕴秀来蹭镜头的吧
39,1452445938,10,冀酱的吞噬者,2,1565007779044,1,0,啊啊啊
39,1724758026,6,宇7988609964,2,1565007694382,0,0,怎么发弹幕
39,1466128100,17,维线一生,3,1565007692266,1,0,来了来了来了来了
39,1243103597,33,丽丽73158,5,1565007668679,3,0,看得让人心疼。
39,1724758026,6,宇7988609964,2,1565007664625,1,0,？？？？？？？
39,1190212447,10,交光,2,1565007656606,1,0,来了来了
39,918459270,17,joannejia88,2,1565007589420,0,0,本周四不更了
39,723030176,47,班里的资讯喵,0,1565007560017,6,0,真正的造  反不是这样的，龙波这种只能算阴 谋，堂堂正正的造 反就应该去舉 兵 起 義！
39,540796857,65,suly的家,6,1565007559285,0,0,来了老妹
39,1120822684,15,詹子煜,2,1565007546054,0,0,湖南城市学院打卡
39,1531421735,12,MJ大鲨鱼,2,1565007534638,0,0,来了老弟
39,1392921610,34,Lafite2019,5,1565007480162,0,0,居然更新五集[吐舌]
39,1036963319,33,xiaozhanming1478915321105513,5,1565007472366,0,0,前二十集以后就变得过来了，不够紧凑三十集刚好
39,1037372562,35,气死我了个去,5,1565007464379,1,0,为啥打不开？一直在缓冲？求解？
39,1047902823,26,jb13382408787,5,1565007402746,0,0,88
39,1690016852,18,哀愁同学滴克洛宁v,2,1565007349768,0,0,黄花菜都凉了
39,1690016852,18,哀愁同学滴克洛宁v,2,1565007334322,1,0,等的花都谢了
39,1218997079,49,侯三迷,5,1565007325640,2,0,更想看原来导演拍摄时的的60集版本了。
39,383004824,100,时生-M纪实影像,6,1565007313761,0,0,来了来了哈哈哈
39,1690016852,18,哀愁同学滴克洛宁v,2,1565007311479,0,0,今天晚上会员5集福利啊
39,343780269,62,一座城池21883376,6,1565007227239,0,0,拍的真好
39,455769024,67,再也会不来的佳伟,6,1565007198294,10,0,我就想问一句，王云秀什么时候死
39,1686476916,7,满天X星光,0,1565007168307,0,0,这这这，还是不能直接看到大结局啊，我的会员8号就到期了呜呜呜呜呜
39,1544028426,24,莽撞de乔纳森桑,4,1565007127683,1,0,终于等到五更！[钱][怒][太开心]
39,550483771,2,叉烧包包子,4,1565007122214,2,0,看哭了第八团
39,1059801596,3,旧人不覆_1934,6,1565007116788,4,0,闻染这就没了？[狂汗][狂汗]
39,727396588,8,杨婷0118,3,1565007060366,0,0,耶耶耶耶耶
39,986282495,17,陈永jie899,0,1565007051383,0,0,来了
39,1215977168,40,秦时明月be,3,1565007024460,0,0,占楼
39,744493151,23,鱼宝caicai,4,1565007016351,2,0,来了，更了五集终于够看了
39,1177413225,19,yht9048,2,1565006983621,33,1,其实，没人质疑一个问题吗？他们在这个风息堡坚守的目的是什么？接到的命令是巡逻，而且这个小据点也没什么战略价值， 这个太bug了
39,1144351776,31,你那么想他不痛37196,4,1565006976868,0,0,都是VIP，说话嚣张点
39,359366651,32,mmlovero,6,1565006942049,1,0,合肥报到
39,1325428569,12,M明朗的晓巧,3,1565006901906,0,0,"看不了啊...
"
39,1253732711,100,实凡my,2,1565006849267,0,0,请问谁知道一共多少集？
39,1339239132,6,天街暮色,4,1565006826038,7,0,多少人守着等的这五更。
39,1555910636,13,厘米48186,2,1565006811081,0,0,39看不了？
39,1561426917,100,F蓝胖子,3,1565006775317,2,0,来了来了
39,1084613622,17,云朔灬灬灬,3,1565006759090,0,0,周一围浑身散发着荷尔蒙啊啊啊啊啊啊啊啊啊啊啊
39,1336229253,28,wushuai3311,3,1565006747240,1,0,剩下的五集什么时候更
39,1124875512,96,好玩de休斯敦H,2,1565006736140,0,0,总共多少集？
39,1139202789,17,执着爱倔强,2,1565006727542,6,1,剧情越来越拖沓了，1.5倍速才合适啊
39,1070114039,29,2兔酱Cecilia,3,1565006705249,6,0,今晚5集 幸福太突然
39,1730472596,10,w彬彬有礼滴_贝拉米十分,0,1565006650641,3,0,真的是好久没见过这样的剧了
39,1086201794,35,小坑鱼1483969413534821,5,1565006614268,0,0,打卡
39,817181087,35,帅到没人爱-等你来揍我,6,1565006609080,0,0,来了来了
39,337475461,39,﹌残缺、百转千回的流2B886,5,1565006606373,1,0,来了，他来了
39,1226799050,100,猪yu薇,5,1565006581945,0,0,来了
39,1437038069,14,易烊千玺易烊千玺工作室,2,1565006578327,0,0,哈哈，来了来了
39,1424489969,16,diamond65769,4,1565006539750,1,0,闻染这就？
39,550483771,2,叉烧包包子,4,1565006518787,0,0,来来来了我来了
39,1344422641,18,推倒小仙女,2,1565006515216,0,0,来了
39,387378961,100,冰丷喵喵,6,1565006512549,1,0,11
39,1050957228,35,wazzforever05,6,1565006498741,0,0,1
39,1038131178,17,仰天大笑出门去83667905,2,1565006488384,0,0,来啦老弟
39,418197421,33,清辞Q-,3,1565006483747,0,0,来了来了
39,765842902,22,i梅赛德斯i,0,1565006473105,0,0,我怎么还看不了
39,1068502710,100,我爱终成碍,4,1565006453454,0,0,哇咔咔，改一次更新五集了，好爽呀
39,1610953741,3,朦胧a极莱昂纳多de,2,1565006435414,0,0,来了
39,1526320725,100,佚名55095,3,1565006404137,1,0,搬凳看剧[茶杯]
39,1710564029,9,君贵重越发u特里维康de,2,1565006402516,0,0,前排
39,723030176,47,班里的资讯喵,0,1565006363954,7,0,很多演员都是《九州海上牧云记》的原班人马，包括龙波、檀棋、姚汝能、徐宾、何孚、崔器等，都是曹 导拍的，可见从牧云记到长安，曹 导拍这类电视剧有了很大进步！
39,734456684,13,arabella0711,4,1565006344646,0,0,提前更新啦
39,1221990616,29,Bossw王蓉蓉,3,1565006329392,4,0,为十二时辰连充会员不亏[大拇指][大拇指][大拇指]
39,1311185602,7,张家驰37528,5,1565006301764,1,0,磊了磊了
39,1231714257,27,冰糖雪梨lyw,2,1565006270585,0,0,可以看了
39,1221990616,29,Bossw王蓉蓉,3,1565006262494,2,0,早更真好[真棒]
39,1560911723,41,tb61651117,2,1565006259204,0,0,啊啊啊啊可以看啦
39,805731838,7,运气咯,4,1565006247179,17,1,还是感觉剧情拖拉了。回忆与现实切换太过频繁。电视剧就有点多余了。
39,1571167706,20,你是猪嘛52322,3,1565006220624,1,0,来了 来了
39,566791472,52,迷失夜空城,6,1565006216921,1,0,来了[勉强][勉强][勉强]五集连看爽[花心][花心][花心][太阳][太阳][太阳][爱心][爱心][爱心]
39,1713225883,10,de特希望猎手酱,2,1565006208170,0,0,长安
39,1418581546,18,党h奥利弗,4,1565006185244,0,0,开始了，五级
39,381006738,41,niniguan,6,1565006176651,0,0,前排
39,710099626,56,youfullfun,7,1565006123621,3,0,喜欢这样的不准时
39,1579162641,71,滴姬玛_不错酱,4,1565006123296,1,0,就喜欢不守时
39,723030176,47,班里的资讯喵,0,1565006118895,1,0,下星期一也是5集吗？
39,1559425368,43,快乐的阳光心13,4,1565006090387,1,0,等到了，5集
39,1743949244,8,侥幸桃乐斯过于滴Y,2,1565006085881,0,0,啦啦啦更新啦！
39,1506556202,23,royalqueen21,2,1565006062931,1,0,不是八点开始，我的表慢了[黑线]
39,407772968,23,老年观影团,2,1565006054901,0,0,抢个先
39,1111325360,100,柠檬大象宝宝,6,1565006040989,1,0,来了
39,1563849403,19,实在的还在,3,1565006022918,0,0,赶上了更新的时候
39,961032612,7,显示陌生人cmm,6,1565006019079,0,0,来了来了来了
39,1502109981,91,eee耳朵,1,1565006018454,0,0,沙发沙发～
39,1607264061,12,刘高鹏71435,2,1565006015120,0,0,来啦来啦，他真的来啦
39,710405929,65,PuddingPanda,6,1565006012138,0,0,你们好快啊
39,1124876147,18,泽日甜甜看,1,1565006007837,0,0,开心哈哈哈 
39,1240082235,8,你好瑞姑娘,2,1565006001338,0,0,提前了，好好
39,1746620610,5,优酷用户1564203657090288,1,1565005981787,0,0,"前排

"
39,1124876147,18,泽日甜甜看,1,1565005970590,0,0,"爱死了
"
39,360939101,56,解放西吴彦祖,6,1565005967012,0,0,二号沙发
39,1094951040,24,彦硕1485044743809769,4,1565005964030,0,0,第一
39,1124876147,18,泽日甜甜看,1,1565005964017,0,0,哇 不按时更新
39,903223899,29,潘红举73164241,2,1565005963467,0,0,前排
39,1189487807,13,大脸可还好,3,1565005957636,0,0,哈哈，提前了
39,1213057314,25,ruili23507,5,1565005951521,0,0,来了来了，看李必小哥哥
39,911293947,9,年轻人89889,2,1565005947055,0,0,"第一
"
39,360793835,39,生命不是梦,3,1565005945159,0,0,你们真是魔鬼
39,1438129050,100,-温文尔雅的小熊饼干,0,1565005936087,0,0,好早呀[真棒][真棒][真棒]
39,1123425620,100,纳喊狠痛,5,1565005921453,0,0,第一哈哈哈
39,1633616443,13,恭敬酱w滴罗兰越发,2,1565005919372,0,0,来了
39,381736475,26,liweihulala,3,1565005918996,0,0,还没有二十点哦[太开心][太开心][太开心][太开心][太开心][太开心][太开心][太开心][太开心][太开心][太开心][太开心][太开心][太开心][太开心][太开心]
39,713495166,15,kkalary,0,1565005916885,0,0,第一
39,1177773596,29,一曲梦荒年,6,1565005912028,0,0,喜欢你的不准时
39,716066011,25,奔跑吧丶大神,6,1565005902931,0,0,居然抢到了首发
39,1174338793,21,神经兮兮_63,2,1565005891056,0,0,第一
39,716066011,25,奔跑吧丶大神,6,1565005889234,0,0,来了来了
39,1467912548,84,1灰常乐于助人曼易de,0,1565005872633,0,0,111
39,478685431,100,呱唧呱唧呱ciel,5,1565005871218,0,0,第一？这次提前好多
39,418373316,14,贝备123,2,1565005853626,0,0,来了来了沙发
