rank,revenues,industry,hqCountry,title
319,11384.60,Commercial Banks,Brazil,Banco Do Brasil
320,11381.40,"Publishing, Printing",Japan,"Toppan Printing Co., Ltd."
310,11589.70,Metals,Japan,Mitsubishi Materials Corporation
311,11571.80,Motor Vehicles and Parts,South Korea,Hyundai Motor
313,11564.60,Metals,Japan,Kawasaki Steel Corporation
314,11521.00,"Electronics, Electrical Equip.",U.S.,Intel Corporation
315,11506.00,Telecommunications,U.S.,US West Inc.
316,11505.60,Commercial Banks,Japan,"The Daiwa Bank, Ltd."
317,11417.30,Food and Drug Stores,Germany,Asko Deutsches Kaufhaus Aktien.
318,11399.10,Petroleum Refining,Belgium,Petrofina
305,11683.60,Food,Japan,"Snow Brand Milk Products Co., Ltd."
306,11626.30,Chemicals,Japan,"Asahi Chemical Industry Co., Ltd."
307,11618.50,Telecommunications,U.S.,SBC Communications Inc.
308,11613.30,Airlines,Germany,Deutsche Lufthansa Group
309,11611.10,Pharmaceuticals,Switzerland,Sandoz
336,11106.70,Motor Vehicles and Parts,Japan,Fuji Heavy Industries Ltd.
337,11089.60,General Merchandisers,Australia,Coles Myer
338,11087.00,Airlines,France,Groupe Air France
339,11082.20,Food and Drug Stores,U.S.,"Winn-Dixie Stores, Inc."
328,11247.10,x Insurance stock,Britain,Commercial Union PLC
329,11217.60,Beverages,Britain,Grand Metropolitan
330,11204.70,"Electronics, Electrical Equip.",U.S.,Rockwell International Corporation
331,11187.00,Commercial Banks,U.S.,Chase Manhattan Corporation
332,11183.10,x Insurance mutual,U.S.,Nationwide Insurance Enterprise
333,11165.20,Airlines,Britain,British Airways
334,11143.20,Trading,Japan,"Sumikin Bussan Kaisha, Ltd."
335,11132.00,zMiscellaneous,U.S.,Columbia/HCA Healthcare Corp.
321,11374.40,Food,U.S.,Archer Daniels Midland Company
322,11354.30,Commercial Banks,Switzerland,Swiss Bank Corp.
323,11325.80,x Insurance stock,Netherlands,Aegon NV
324,11285.60,Specialty Retailers,U.S.,Melville Corporation
325,11275.30,Metal Products,Japan,"Sumitomo Electric Industries, Ltd."
326,11271.10,Commercial Banks,Japan,The Mitsubishi Trust &amp; Banking Corp.
327,11268.10,Food and Drug Stores,France,Groupe Casino
349,10866.00,"Computers, Office Equipment",U.S.,Compaq Computer Corporation
350,10830.00,Commercial Banks,France,Banque Nationale de Paris
340,11001.20,Railroads,Japan,"West Japan Railway Company, Ltd."
341,10991.60,Commercial Banks,Netherlands,Rabobank Group
343,10985.80,Utilities: Gas and Electric,South Korea,Korea Electric Power Corporation
344,10959.10,Aerospace,Britain,British Aerospace
345,10942.50,Wholesalers,U.S.,SYSCO Corporation
346,10930.70,"Electronics, Electrical Equip.",Sweden,L.M. Ericsson
347,10915.10,"Publishing, Printing",Germany,Bertelsmann A.G.
348,10911.90,Railroads,Japan,Central Japan Railway Company
361,10447.40,Utilities: Gas and Electric,U.S.,Pacific Gas &amp; Electric Company
362,10398.00,Forest and Paper Products,U.S.,Weyerhaeuser Company
363,10391.50,Metals,U.S.,Alcoa
364,10389.20,x Insurance mutual,Switzerland,Swiss Life Insurance &amp; Pension Co
365,10386.90,Commercial Banks,Italy,Banca Commerciale Italiana
367,10332.00,Food and Drug Stores,U.S.,"The Great Atlantic &amp; Pacific Tea Company, Inc."
368,10315.00,"Electronics, Electrical Equip.",U.S.,"Texas Instruments, Inc."
369,10311.30,Commercial Banks,Italy,Banca Nazionale del Lavoro SPA
353,10760.50,Motor Vehicles and Parts,Germany,Man
354,10588.80,General Merchandisers,Britain,Marks &amp; Spencer PLC
355,10561.90,Commercial Banks,Japan,The Mitsui Trust &amp; Banking Company Limited.
356,10550.80,x Insurance mutual,U.S.,Teachers Insurance &amp; Annuity Association of America
357,10514.80,Commercial Banks,Britain,Lloyds Bank
358,10488.30,Specialty Retailers,Germany,Otto Versand Group
359,10471.90,Trading,Japan,"Nittetsu Shoji Co., Ltd."
360,10453.30,Utilities: Gas and Electric,Japan,"The Chugoku Electric Power Co., Ltd."
351,10790.20,Pharmaceuticals,Switzerland,Roche Holding Ltd.
352,10776.10,zMiscellaneous,Japan,"Kawasaki Heavy Industries, Ltd."
381,10097.30,zMiscellaneous,U.S.,"WMX Technologies, Inc."
382,10090.00,"Electronics, Electrical Equip.",France,Schneider SA
383,10055.10,zMiscellaneous,U.S.,Walt Disney
384,10051.70,Telecommunications,Netherlands,"Royal Ptt Nederland, NV"
386,10012.90,"Electronics, Electrical Equip.",U.S.,Raytheon Company
387,10012.70,Petroleum Refining,U.S.,The Coastal Corporation
388,9958.30,Forest and Paper Products,Japan,"Nippon Paper Industries Co., Ltd."
372,10274.50,"Scientific,Photographic and Control Equipment",Japan,"Fuji Photo Film Co., Ltd."
373,10271.30,"Computers, Office Equipment",Japan,"Ricoh Co., Ltd."
374,10258.90,Commercial Banks,Germany,Bayerische Landesbank
375,10236.30,"Electronics, Electrical Equip.",Japan,"Matsushita Electric Works, Ltd."
376,10227.50,Commercial Banks,Germany,Deutsche Genossenschaftsbank A.G.
377,10207.60,Industrial and Farm Equipment,Japan,Kubota Corporation
378,10188.80,Telecommunications,Switzerland,PTT Suisses
379,10115.30,General Merchandisers,Japan,Mitsukoshi Ltd.
380,10113.80,Chemicals,Norway,Norsk Hydro
370,10300.50,Industrial and Farm Equipment,Japan,"Ishikawajima-Harima HeavyIndustries Co., Ltd."
371,10298.20,"Engineering, Construction",Japan,"Sekisui Chemical Co., Ltd."
394,9630.90,Commercial Banks,Spain,Banco De Santander
395,9615.00,Food,Japan,Maruha Corporation
396,9608.00,Railroads,U.S.,CSX Corporation
397,9581.40,x Insurance mutual,U.S.,Northwestern Mutual Life Insurance Company
398,9573.90,Chemicals,Japan,"Sumitomo Chemical Co., Ltd."
399,9569.40,x Insurance mutual,Japan,Fukoku Mutual Life Insurance Co.
400,9558.80,Food and Drug Stores,Hong Kong,Jardine Matheson Ltd.
389,9946.40,Pharmaceuticals,Britain,Smithkline Beecham
390,9899.00,Commercial Banks,Canada,Royal Bank of Canada
391,9873.70,Aerospace,U.S.,Martin Marietta
392,9871.80,"Engineering, Construction",Japan,"Daiwa House Industry Co., Ltd."
393,9683.00,Aerospace,U.S.,"Textron, Inc."
302,11758.60,Commercial Banks,Japan,"The Sumitomo Trust &amp; Banking Co.,Ltd."
303,11736.90,Metals,Australia,Broken Hill Proprietary
304,11711.60,Petroleum Refining,Japan,Showa Shell Sekiyu K.K.
301,11793.50,Telecommunications,Spain,
200,15593.00,Diversified Financials,U.S.,American Express Company
199,15608.40,Rubber and Plastic Products,Japan,Bridgestone Corporation
198,15624.10,Food and Drug Stores,Britain,Tesco PLC
197,15626.60,Food and Drug Stores,U.S.,"Safeway, Inc."
196,15682.00,Petroleum Refining,U.S.,Atlantic Richfield Company
195,15722.00,"Mining, Crude-Oil Production",Germany,Ruhrkohle Aktiengesellschaft
194,15734.00,Pharmaceuticals,U.S.,Johnson &amp; Johnson
193,15753.50,Wholesalers,U.S.,"Fleming Companies, Inc."
191,15865.00,"Electronics, Electrical Equip.",Canada,BCE Inc.
192,15820.70,x Insurance mutual,Japan,The Taiyo Mutual Life Insurance Co.
190,15928.10,Food and Drug Stores,Netherlands,Koninklijke Ahold NV
188,16131.80,Chemicals,Switzerland,Ciba-Geigy
189,15939.80,Trading,South Korea,Hyundai Corp.
187,16137.00,Airlines,U.S.,AMR Corporation
186,16172.00,Beverages,U.S.,The Coca-Cola Company
185,16284.50,"Electronics, Electrical Equip.",Japan,Sharp Corporation
184,16416.80,x Insurance stock,France,Assurances Generales de France
182,16480.60,Specialty Retailers,U.S.,"Price/Costco, Inc."
183,16441.90,"Electronics, Electrical Equip.",Japan,"Sanyo Electric Co., Ltd."
181,16531.00,Commercial Banks,U.S.,BankAmerica Corporation
180,16563.80,Wholesalers,U.S.,"Supervalu, Inc."
178,16799.00,Petroleum Refining,U.S.,USX
179,16598.80,Trading,Japan,Toyota Tsusho Corporation
177,16844.50,Telecommunications,U.S.,BellSouth Corporation
176,16862.00,"Scientific,Photographic and Control Equipment",U.S.,Eastman Kodak Company
174,16985.40,"Mail, Package, and Freight Delivery",Japan,"Nippon Express Co., Ltd."
175,16961.10,Tobacco,Japan,Japan Tobacco Inc.
173,16988.60,Commercial Banks,Japan,"The Bank of Tokyo, Ltd."
170,17321.00,Commercial Banks,Germany,Dresdner Bank
172,17113.70,x Insurance stock,Switzerland,Swiss Reinsurance Company
167,17524.70,x Insurance stock,U.S.,Aetna Life &amp; Casualty Co.
168,17385.60,Commercial Banks,Germany,Westdeutsche Landesbank Girozentrale
166,17547.40,x Insurance stock,Japan,"The Tokio Marine &amp; Fire Insurance Co., Ltd."
165,17633.60,"Mail, Package, and Freight Delivery",Germany,Deutsche Post AG
163,17716.90,Petroleum Refining,Spain,Repsol
164,17668.00,Food and Drug Stores,Britain,J. Sainsbury plc
162,17820.50,Trading,South Korea,Ssangyong Business Group
161,17837.00,"Scientific,Photographic and Control Equipment",U.S.,Xerox Corporation
159,18140.60,Metals,Japan,NKK Corporation
160,17853.50,Trading,Germany,Viag
157,18174.60,"Mail, Package, and Freight Delivery",Japan,Japan Postal Service
158,18148.20,x Insurance stock,Switzerland,Winterthur Gruppe
156,18196.50,Petroleum Refining,South Korea,Sunkyong
154,18236.60,x Insurance stock,Britain,Prudential Corp. PLC
155,18233.10,X Brokerage,U.S.,"Merrill Lynch &amp; Company, Inc."
153,18355.10,Food and Drug Stores,U.S.,American Stores Company
152,18392.00,x Insurance stock,U.S.,Cigna Corporation
150,18572.40,Diversified Financials,U.S.,Federal National Mortgage Association
151,18465.00,x Insurance stock,U.S.,The Travelers Inc.
149,18741.90,Industrial and Farm Equipment,Germany,Mannesmann
147,19126.30,"Engineering, Construction",France,Lyonnaise des Eaux
148,18918.00,"Computers, Office Equipment",Japan,Canon Inc.
146,19306.30,x Insurance stock,Belgium/Netherlands,Fortis NV
142,19586.20,Diversified Financials,France,Compagnie De Suez
143,19575.70,"Mail, Package, and Freight Delivery",U.S.,"United Parcel Service of America, Inc."
140,19944.30,Telecommunications,U.S.,GTE Corporation
141,19903.90,Food and Drug Stores,Japan,"Jusco Co., Ltd."
139,20008.60,Railroads,Germany,Deutsche Bahn
136,20058.20,Commercial Banks,Britain,National Westminster Bank
137,20031.50,Commercial Banks,Switzerland,CS Holding
138,20015.00,Chemicals,U.S.,The Dow Chemical Company
134,20204.00,Motor Vehicles and Parts,Sweden,Volvo AB
135,20116.30,"Engineering, Construction",Japan,Taisei Corporation
132,20339.90,Industrial and Farm Equipment,Spain,INI (Instituto Nacional de Industria)
133,20205.30,Commercial Banks,Britain,Barclays Bank
131,20523.20,Utilities: Gas and Electric,Japan,"Chubu Electric Power Co., Inc."
129,20961.70,"Engineering, Construction",Japan,Shimizu Corporation
130,20764.90,x Insurance stock,Italy,Assicurazioni Generali
128,21045.30,"Engineering, Construction",Japan,Kajima Corporation
126,21146.00,Commercial Banks,Britain,Hsbc Holdings
127,21082.00,General Merchandisers,U.S.,"J.C. Penney Company, Inc."
125,21197.00,Aerospace,U.S.,United Technologies Corporation
123,21257.80,Motor Vehicles and Parts,Germany,Robert Bosch
124,21216.00,Commercial Banks,Japan,The Norinchukin Bank
121,21545.60,Commercial Banks,Netherlands,ABN-AMRO Holding N.V.
122,21311.00,General Merchandisers,U.S.,Dayton Hudson Corporation
120,21613.30,Telecommunications,Britain,British Telecommunications PLC
118,21740.80,x Insurance stock,Switzerland,Zurich Insurance Co. Group
119,21738.80,x Insurance mutual,Japan,Mitsui Mutual Life Insurance Co.
117,21840.30,Utilities: Gas and Electric,Italy,Enel S.P.A.
115,21988.30,Petroleum Refining,Japan,"Nippon Oil Co., Ltd."
116,21924.00,Aerospace,U.S.,The Boeing Company
113,22157.00,Petroleum Refining,Venezuela,PDVSA
114,22094.40,Tobacco,Britain,B.A.T. Industries
112,22188.80,Motor Vehicles and Parts,Japan,Mazda Motor Corporation
111,22219.30,Metals,Germany,Thyssen
110,22245.00,"Electronics, Electrical Equip.",U.S.,"Motorola, Inc."
109,22257.90,x Insurance mutual,U.S.,Metropolitan Life Insurance Co.
108,22385.70,x Insurance stock,U.S.,"American International Group,Inc."
107,22426.10,x Insurance stock,France,Axa
106,22663.80,x Insurance mutual,Japan,The Yasuda Mutual Life Insurance Co.
104,23512.20,Food,U.S.,"ConAgra, Inc."
105,22959.10,Food and Drug Stores,U.S.,The Kroger Company
103,23667.80,x Insurance stock,France,Gan
101,24573.00,Specialty Retailers,France,Carrefour
102,23767.00,Diversified Financials,U.S.,ITT Corporation
494,7978.60,Beverages,Japan,Suntory Ltd.
495,7944.50,Motor Vehicles and Parts,Japan,"Aisin Seiki Co., Ltd."
496,7919.20,Specialty Retailers,Germany,Quelle Group
497,7868.70,Food and Drug Stores,Germany,SPAR Handels AG
498,7857.10,Commercial Banks,U.S.,Banc One Corporation
499,7849.50,Forest and Paper Products,Japan,"New Oji Paper Co., Ltd."
500,7843.80,Metal Products,Japan,"Toyo Seikan Kaisha, Ltd."
479,8263.20,Commercial Banks,Canada,Canadian Imperial Bank of Commerce
480,8259.50,Savings Institutions,Britain,Halifax Building Society
481,8235.70,Petroleum Refining,India,Indian Oil
483,8174.30,Motor Vehicles and Parts,Japan,"Daihatsu Motor Co., Ltd."
484,8140.00,Railroads,U.S.,Union Pacific Corporation
485,8137.70,Beverages,Britain,Allied Domecq PLC
486,8104.00,"Electronics, Electrical Equip.",U.S.,Whirlpool Corporation
487,8055.70,Commercial Banks,Italy,Monte Dei Paschi Di Siena
488,8040.00,"Publishing, Printing",Australia,News Corp.
489,8035.90,Utilities: Gas and Electric,Taiwan,Taiwan Power Company
490,8020.60,"Soaps, Cosmetics",Japan,Kao Corporation
491,8006.70,x Insurance mutual,U.S.,The Principal Mutual Life Insurance Company
492,7996.10,Wholesalers,U.S.,Alco Standard
493,7985.40,Telecommunications,Britain,Cable and Wireless PLC
462,8458.70,x Insurance stock,Britain,Royal Insurance Holdings
463,8445.10,x Insurance stock,Japan,"Nippon Dantai Life Insurance Co., Ltd."
464,8441.50,Tobacco,U.S.,American Brands
465,8426.80,Commercial Banks,Belgium,Generale Bank
466,8415.00,zMiscellaneous,U.S.,Marriott International
467,8405.00,Commercial Banks,Spain,Banco Central HispanoAmericano
468,8354.50,Commercial Banks,Japan,The Shoko Chukin Bank
469,8345.00,Utilities: Gas and Electric,U.S.,SCE Corporation
470,8344.70,Food and Drug Stores,France,Groupe Docks De France S.A.
471,8325.00,Metal Products,Canada,Alcan Aluminium
473,8315.90,General Merchandisers,U.S.,"Federated Department Stores, Inc."
474,8309.10,Trading,Japan,Toshoku Ltd.
475,8297.00,Utilities: Gas and Electric,U.S.,The Southern Company
476,8293.00,Specialty Retailers,U.S.,Woolworth Corporation
477,8281.30,Pharmaceuticals,U.S.,"Pfizer, Inc."
478,8272.00,Chemicals,U.S.,Monsanto Company
444,8735.20,Shipping,Japan,Nippon Yusen Kabushiki Kaisha
445,8674.40,"Soaps, Cosmetics",Germany,Henkel
446,8662.60,Food and Drug Stores,Japan,"Uny Co., Ltd."
447,8655.50,Telecommunications,Mexico,"Tel_fonos De M_xico, S.A. de C.V."
448,8620.40,"Electronics, Electrical Equip.",Japan,"Fuji Electric Co., Ltd."
449,8607.20,"Electronics, Electrical Equip.",U.S.,Emerson Electric Company
450,8591.00,Metals,Germany,Degussa A.G.
452,8556.30,"Engineering, Construction",U.S.,Fluor Corporation
453,8553.50,Chemicals,Japan,"Dainippon Ink &amp; Chemicals, Inc."
454,8540.40,Petroleum Refining,Japan,"Mitsubishi Oil Co., Ltd."
455,8516.90,Food,U.S.,"General Mills, Inc."
456,8511.50,Petroleum Refining,Taiwan,Chinese Petroleum Corp.
457,8506.90,x Insurance stock,Japan,"The Sumitomo Marine &amp; Fire Insurance Co., Ltd."
458,8498.20,Utilities: Gas and Electric,France,Gaz de France S.A.
459,8480.30,x Insurance mutual,Japan,Daihyaku Mutual Life Insurance Co.
460,8479.50,"Mail, Package, and Freight Delivery",U.S.,Federal Express Corporation
461,8465.80,Pharmaceuticals,Britain,"Glaxo Wellcome, PLC"
433,9045.70,Food and Drug Stores,Britain,Argyll Group PLC
434,9029.80,Industrial and Farm Equipment,U.S.,Deere &amp; Company
435,9019.90,Beverages,Japan,"Kirin Brewery Co., Ltd."
436,9006.70,Commercial Banks,Spain,Banco Bilbao Vizcaya
437,8985.50,x Insurance mutual,U.S.,Liberty Mutual Insurance Group
438,8983.70,zMiscellaneous,U.S.,Enron Corp.
439,8966.20,Pharmaceuticals,U.S.,American Home Products Corporation
440,8946.20,Aerospace,France,A_rospatiale
441,8772.80,Savings Institutions,Britain,Abbey National PLC
443,8742.50,Food and Drug Stores,U.S.,"Publix Super Markets, Inc."
431,9065.30,zMiscellaneous,Japan,"Toray Industries, Inc."
432,9064.10,Metals,South Korea,Pohang Iron &amp; Steel Co. Ltd.
416,9250.60,Industrial and Farm Equipment,Japan,Komatsu Ltd.
417,9235.00,Food and Drug Stores,U.S.,Walgreen Co.
418,9219.90,Utilities: Gas and Electric,Japan,"Tokyo Gas Co., Ltd."
419,9208.00,"Electronics, Electrical Equip.",U.S.,Westinghouse Electric Corporation
420,9203.60,Airlines,Japan,"All Nippon Airways Co., Ltd."
421,9190.00,X Brokerage,U.S.,Lehman Brothers Holdings Inc.
422,9188.70,"Computers, Office Equipment",U.S.,"Apple Computer, Inc."
423,9176.70,Shipping,Britain,Peninsular &amp; Oriental Steam Navigation Company
424,9173.90,Chemicals,France,CEA-Industrie
425,9156.00,Pharmaceuticals,U.S.,Abbott Laboratories
426,9144.40,"Mail, Package, and Freight Delivery",Britain,British Post Office
427,9142.90,Airlines,U.S.,"Northwest Airlines, Inc."
428,9131.30,Utilities: Gas and Electric,Belgium,Tractebel SA
429,9089.90,"Electronics, Electrical Equip.",Britain,GEC (General Electric Co.)
430,9087.00,Motor Vehicles and Parts,U.S.,"TRW, Inc."
402,9545.40,x Insurance stock,Britain,General Accident
403,9519.00,Food and Drug Stores,Canada,George Weston Ltd.
404,9505.30,Petroleum Refining,U.S.,"Ashland, Inc."
405,9500.90,Trading,Finland,Neste
406,9494.00,Telecommunications,U.S.,Pacific Telesis Group
407,9481.20,Wholesalers,Germany,Edeka Zentrale
408,9416.00,Chemicals,U.S.,Occidental Petroleum Corporation
409,9376.00,Diversified Financials,U.S.,Morgan Stanley Group Inc.
410,9348.20,General Merchandisers,Britain,Inchcape PLC
411,9330.80,"Engineering, Construction",Japan,"Kumagai Gumi Co., Ltd."
412,9324.00,"Scientific,Photographic and Control Equipment",U.S.,"Baxter International, Inc."
413,9308.40,x Insurance mutual,Britain,Standard Life Assurance Co.
414,9302.50,x Insurance stock,Japan,"Mitsui Marine &amp; Fire Insurance Co., Ltd."
415,9285.80,Railroads,Japan,"Kinki Nippon Railway Co., Ltd."
296,11915.00,Commercial Banks,U.S.,J.P. Morgan &amp; Co. Incorporated
298,11852.50,"Mining, Crude-Oil Production",Norway,Den Norske Stats Oljeselskap AS
299,11806.00,General Merchandisers,Japan,"Takashimaya Co., Ltd."
300,11799.10,Food and Drug Stores,Switzerland,Migros
401,9554.90,Commercial Banks,Italy,Cariplo
283,12288.20,Rubber and Plastic Products,U.S.,The Goodyear Tire &amp; Rubber Company
284,12241.40,Petroleum Refining,Japan,"Cosmo Oil Co., Ltd."
285,12223.00,General Merchandisers,U.S.,The May Department Stores Company
286,12206.90,Chemicals,Netherlands,Akzo Nobel
287,12174.40,x Insurance stock,Japan,"The Kyoei Life Insurance Co., Ltd."
288,12158.40,Wholesalers,Germany,Franz Haniel &amp; Cie.GmbH
289,12142.50,"Building Materials, Glass",Japan,"Asahi Glass Co., Ltd."
290,12120.30,Rubber and Plastic Products,France,Co. Generale Michelin
291,12075.40,Food,U.S.,"IBP, Inc."
292,12066.60,x Insurance mutual,U.S.,New York Life Insurance Company
293,12053.80,Beverages,U.S.,"Anheuser-Busch Companies, Inc."
294,12008.10,"Publishing, Printing",Japan,"Dai Nippon Printing Co., Ltd."
295,11983.60,Pharmaceuticals,U.S.,Bristol-Myers Squibb Company
268,12738.00,Forest and Paper Products,U.S.,Georgia-Pacific Corporation
269,12685.00,Commercial Banks,U.S.,Chemical Banking Corporation
270,12667.10,Motor Vehicles and Parts,Japan,Suzuki Motor Corporation
271,12661.80,Telecommunications,U.S.,Sprint Corporation
272,12569.50,Telecommunications,U.S.,Ameritech Corporation
273,12569.20,Metals,Germany,Fried. Krupp
274,12504.70,zMiscellaneous,Japan,"Mitsui Fudosan Co., Ltd."
275,12476.70,Specialty Retailers,U.S.,"The Home Depot, Inc."
276,12464.70,Commercial Banks,Germany,Bayerische Hypotheken- und Wechsel-Bank AG
277,12389.70,"Engineering, Construction",Japan,"Sekisui House, Ltd."
278,12380.20,x Insurance mutual,Japan,Toho Mutual Life Insurance Company
279,12367.30,Metals,Germany,Metallgesellschaft A.G.
280,12367.00,Petroleum Refining,U.S.,Phillips Petroleum Company
281,12359.00,Airlines,U.S.,"Delta Air Lines, Inc."
282,12306.70,zMiscellaneous,Japan,Dentsu Inc.
252,13385.10,Metals,Japan,"Sumitomo Metal Industries, Ltd."
253,13338.00,Telecommunications,U.S.,MCI Communications Corporation
254,13306.60,Telecommunications,U.S.,NYNEX Corporation
255,13224.20,"Building Materials, Glass",Britain,Hanson
256,13222.00,Industrial and Farm Equipment,U.S.,"Tenneco, Inc."
258,13216.20,Commercial Banks,Japan,"The Nippon Credit Bank , Ltd."
259,13189.10,Wholesalers,U.S.,McKesson Corporation
260,13176.00,Aerospace,U.S.,McDonnell Douglas Corporation
261,13130.00,Aerospace,U.S.,Lockheed Corporation
262,13126.00,Commercial Banks,U.S.,NationsBank Corporation
263,13038.80,Commercial Banks,Japan,"The Asahi Bank, Ltd."
264,12907.10,Metal Products,France,Pechiney
265,12818.80,x Insurance stock,Japan,"The Yasuda Fire &amp; Marine Insurance Co. , Ltd."
266,12817.00,Aerospace,U.S.,AlliedSignal
267,12763.60,Wholesalers,France,Groupe Pinault-Printemps
237,13791.40,Telecommunications,U.S.,Bell Atlantic Corporation
238,13785.50,Railroads,France,SNCF
239,13710.10,x Insurance stock,France,CNP Assurances S.A.
240,13707.60,Utilities: Gas and Electric,Japan,"Kyushu Electric Power Co., Inc."
241,13618.30,General Merchandisers,Germany,Kaufhof
242,13589.20,x Insurance mutual,Japan,Daido Life Insurance Company
243,13574.40,Airlines,Japan,"Japan Airlines Company, Ltd."
244,13553.70,Trading,Netherlands Antilles,SHV Holdings N.V.
245,13515.20,Diversified Financials,U.S.,Loews Corporation
246,13491.40,Chemicals,Japan,Mitsubishi Chemical Corporation
247,13451.00,Commercial Banks,Italy,Istituto Bancario San Paolo Di Torino
248,13450.80,"Computers, Office Equipment",U.S.,Digital Equipment Corporation
249,13445.20,Metals,Japan,Kobe Steel Ltd.
250,13430.30,"Building Materials, Glass",France,Saint-Gobain
251,13417.20,"Electronics, Electrical Equip.",France,us
224,14330.50,Utilities: Gas and Electric,Japan,"Tohoku Electric Power Co., Inc."
225,14328.00,Industrial and Farm Equipment,U.S.,"Caterpillar, Inc."
226,14325.30,Metals,France,Usinor-Sacilor
227,14315.00,"Engineering, Construction",Japan,Obayashi Corporation
228,14078.40,Chemicals,Britain,Imperial Chemical Industries
229,14074.20,Commercial Banks,Germany,Commerzbank A.G.
230,14068.40,"Engineering, Construction",France,Bouygues
231,14053.20,Trading,Japan,Kawasho Corporation
232,13999.90,"Electronics, Electrical Equip.",Sweden,Electrolux
233,13950.00,Airlines,U.S.,UAL Corporation
234,13922.00,"Engineering, Construction",Japan,Takenaka Corporation
235,13849.70,Food,France,Danone Group
236,13818.80,Motor Vehicles and Parts,Japan,"Nippondenso Co., Ltd."
212,14909.50,General Merchandisers,Germany,Karstadt AG
213,14889.80,Food,Italy,Ferruzzi Finanziaria
214,14864.00,Metals,Germany,Preussag
215,14858.30,Utilities: Gas and Electric,Britain,British Gas PLC
216,14826.50,x Insurance mutual,Japan,The Chiyoda Mutual Life Insurance Co.
217,14781.30,General Merchandisers,Japan,"Nichii Co. , Ltd."
218,14749.10,zMiscellaneous,Japan,"Japan Travel Bureau, Inc."
219,14714.70,Commercial Banks,Switzerland,Union Bank of Switzerland
220,14623.60,Commercial Banks,Germany,Bayerische Vereinsbank A.G.
221,14577.60,"Electronics, Electrical Equip.",South Korea,"Samsung Electronics Co., Ltd."
222,14469.10,Industrial and Farm Equipment,Britain,BTR plc
223,14371.80,Petroleum Refining,Japan,"Idemitsu Kosan Co., Ltd."
201,15559.50,Chemicals,France,
202,15536.00,Food,U.S.,Sara Lee Corporation
203,15434.30,Petroleum Refining,Japan,Japan Energy Corporation
204,15385.40,Motor Vehicles and Parts,Japan,Isuzu Motors Limited
205,15366.00,Tobacco,U.S.,RJR Nabisco Holdings Corporation
206,15308.10,Commercial Banks,Japan,"The Tokai Bank, Ltd."
207,15288.50,Commercial Banks,China,Bank Of China
208,15079.00,"Scientific,Photographic and Control Equipment",U.S.,Minnesota Mining &amp; Manufacturing Company
209,14981.00,Trading,China,Sinochem
210,14969.80,Pharmaceuticals,U.S.,"Merck &amp; Co., Inc."
211,14966.00,Forest and Paper Products,U.S.,International Paper Company
93,26069.00,Commercial Banks,Japan,"The Sakura Bank , Ltd."
94,25972.60,Motor Vehicles and Parts,Germany,Bayerische Motoren Werke A.G.
95,25706.30,Telecommunications,France,France T_l_com SA
96,25585.30,Utilities: Gas and Electric,Japan,"The Kansai Electric Power Co., Inc."
97,24991.00,"Computers, Office Equipment",U.S.,Hewlett-Packard Company
98,24653.00,Petroleum Refining,France,Total
99,24643.40,Railroads,Japan,East Japan Railway Company
100,24605.10,Commercial Banks,Japan,"The Long-Term Credit Bank of Japan, Ltd."
79,28676.00,Industrial and Farm Equipment,Japan,"Mitsubishi Heavy Industries, Ltd."
80,28631.50,Food and Drug Stores,Japan,"Ito-Yokado Co., Ltd."
81,28628.30,Petroleum Refining,Germany,Rwe Group
82,28472.40,Food Services,U.S.,"PepsiCo, Inc."
84,28153.10,"Engineering, Construction",France,Compagnie G_n_rale des Eaux
85,27753.10,Commercial Banks,France,Credit Agricole Group
86,26953.00,Petroleum Refining,U.S.,Amoco Corporation
87,26927.70,Chemicals,Germany,BASF
88,26926.30,Diversified Financials,Netherlands,Internationale Nederlanden Group
89,26771.10,Chemicals,Germany,Bayer A.G.
90,26505.50,x Insurance mutual,Japan,Asahi Mutual Life Insurance Co.
91,26500.20,Commercial Banks,Japan,"The Dai-Ichi Kangyo Bank , Limited"
92,26388.10,Commercial Banks,France,Cr_dit Lyonais
63,32565.90,Petroleum Refining,Italy,ENI S.A.
64,32188.00,Motor Vehicles and Parts,France,Renault
65,32062.30,Food and Drug Stores,Japan,"The Daiei, Inc."
66,31650.00,Commercial Banks,U.S.,Citicorp/Citibank
67,31072.30,Commercial Banks,Japan,"The Industrial Bank of Japan, Ltd."
68,31064.00,Petroleum Refining,U.S.,Chevron Corporation
69,30604.20,Chemicals,Germany,Hoechst A.G.
70,30296.00,"Soaps, Cosmetics",U.S.,The Procter &amp; Gamble Company
71,30223.90,"Electronics, Electrical Equip.",France,Alcatel Alsthom
72,30112.30,Motor Vehicles and Parts,France,Peugeot
73,30103.30,Commercial Banks,Japan,"The Fuji Bank, Ltd."
74,29990.90,Commercial Banks,Japan,"The Mitsubishi Bank , Ltd."
75,29718.00,"Electronics, Electrical Equip.",Switzerland,ABB Asea Brown Boveri
76,29620.60,Commercial Banks,Japan,"The Sumitomo Bank, Ltd."
77,29003.80,Metals,Japan,Nippon Steel Corporation
78,28799.00,Commercial Banks,Japan,"The Sanwa Bank, Ltd."
49,36945.70,x Insurance mutual,U.S.,Prudential Insurance Company of America
51,36343.70,x Insurance mutual,Japan,The Meiji Mutual Life Life Insurance Co.
52,35706.60,"Electronics, Electrical Equip.",South Korea,Daewoo Group
53,34968.00,Chemicals,U.S.,"E.I. Du Pont de Nemours and Company, Inc."
54,34597.00,x Insurance stock,France,Union Des Assurances de Paris
55,34369.90,Motor Vehicles and Parts,Japan,Mitsubishi Motors Corporation
56,34313.00,General Merchandisers,U.S.,Kmart Corporation
57,33768.00,Petroleum Refining,U.S.,"Texaco, Inc."
58,33516.70,"Electronics, Electrical Equip.",Netherlands,Philips Electronics
60,33069.20,Commercial Banks,Germany,Deutsche Bank
61,32795.10,"Computers, Office Equipment",Japan,Fujitsu Limited
62,32726.40,"Electronics, Electrical Equip.",Japan,Mitsubishi Electric Corporation
34,49350.10,Motor Vehicles and Parts,Germany,Volkswagen
35,49063.10,x Insurance mutual,Japan,Sumitomo Life Insurance Company
36,48228.40,"Electronics, Electrical Equip.",Japan,Toshiba Corporation
37,45451.20,Food,Britain/Netherlands,Unilever
38,45388.50,Metals,Italy,IRI
39,41625.70,Food,Switzerland,Nestl_
40,41071.20,Telecommunications,Germany,Deutsche Telekom
41,40851.40,Motor Vehicles and Parts,Italy,Fiat
42,40415.20,x Insurance stock,Germany,Allianz Holding
43,40101.10,"Electronics, Electrical Equip.",Japan,Sony Corporation
44,40071.90,Trading,Germany,Veba AG
45,39927.20,Motor Vehicles and Parts,Japan,"Honda Motor Co., Ltd."
46,39459.10,Petroleum Refining,France,Elf Aquitaine
47,38850.10,x Insurance mutual,U.S.,State Farm Group
48,37945.90,"Electronics, Electrical Equip.",Japan,NEC Corporation
20,64168.60,Motor Vehicles and Parts,Germany,Daimler-Benz
21,64052.00,"Computers, Office Equipment",U.S.,International Business Machines Corporation
22,59621.00,Petroleum Refining,U.S.,Mobil Corporation
23,58731.80,Motor Vehicles and Parts,Japan,"Nissan Motor Co., Ltd."
24,56202.60,Trading,Japan,Nichimen Corporation
25,55856.10,Trading,Japan,Kanematsu Corporation
26,54900.40,x Insurance mutual,Japan,The Dai-ichi Mutual Life Insurance Co.
27,54825.00,General Merchandisers,U.S.,"Sears, Roebuck and Company"
28,53776.00,Food,U.S.,Philip Morris Companies
29,52224.00,Motor Vehicles and Parts,U.S.,Chrysler Corporation
30,51054.90,"Electronics, Electrical Equip.",Germany,Siemens
31,50736.90,Petroleum Refining,Britain,British Petroleum
32,50359.40,Utilities: Gas and Electric,Japan,"The Tokyo Electric Power Co., Inc."
33,49383.40,"Mail, Package, and Freight Delivery",U.S.,United States Postal Service
8,101459.00,Petroleum Refining,U.S.,Exxon Corporation
9,100875.50,Trading,Japan,Nissho Iwai Corporation
10,94881.30,Petroleum Refining,Britain/Netherlands,Royal Dutch/Shell Group
11,88158.60,Motor Vehicles and Parts,Japan,Toyota Motor Corporation
12,83412.40,General Merchandisers,U.S.,"Wal-Mart Stores, Inc."
13,76430.90,"Electronics, Electrical Equip.",Japan,"Hitachi, Ltd."
14,75350.40,x Insurance mutual,Japan,Nippon Life Insurance Company
15,75094.00,Telecommunications,U.S.,AT&amp;T Corp.
16,70843.60,Telecommunications,Japan,Nippon Telegraph &amp; Telephone Corporation
17,69946.70,"Electronics, Electrical Equip.",Japan,"Matsushita Electric Industrial Co., Ltd."
18,69901.50,Trading,Japan,Tomen Corporation
19,64687.00,"Electronics, Electrical Equip.",U.S.,General Electric Company
1,175835.60,Trading,Japan,Mitsubishi Corporation
2,171490.50,Trading,Japan,"Mitsui &amp; Co., Ltd."
3,167824.70,Trading,Japan,Itochu Corporation
4,162475.90,Trading,Japan,Sumitomo Corporation
5,154951.20,Motor Vehicles and Parts,U.S.,General Motors Corporation
6,150187.40,Trading,Japan,Marubeni Corporation
7,128439.00,Motor Vehicles and Parts,U.S.,Ford Motor Company
