rank,revenues,industry,hqCountry,title
311,12955.10,Utilities: Gas and Electric,South Korea,Korea Electric Power Corporation
312,12902.70,Insurance: Property and Casualty (Stock),Switzerland,Swiss Reinsurance Company
313,12902.00,"Publishing, Printing",Japan,"Dai Nippon Printing Co., Ltd."
314,12895.10,Pharmaceuticals,Switzerland,Sandoz Ltd.
315,12891.40,"Engineering, Construction",Japan,Obayashi Corporation
316,12854.50,Food and Drug Stores,France,Groupe Casino
305,13165.90,Rubber and Plastic Products,U.S.,The Goodyear Tire &amp; Rubber Company
306,13128.00,"Electronics, Electrical Equip.",U.S.,"Texas Instruments, Inc."
307,13066.10,"Insurance: Life, Health (stock)",Netherlands,AEGON N.V.
308,13053.30,General Merchandisers,Australia,Coles Myer Ltd.
309,13009.00,"Electronics, Electrical Equip.",U.S.,Rockwell International Corporation
310,12978.00,"Insurance: Life, Health (stock)",U.S.,Aetna Life &amp; Casualty Co.
332,12465.80,Commercial Banks,Japan,"The Asahi Bank, Ltd."
323,12667.60,Food,U.S.,"IBP, Inc."
324,12654.90,Metals,U.S.,Alcoa
326,12580.80,General Merchandisers,Japan,"Takashimaya Co., Ltd."
327,12577.80,Chemicals,Norway,Norsk Hydro a.s
328,12538.00,Chemicals,Japan,"Asahi Chemical Industry Co., Ltd."
329,12535.00,zMiscellaneous,Japan,"Mitsui Fudosan Co., Ltd."
330,12517.80,"Insurance: Life, Health (Mutual)",Switzerland,Swiss Life Insurance &amp; Pension Co
331,12472.90,Telecommunications,Switzerland,PTT Suisses
317,12831.50,Petroleum Refining,India,Indian Oil Corporation Limited
320,12680.60,Commercial Banks,Germany,Bayerische Landesbank Girozentrale
321,12671.90,Food,U.S.,Archer Daniels Midland Company
322,12669.70,Telecommunications,U.S.,SBC Communications Inc.
344,12187.00,General Merchandisers,U.S.,The May Department Stores Company
345,12186.70,Telecommunications,Netherlands,"Royal PTT Nederland, NV"
346,12150.00,Insurance: Property and Casualty (Stock),U.S.,"ITT Hartford Group, Inc."
347,12146.50,Airlines,Britain,British Airways plc
335,12440.40,Petroleum Refining,Belgium,PetroFina S.A.
336,12408.20,"Insurance: Life, Health (stock)",Japan,"The Kyoei Life Insurance Co., Ltd."
337,12325.50,Beverages,U.S.,"Anheuser-Busch Companies, Inc."
339,12293.70,"Publishing, Printing",Japan,"Toppan Printing Co., Ltd."
340,12234.20,"Electronics, Electrical Equip.",South Korea,LG Electronics
341,12218.30,Railroads,Japan,"West Japan Railway Company, Ltd."
342,12205.50,Petroleum Refining,Japan,"Cosmo Oil Co., Ltd."
343,12194.00,Airlines,U.S.,"Delta Air Lines, Inc."
333,12453.50,Pharmaceuticals,Switzerland,Roche Holding Ltd.
334,12441.20,Motor Vehicles and Parts,Germany,MAN AG
351,12063.70,Metals,Japan,Kawasaki Steel Corporation
352,12059.80,Metals,Germany,Metallgesellschaft A.G.
353,12054.20,Pharmaceuticals,Britain,"Glaxo Wellcome, PLC"
354,12026.00,Metal Products,Japan,"Sumitomo Electric Industries, Ltd."
355,11984.60,Food,Japan,"Snow Brand Milk Products Co., Ltd."
356,11933.30,"Electronics, Electrical Equip.",Japan,"Matsushita Electric Works, Ltd."
357,11914.80,Commercial Banks,Spain,"Banco Bilbao Vizcaya, S.A."
348,12130.90,Commercial Banks,France,Banque Nationale de Paris
349,12118.00,Wholesalers,U.S.,SYSCO Corporation
350,12112.10,Entertainment,U.S.,The Walt Disney Company
370,11655.80,"Insurance: Life, Health (Mutual)",Japan,Toho Mutual Life Insurance Company
371,11646.20,"Insurance: Life, Health (Mutual)",U.S.,Teachers Insurance &amp; Annuity Association of America
372,11595.10,Commercial Banks,Germany,Deutsche Genossenschaftsbank A.G.
373,11531.60,"Computers, Office Equipment",Japan,"Ricoh Co., Ltd."
362,11787.80,Food and Drug Stores,U.S.,"Winn-Dixie Stores, Inc."
363,11787.70,Forest and Paper Products,U.S.,Weyerhaeuser Company
364,11780.20,Entertainment,U.S.,Viacom Inc.
365,11746.00,Telecommunications,U.S.,"U S WEST, Inc."
366,11738.50,Commercial Banks,Japan,The Mitsubishi Trust &amp; Banking Corp.
367,11716.00,"Electronics, Electrical Equip.",U.S.,Raytheon Company
368,11702.40,"Insurance: Life, Health (Mutual)",U.S.,Nationwide Insurance Enterprise
369,11684.00,Metals,Japan,Mitsubishi Materials Corporation
358,11910.40,"Electronics, Electrical Equip.",France,Schneider SA
359,11893.70,Trading,Japan,Sumikin Bussan Corporation
360,11840.40,Petroleum Refining,Japan,Showa Shell Sekiyu K.K.
361,11804.00,Commercial Banks,Italy,Banca Di Roma
387,11242.60,Industrial and Farm Equipment,Japan,"Ishikawajima-Harima HeavyIndustries Co., Ltd."
388,11240.70,"Scientific,Photographic and Control Equipment",Japan,"Fuji Photo Film Co., Ltd."
389,11180.70,Metals,South Korea,Pohang Iron &amp; Steel Co. Ltd.
390,11161.60,Motor Vehicles and Parts,Japan,Fuji Heavy Industries Ltd.
378,11478.10,Commercial Banks,Japan,"The Sumitomo Trust &amp; Banking Co.,Ltd."
379,11421.10,"Insurance: Life, Health (Mutual)",Britain,The Standard Life Assurance Company
380,11402.40,Insurance: Property and Casualty (Stock),Britain,General Accident plc
381,11380.00,Beverages,Britain,Grand Metropolitan PLC
382,11336.00,Commercial Banks,U.S.,Chase Manhattan Corporation
383,11319.40,General Merchandisers,Britain,Marks &amp; Spencer PLC
384,11294.20,"Engineering, Construction",Japan,"Kumagai Gumi Co., Ltd."
385,11254.10,zMiscellaneous,Japan,"Kawasaki Heavy Industries, Ltd."
386,11251.10,Petroleum Refining,U.S.,"Ashland, Inc."
374,11528.20,Railroads,Japan,Central Japan Railway
375,11516.40,Specialty Retailers,U.S.,Melville Corporation
377,11483.30,"Insurance: Life, Health (Mutual)",U.S.,Northwestern Mutual Life Insurance Company
399,11064.60,Pharmaceuticals,Britain,Smithkline Beecham plc
400,11062.00,"Computers, Office Equipment",U.S.,"Apple Computer, Inc."
398,11068.80,Chemicals,France,CEA-Industrie
391,11137.70,"Engineering, Construction",Japan,"Sekisui Chemical Co., Ltd."
392,11129.50,Commercial Banks,Canada,Royal Bank of Canada
393,11103.20,Industrial and Farm Equipment,Japan,Kubota Corporation
394,11096.50,Commercial Banks,Japan,"The Mitsui Trust &amp; Banking Co., Ltd. Limited."
395,11090.80,Trading,Japan,"Nittetsu Shoji Co., Ltd."
396,11076.30,Utilities: Gas and Electric,Belgium,Tractebel
397,11072.50,Savings Institutions,Britain,Abbey National plc
304,13188.50,Trading,South Korea,LG International Corp.
302,13251.40,Rubber and Plastic Products,France,Co. Generale Michelin
303,13248.20,"Building Materials, Glass",Japan,"Asahi Glass Co., Ltd."
200,17486.30,"Mail, Package, and Freight Delivery",Germany,Deutsche Post
301,13376.10,Pharmaceuticals,U.S.,American Home Products Corporation
199,17501.60,Wholesalers,U.S.,"Fleming Companies, Inc."
197,17695.00,zMiscellaneous,U.S.,Columbia/HCA Healthcare Corp.
198,17509.50,Chemicals,Switzerland,Ciba-Geigy
195,17738.00,General Merchandisers,Japan,"Nichii Co. , Ltd."
196,17719.00,Food,U.S.,Sara Lee Corporation
194,17767.10,"Mail, Package, and Freight Delivery",Japan,"Nippon Express Co., Ltd."
193,17886.00,Telecommunications,U.S.,BellSouth Corporation
191,17939.00,"Electronics, Electrical Equip.",Canada,BCE Inc.
192,17922.40,Rubber and Plastic Products,Japan,Bridgestone Corporation
190,18018.00,Beverages,U.S.,The Coca-Cola Company
188,18247.30,Specialty Retailers,U.S.,"Price/Costco, Inc."
189,18214.00,Petroleum Refining,U.S.,USX Corporation
187,18271.30,"Engineering, Construction",Japan,Kajima Corporation
185,18446.30,Food and Drug Stores,Netherlands,Koninklijke Ahold
186,18308.90,Food and Drug Stores,U.S.,American Stores Company
184,18500.90,Commercial Banks,Switzerland,Union Bank of Switzerland
182,18570.20,Commercial Banks,Brazil,Banco Do Brasil
183,18541.20,"Electronics, Electrical Equip.",Japan,"Sanyo Electric Co., Ltd."
181,18649.40,Commercial Banks,Britain,Lloyds TSB Group plc
179,18758.60,Trading,Germany,Preussag AG
180,18711.10,Metals,Japan,NKK Corporation
178,18770.00,Insurance: Property and Casualty (Stock),U.S.,Loews Corporation
177,18803.80,Insurance: Property and Casualty (Stock),Japan,"The Tokio Marine &amp; Fire Insurance Co., Ltd."
176,18842.00,Pharmaceuticals,U.S.,Johnson &amp; Johnson
175,18894.20,Commercial Banks,Germany,Commerzbank A.G.
174,18922.60,"Engineering, Construction",Japan,Shimizu Corporation
173,18955.00,"Insurance: Life, Health (stock)",U.S.,Cigna Corporation
172,18963.00,"Scientific,Photographic and Control Equipment",U.S.,Xerox Corporation
171,19004.10,Food and Drug Stores,Britain,Tesco PLC
169,19252.30,Insurance: Property and Casualty (Stock),Britain,Commercial Union PLC
170,19093.40,Motor Vehicles and Parts,Japan,Mazda Motor Corporation
167,19278.30,Commercial Banks,China,Bank Of China
168,19272.10,Diversified Financials,France,Compagnie De Suez
166,19515.00,Aerospace,U.S.,The Boeing Company
165,19761.70,"Engineering, Construction",Japan,Taisei Corporation
164,19764.70,Food and Drug Stores,Britain,J. Sainsbury plc
163,19797.00,Forest and Paper Products,U.S.,International Paper Company
162,19957.00,Telecommunications,U.S.,GTE Corporation
159,20386.00,Commercial Banks,U.S.,BankAmerica Corporation
160,20333.70,Commercial Banks,Japan,"The Tokai Bank, Ltd."
157,20811.10,Railroads,Germany,Deutsche Bahn
158,20537.70,Tobacco,Japan,Japan Tobacco Inc.
156,20957.00,Chemicals,U.S.,The Dow Chemical Company
154,21098.80,Commercial Banks,Germany,Dresdner Bank AG
155,21045.00,"Mail, Package, and Freight Delivery",U.S.,"United Parcel Service of America, Inc."
152,21130.40,Commercial Banks,Germany,Westdeutsche Landesbank Girozentrale
153,21116.60,"Engineering, Construction",France,Lyonnaise des Eaux
151,21324.60,Insurance: Property and Casualty (Stock),Switzerland,1
150,21419.00,General Merchandisers,U.S.,"J.C. Penney Company, Inc."
148,21513.00,X Brokerage,U.S.,"Merrill Lynch &amp; Company, Inc."
149,21502.70,"Insurance: Life, Health (stock)",Britain,Prudential Corporation plc
146,21631.00,"Insurance: Life, Health (Mutual)",Japan,The Yasuda Mutual Life Insurance Co.
144,21882.70,"Insurance: Life, Health (stock)",France,Assurances G_n_rales de France
145,21849.70,Utilities: Gas and Electric,Japan,"Chubu Electric Power Co., Inc."
142,22225.10,Utilities: Gas and Electric,Italy,Enel S.P.A.
143,21997.50,Food and Drug Stores,Japan,"Jusco Co., Ltd."
141,22246.00,Diversified Financials,U.S.,Federal National Mortgage Association
138,22497.60,"Mail, Package, and Freight Delivery",Japan,Japan Postal Service
139,22395.10,Industrial and Farm Equipment,Germany,Mannesmann AG
136,22612.00,Telecommunications,Britain,British Telecommunications PLC
137,22497.80,Commercial Banks,Japan,"The Bank of Tokyo, Ltd."
135,22695.30,"Insurance: Life, Health (stock)",Belgium/Netherlands,Fortis
134,22793.00,Insurance: Property and Casualty (Stock),U.S.,The Allstate Corporation
133,22802.00,Aerospace,U.S.,United Technologies Corporation
132,22853.00,Aerospace,U.S.,Lockheed Martin Corporation
131,23012.30,"Computers, Office Equipment",Japan,Canon Inc.
128,23197.70,Commercial Banks,Britain,Barclays Bank PLC
130,23084.20,"Insurance: Life, Health (Mutual)",Japan,Mitsui Mutual Life Insurance Co.
127,23221.20,Trading,South Korea,Hyundai Corp.
125,23529.10,Commercial Banks,Britain,National Westminster Bank Plc
126,23516.00,General Merchandisers,U.S.,Dayton Hudson Corporation
124,23937.80,Food and Drug Stores,U.S.,The Kroger Company
123,24021.80,Motor Vehicles and Parts,Sweden,AB Volvo
122,24032.60,Tobacco,Britain,B.A.T Industries plc
121,24108.90,Food,U.S.,"ConAgra, Inc."
119,24151.30,Insurance: Property and Casualty (Stock),Italy,Assicurazioni Generali
120,24150.90,"Electronics, Electrical Equip.",South Korea,"Samsung Electronics Co., Ltd."
117,24593.00,Commercial Banks,Japan,The Norinchukin Bank
118,24218.00,Petroleum Refining,South Korea,Sunkyong
115,24823.20,Insurance: Property and Casualty (Stock),Switzerland,Zurich Insurance Group
116,24794.50,Commercial Banks,Switzerland,CS Holding
114,25011.80,Motor Vehicles and Parts,Germany,Robert Bosch GmbH
112,25322.30,"Insurance: Life, Health (Mutual)",Japan,Asahi Mutual Life Insurance Co.
113,25042.60,Petroleum Refining,Japan,"Nippon Oil Co., Ltd."
111,25392.00,Petroleum Refining,South Korea,Ssangyong Business Group
110,25623.70,Railroads,Japan,East Japan Railway Company
109,25874.00,Insurance: Property and Casualty (Stock),U.S.,"American International Group,Inc."
108,25955.40,Commercial Banks,Japan,"The Sakura Bank, Ltd."
106,26173.20,Insurance: Property and Casualty (Stock),France,AXA S.A.
107,26041.00,Petroleum Refining,Venezuela,"Petroleos de Venezuela, S.A."
105,26534.60,Commercial Banks,Netherlands,ABN-AMRO Holding N.V.
104,26677.60,Commercial Banks,Britain,Hsbc Holdings
103,26736.30,Utilities: Gas and Electric,Japan,"The Kansai Electric Power Co., Inc."
102,27037.00,"Electronics, Electrical Equip.",U.S.,"Motorola, Inc."
101,27226.10,Petroleum Refining,France,TOTAL
499,8884.00,Motor Vehicles and Parts,U.S.,"ITT Industries, Inc."
500,8861.50,Telecommunications,Brazil,Telecomunicacoes Brasileiras S.A.
484,9084.90,Airlines,U.S.,"Northwest Airlines, Inc."
485,9060.40,Aerospace,Britain,British Aerospace Public Limited Company
486,9042.00,Telecommunications,U.S.,Pacific Telesis Group
487,9039.10,"Publishing, Printing",Australia,The News Corporation Limited
488,8997.10,Food and Drug Stores,Switzerland,Coop Schweiz
489,8996.40,Chemicals,Japan,"Dainippon Ink &amp; Chemicals, Inc."
490,8991.40,Beverages,Japan,Suntory Ltd.
491,8970.90,Commercial Banks,U.S.,Banc One Corporation
492,8962.00,Chemicals,U.S.,Monsanto Company
493,8960.70,"Hotels, Casinos, Resorts",U.S.,Marriott International
494,8945.00,Entertainment,France,HAVAS
495,8942.00,Railroads,U.S.,Union Pacific Corporation
496,8935.00,Beverages,Canada,The Seagram Company Ltd.
497,8933.00,X Brokerage,U.S.,"Salomon, Inc."
498,8899.00,Motor Vehicles and Parts,U.S.,"Tenneco, Inc."
468,9464.90,Beverages,Japan,"Kirin Brewery Co., Ltd."
469,9446.00,Food and Drug Stores,Canada,George Weston Ltd.
471,9392.10,"Mail, Package, and Freight Delivery",U.S.,Federal Express Corporation
472,9387.00,Metal Products,Canada,Alcan Aluminium Limited
473,9308.00,Insurance: Property and Casualty (Mutual),U.S.,Liberty Mutual Insurance Group
474,9301.40,"Engineering, Construction",U.S.,Fluor Corporation
475,9268.40,Chemicals,Belgium,Solvay S.A.
476,9238.80,Shipping,Japan,Nippon Yusen Kabushiki Kaisha
477,9225.20,"Electronics, Electrical Equip.",Japan,"Fuji Electric Co., Ltd."
478,9189.00,Energy,U.S.,Enron Corp.
479,9188.90,"Insurance: Life, Health (Mutual)",Japan,Fukoku Mutual Life Insurance Co.
480,9180.00,Utilities: Gas and Electric,U.S.,The Southern Company
481,9141.80,Telecommunications,Finland,Nokia Corporation
482,9129.40,Insurance: Property and Casualty (Stock),Japan,"The Sumitomo Marine &amp; Fire Insurance Co., Ltd."
483,9088.40,Commercial Banks,Spain,Banco Central HispanoAmericano
451,9792.60,Commercial Banks,Brazil,
452,9759.50,"Electronics, Electrical Equip.",Britain,GEC (General Electric Co.)
453,9752.90,zMiscellaneous,Japan,"Toray Industries, Inc."
454,9730.00,"Scientific,Photographic and Control Equipment",U.S.,"Baxter International, Inc."
455,9720.40,"Mail, Package, and Freight Delivery",Britain,British Post Office
456,9707.40,Insurance: Property and Casualty (Stock),Britain,Royal Insurance Holdings plc
457,9694.70,Metals,Germany,Degussa A.G.
458,9641.80,Petroleum Refining,Taiwan,Chinese Petroleum Corp.
459,9621.80,Utilities: Gas and Electric,U.S.,Pacific Gas &amp; Electric Company
460,9605.00,"Electronics, Electrical Equip.",U.S.,Westinghouse Electric Corporation
461,9585.80,Commercial Banks,Canada,Canadian Imperial Bank of Commerce
462,9568.90,General Merchandisers,Japan,"Uny Co., Ltd."
463,9519.00,Diversified Financials,U.S.,Federal Home Loan Mortgage
464,9500.30,Food and Drug Stores,Britain,Argyll Group PLC
465,9487.40,Commercial Banks,Australia,National Australia Bank Limited
466,9470.70,Food and Drug Stores,U.S.,"Publix Super Markets, Inc."
467,9466.40,Railroads,Japan,"Kinki Nippon Railway Co., Ltd."
437,10021.80,Airlines,Japan,"All Nippon Airways Co., Ltd."
438,10021.40,Pharmaceuticals,U.S.,"Pfizer, Inc."
439,10014.30,Petroleum Refining,Finland,Neste Oy
440,10012.90,"Electronics, Electrical Equip.",U.S.,Emerson Electric Company
441,10012.20,Pharmaceuticals,U.S.,Abbott Laboratories
442,9973.00,Aerospace,U.S.,"Textron, Inc."
443,9936.10,General Merchandisers,Britain,Inchcape plc
444,9932.30,Utilities: Gas and Electric,Japan,"Tokyo Gas Co., Ltd."
445,9907.30,"Soaps, Cosmetics",Germany,Henkel KGaA
446,9891.80,Wholesalers,U.S.,Alco Standard Corp.
447,9872.50,Utilities: Gas and Electric,France,Gaz de France S.A.
448,9862.40,Chemicals,Japan,"Sumitomo Chemical Co., Ltd."
449,9842.70,Food,Japan,Maruha Corporation
424,10353.60,Industrial and Farm Equipment,Japan,Komatsu Ltd.
425,10328.90,Commercial Banks,Japan,"The Yasuda Trust &amp; Banking Co. , Ltd."
426,10321.60,Commercial Banks,Italy,Credito Italiano
427,10290.50,Industrial and Farm Equipment,U.S.,Deere &amp; Company
428,10260.30,Commercial Banks,Italy,Banca Nazionale del Lavoro SPA
429,10223.40,Petroleum Refining,U.S.,The Coastal Corporation
430,10172.40,Motor Vehicles and Parts,U.S.,"TRW, Inc."
431,10111.00,Commercial Banks,Italy,Banca Commerciale Italiana S.P.A.
432,10101.40,Food and Drug Stores,U.S.,"The Great Atlantic &amp; Pacific Tea Company, I"
433,10073.30,Insurance: Property and Casualty (Stock),Japan,"Mitsui Marine &amp; Fire Insurance Co., Ltd."
434,10073.10,Aerospace,France,A_rospatiale
435,10058.10,Food and Drug Stores,France,Groupe Docks de France S.A.
436,10039.70,"Insurance: Life, Health (stock)",Japan,"Nippon Dantai Life Insurance Co., Ltd."
422,10395.10,Food and Drug Stores,U.S.,Walgreen Co.
423,10370.40,Shipping,Britain,Peninsular &amp; Oriental Steam Navigation Company
408,10905.90,Wholesalers,Germany,Edeka Zentrale
409,10840.80,Utilities: Gas and Electric,Japan,"The Chugoku Electric Power Co., Ltd."
410,10793.00,Commercial Banks,Italy,Cariplo S.P.A.
411,10703.00,Commercial Banks,Japan,"The Daiwa Bank, Ltd."
412,10700.80,Commercial Banks,Belgium,Generale Bank SA
414,10690.80,General Merchandisers,Japan,Mitsukoshi Ltd.
415,10681.00,Commercial Banks,U.S.,First Chicago NBD Corp.
416,10636.00,Food and Drug Stores,Hong Kong,Jardine Matheson Ltd.
417,10582.90,Commercial Banks,U.S.,First Union Corporation
418,10561.00,"Insurance: Life, Health (Mutual)",U.S.,The Principal Mutual Life Insurance Company
420,10504.00,Railroads,U.S.,CSX Corporation
421,10423.00,Chemicals,U.S.,Occidental Petroleum Corporation
401,11046.60,"Engineering, Construction",Japan,"Daiwa House Industry Co., Ltd."
402,11042.60,Forest and Paper Products,Japan,"Nippon Paper Industries Co., Ltd."
403,11032.90,Specialty Retailers,Germany,Otto Versand (GmbH &amp; Co.)
404,11032.10,Metals,Britain,British Steel
405,10991.00,Savings Institutions,Britain,Halifax Building Society
406,10979.30,zMiscellaneous,U.S.,"WMX Technologies, Inc."
407,10949.00,X Brokerage,U.S.,Morgan Stanley Group Inc.
289,13574.00,Utilities: Gas and Electric,Britain,British Gas plc
290,13573.80,Food and Drug Stores,Japan,"The Seiyu, Ltd."
291,13566.80,Food and Drug Stores,Switzerland,Migros
292,13529.50,Insurance: Property and Casualty (Stock),Japan,"The Yasuda Fire &amp; Marine Insurance Co. , Ltd."
293,13521.00,Petroleum Refining,U.S.,Phillips Petroleum Company
294,13517.20,"Building Materials, Glass",Britain,Hanson PLC
295,13476.00,X Brokerage,U.S.,"Lehman Brothers Holdings, Inc."
296,13429.50,Telecommunications,U.S.,Bell Atlantic Corporation
297,13428.60,Commercial Banks,Netherlands,Rabobank Group
298,13427.80,Telecommunications,U.S.,Ameritech Corporation
299,13406.90,Telecommunications,U.S.,NYNEX Corporation
300,13383.20,Chemicals,Netherlands,Akzo Nobel N.V.
272,13966.90,Commercial Banks,Spain,Santander Group
273,13961.30,Telecommunications,Sweden,Telefonaktiebolaget Lm Ericsson
275,13886.40,Airlines,Germany,Deutsche Lufthansa AG
276,13841.20,"Engineering, Construction",Japan,"Sekisui House, Ltd."
277,13838.00,Commercial Banks,U.S.,J.P. Morgan &amp; Co. Inc.
278,13824.80,zMiscellaneous,Japan,Dentsu Inc.
279,13813.10,"Computers, Office Equipment",U.S.,Digital Equipment Corporation
280,13788.60,Forest and Paper Products,U.S.,Kimberly-Clark Corporation
281,13785.40,Railroads,France,SNCF
282,13767.00,Pharmaceuticals,U.S.,Bristol-Myers Squibb Company
283,13746.70,"Publishing, Printing",Germany,Bertelsmann AG
284,13745.90,Metals,Australia,The Broken Hill Proprietary Company Limited
285,13726.50,Motor Vehicles and Parts,South Korea,Hyundai Motor
286,13718.80,Wholesalers,U.S.,McKesson Corporation
287,13648.20,"Mining, Crude-Oil Production",Norway,Den norske stats oljeselskap a.s
288,13599.50,Telecommunications,U.S.,Sprint Corporation
256,14829.00,Utilities: Gas and Electric,Japan,"Kyushu Electric Power Co., Inc."
257,14801.20,"Engineering, Construction",France,Bouygues
258,14755.00,"Computers, Office Equipment",U.S.,Compaq Computer Corporation
259,14754.60,Petroleum Refining,Japan,"Idemitsu Kosan Co., Ltd."
260,14739.00,Motor Vehicles and Parts,Japan,"Nippondenso Co., Ltd."
261,14538.40,"Insurance: Life, Health (Mutual)",Japan,Daido Life Insurance Company
262,14421.70,Commercial Banks,Italy,Istituto Bancario San Paolo Di Torino
263,14404.20,Commercial Banks,Switzerland,Swiss Bank Corporation
264,14395.70,"Electronics, Electrical Equip.",France,Thomson
265,14346.00,Aerospace,U.S.,AlliedSignal Inc.
266,14332.00,Aerospace,U.S.,McDonnell Douglas Corporation
267,14309.30,Motor Vehicles and Parts,Japan,Suzuki Motor Corporation
268,14292.00,Forest and Paper Products,U.S.,Georgia-Pacific Corporation
269,14093.20,"Building Materials, Glass",France,Saint-Gobain
270,14062.70,Trading,Japan,Kawasho Corporation
271,14022.90,"Insurance: Life, Health (Mutual)",Japan,The Chiyoda Mutual Life Insurance Co.
240,15666.60,"Hotels, Casinos, Resorts",Japan,"Japan Travel Bureau, Inc."
241,15595.50,Metal Products,France,Pechiney
242,15594.30,General Merchandisers,France,Groupe Pinault-Printemps
243,15470.40,Specialty Retailers,U.S.,"The Home Depot, Inc."
244,15431.50,Industrial and Farm Equipment,Britain,BTR plc
245,15367.70,"Engineering, Construction",Japan,Takenaka Corporation
246,15302.20,Metals,Japan,Kobe Steel Ltd.
247,15269.00,"Scientific,Photographic and Control Equipment",U.S.,Eastman Kodak Company
248,15265.00,Telecommunications,U.S.,MCI Communications Corporation
249,15208.80,Commercial Banks,Germany,Bayerische Hypotheken- und Wechsel-Bank AG
250,15124.50,Petroleum Refining,Spain,"Repsol,S.A."
251,15048.50,General Merchandisers,U.S.,Federated Department Stores
252,15012.90,Airlines,Japan,"Japan Airlines Company, Ltd."
253,14943.00,Airlines,U.S.,UAL Corporation
254,14884.00,Commercial Banks,U.S.,Chemical Banking Corporation
255,14829.90,Metals,Japan,"Sumitomo Metal Industries, Ltd."
224,16326.20,Commercial Banks,Japan,"The Nippon Credit Bank , Ltd."
225,16298.00,Commercial Banks,U.S.,NationsBank Corporation
226,16219.00,"Electronics, Electrical Equip.",Sweden,AB Electrolux
227,16206.40,Chemicals,Britain,Imperial Chemical Industries Plc
228,16202.00,"Electronics, Electrical Equip.",U.S.,Intel Corporation
229,16201.70,"Insurance: Life, Health (Mutual)",U.S.,New York Life Insurance Company
230,16170.00,Trading,Netherlands Antilles,SHV Holdings N.V.
231,16105.00,"Scientific,Photographic and Control Equipment",U.S.,Minnesota Mining &amp; Manufacturing Company
232,16085.50,Food,Italy,Ferruzzi Finanziaria SPA
233,16072.00,Industrial and Farm Equipment,U.S.,"Caterpillar, Inc."
234,16008.00,Food,U.S.,RJR Nabisco Holdings Corporation
235,15925.30,Food,France,Danone Group
237,15848.10,Utilities: Gas and Electric,Japan,"Tohoku Electric Power Co., Inc."
238,15827.30,Petroleum Refining,Japan,Japan Energy Corporation
239,15719.40,Metals,France,Usinor-Sacilor
208,16942.00,Diversified Financials,U.S.,American Express Company
209,16928.40,Trading,Japan,Toyota Tsusho Corporation
210,16910.00,Airlines,U.S.,AMR Corporation
211,16891.40,"Insurance: Life, Health (stock)",France,CNP Assurances S.A.
212,16883.10,Wholesalers,Germany,Franz Haniel &amp; Cie.GmbH
213,16811.00,General Merchandisers,Germany,Karstadt Group
214,16739.00,Petroleum Refining,U.S.,Atlantic Richfield Company
215,16681.10,Pharmaceuticals,U.S.,"Merck &amp; Co., Inc."
216,16661.70,"Insurance: Life, Health (Mutual)",Japan,The Taiyo Mutual Life Insurance Co.
217,16641.70,"Mail, Package, and Freight Delivery",France,La Poste
218,16583.00,Insurance: Property and Casualty (Stock),U.S.,The Travelers Group
219,16486.30,Wholesalers,U.S.,"Supervalu, Inc."
220,16448.80,"Insurance: Life, Health (stock)",South Korea,"Samsung Life Insurance Co., Ltd."
221,16422.60,Metals,Germany,Fried. Krupp
222,16397.50,Food and Drug Stores,U.S.,"Safeway, Inc."
201,17425.10,Motor Vehicles and Parts,Japan,Isuzu Motors Limited
202,17354.60,Commercial Banks,Germany,Bayerische Vereinsbank A.G.
203,17232.80,"Mining, Crude-Oil Production",Germany,Ruhrkohle Aktiengesellschaft
204,17163.20,Energy,Spain,T_neo
205,17102.20,"Electronics, Electrical Equip.",Japan,Sharp Corporation
206,17074.40,Chemicals,Japan,Mitsubishi Chemical Corporation
90,30367.60,Food and Drug Stores,Japan,"Ito-Yokado Co., Ltd."
91,30345.20,Commercial Banks,Japan,"The Dai-Ichi Kangyo Bank , Limited"
92,30060.20,Telecommunications,France,France T_l_com SA
93,29307.40,Commercial Banks,Japan,"The Long-Term Credit Bank of Japan, Ltd."
94,29260.30,Trading,Germany,VIAG
95,28986.60,Food and Drug Stores,France,Carrefour
96,28495.70,Commercial Banks,France,Cr_dit Lyonnais
97,28032.10,Metals,Germany,Thyssen AG
98,27977.00,"Insurance: Life, Health (Mutual)",U.S.,Metropolitan Life Insurance Co.
99,27957.20,Commercial Banks,Japan,"The Sumitomo Bank, Ltd."
100,27665.00,Petroleum Refining,U.S.,Amoco Corporation
74,33074.30,Motor Vehicles and Parts,France,Peugeot
75,32701.80,Commercial Banks,Japan,"The Mitsubishi Bank , Ltd."
76,32664.60,"Engineering, Construction",France,Compagnie G_n_rale des Eaux
77,32343.20,Commercial Banks,France,Cr_dit Agricole Group
78,32258.50,Chemicals,Germany,BASF A.G.
79,32199.10,Motor Vehicles and Parts,Germany,Bayerische Motoren Werke A.G.
80,32154.40,"Electronics, Electrical Equip.",France,Alcatel Alsthom
81,32094.00,Petroleum Refining,U.S.,Chevron Corporation
82,31690.00,Commercial Banks,U.S.,Citicorp
83,31571.70,Commercial Banks,Japan,"The Fuji Bank, Ltd."
84,31519.00,"Computers, Office Equipment",U.S.,Hewlett-Packard Company
85,31249.10,Industrial and Farm Equipment,Japan,"Mitsubishi Heavy Industries, Ltd."
86,31224.60,Insurance: Property and Casualty (Stock),France,Gan
87,31107.80,Chemicals,Germany,Bayer AG
88,30614.10,Metals,Japan,Nippon Steel Corporation
89,30421.00,Food Services,U.S.,"PepsiCo, Inc."
60,36894.70,Motor Vehicles and Parts,France,Renault
61,36787.00,Petroleum Refining,U.S.,"Texaco, Inc."
62,36645.40,Motor Vehicles and Parts,Japan,Mitsubishi Motors Corporation
63,36408.90,Chemicals,Germany,Hoechst A.G.
64,36393.40,Petroleum Refining,Italy,ENI S.A.
65,36379.60,"Electronics, Electrical Equip.",Japan,Mitsubishi Electric Corporation
66,35181.00,General Merchandisers,U.S.,"Sears, Roebuck &amp; Company"
67,35060.00,Trading,South Korea,Samsung Corporation
68,34885.60,Commercial Banks,Japan,"The Sanwa Bank, Ltd."
69,34654.00,General Merchandisers,U.S.,Kmart Corporation
70,33738.00,"Electronics, Electrical Equip.",Switzerland,ABB Asea Brown Boveri Ltd
71,33434.00,"Soaps, Cosmetics",U.S.,The Procter &amp; Gamble Company
72,33416.20,"Insurance: Life, Health (stock)",Netherlands,Internationale Nederlanden Group
73,33149.30,General Merchandisers,Japan,"The Daiei, Inc."
45,45557.30,"Electronics, Electrical Equip.",Japan,NEC Corporation
46,44055.60,Motor Vehicles and Parts,Japan,"Honda Motor Co., Ltd."
47,43618.40,Petroleum Refining,France,Elf Aquitaine
49,42004.20,Insurance: Property and Casualty (Stock),France,Union Des Assurances de Paris
50,41903.20,Telecommunications,Italy,IRI
51,41330.00,"Insurance: Life, Health (Mutual)",U.S.,Prudential Insurance Company of America
52,40809.90,Insurance: Property and Casualty (Mutual),U.S.,State Farm Group
53,40148.20,"Electronics, Electrical Equip.",Netherlands,Philips Electronics N.V.
54,38976.00,"Computers, Office Equipment",Japan,Fujitsu Limited
55,38420.00,Commercial Banks,Germany,Deutsche Bank
56,38228.70,Commercial Banks,Japan,"The Industrial Bank of Japan, Ltd."
57,38046.80,"Insurance: Life, Health (Mutual)",Japan,The Meiji Mutual Life Insurance Co.
58,37607.00,Chemicals,U.S.,"E.I. Du Pont de Nemours and Company, Inc."
59,37233.40,Utilities: Gas and Electric,Germany,RWE Group
30,53195.00,Motor Vehicles and Parts,U.S.,Chrysler Corporation
31,53139.00,Tobacco,U.S.,Philip Morris Companies
32,53046.90,"Electronics, Electrical Equip.",Japan,Toshiba Corporation
33,52361.50,Utilities: Gas and Electric,Japan,"The Tokyo Electric Power Co., Inc."
34,51215.30,"Electronics, Electrical Equip.",South Korea,Daewoo Group
35,50841.90,Trading,Japan,Nichimen Corporation
36,50710.50,"Insurance: Life, Health (Mutual)",Japan,Sumitomo Life Insurance Company
37,49838.50,Trading,Japan,Kanematsu Corporation
38,49738.00,Food,Britain/Netherlands,Unilever N.V./ Unilever PLC
39,47780.40,Food,Switzerland,Nestl_ S.A.
40,47581.50,"Electronics, Electrical Equip.",Japan,Sony Corporation
41,46467.60,Motor Vehicles and Parts,Italy,Fiat
42,46279.90,Trading,Germany,Veba AG
43,46148.70,Telecommunications,Germany,Deutsche Telekom AG
44,46044.90,Insurance: Property and Casualty (Stock),Germany,Allianz Holding
19,70398.40,"Electronics, Electrical Equip.",Japan,"Matsushita Electric Industrial Co., Ltd."
20,70028.00,"Electronics, Electrical Equip.",U.S.,General Electric Company
21,67755.80,Trading,Japan,Tomen Corporation
22,66724.00,Petroleum Refining,U.S.,Mobil Corporation
23,62568.50,Motor Vehicles and Parts,Japan,"Nissan Motor Co., Ltd."
24,61489.10,Motor Vehicles and Parts,Germany,Volkswagen
25,60673.60,"Electronics, Electrical Equip.",Germany,Siemens AG
26,58052.40,"Insurance: Life, Health (Mutual)",Japan,The Dai-ichi Mutual Life Insurance Co.
27,56981.90,Petroleum Refining,Britain,The British Petroleum p.l.c.
28,56459.00,Food and Drug Stores,Switzerland,Metro Holding AG
29,54293.50,"Mail, Package, and Freight Delivery",U.S.,United States Postal Service
7,137137.00,Motor Vehicles and Parts,U.S.,Ford Motor Company
8,111052.00,Motor Vehicles and Parts,Japan,Toyota Motor Corporation
9,110009.00,Petroleum Refining,U.S.,Exxon Corporation
10,109833.70,Petroleum Refining,Britain/Netherlands,Royal Dutch/Shell Group
11,97886.40,Trading,Japan,Nissho Iwai Corporation
12,93627.00,General Merchandisers,U.S.,"Wal-Mart Stores, Inc."
13,84167.10,"Electronics, Electrical Equip.",Japan,"Hitachi, Ltd."
14,83206.70,"Insurance: Life, Health (Mutual)",Japan,Nippon Life Insurance Company
15,81937.20,Telecommunications,Japan,Nippon Telegraph &amp; Telephone Corporation
16,79609.00,Telecommunications,U.S.,AT&amp;T Corp.
17,72256.10,Motor Vehicles and Parts,Germany,Daimler-Benz AG
18,71940.00,"Computers, Office Equipment",U.S.,International Business Machines Corporation
1,184365.20,Trading,Japan,Mitsubishi Corporation
2,181518.70,Trading,Japan,"Mitsui &amp; Co., Ltd."
3,169164.60,Trading,Japan,Itochu Corporation
4,168828.60,Motor Vehicles and Parts,U.S.,General Motors Corporation
5,167530.70,Trading,Japan,Sumitomo Corporation
6,161057.40,Trading,Japan,Marubeni Corporation
