rank,revenues,industry,hqCountry,title
304,13828.10,"Insurance: Life, Health (Mutual)",U.S.,Teachers Insurance &amp; Annuity Association of America
305,13792.00,Insurance: Property and Casualty (Stock),Britain,General Accident plc
307,13685.50,"Engineering, Construction",Japan,Obayashi Corporation
308,13614.20,Metals,Japan,Kobe Steel Ltd.
311,13478.80,Wholesalers,U.S.,McKesson Corporation
312,13455.10,Petroleum Refining,Belgium,PetroFina S.A.
330,13040.50,Insurance: Property and Casualty (Stock),Japan,"The Yasuda Fire &amp; Marine Insurance Co. , Ltd."
331,13025.30,Pharmaceuticals,Britain,"Glaxo Wellcome, PLC"
322,13150.80,Chemicals,Norway,Norsk Hydro ASA
323,13149.10,Forest and Paper Products,U.S.,Kimberly-Clark Corporation
324,13146.70,zMiscellaneous,Japan,Dentsu Inc.
325,13144.00,Securities,U.S.,Morgan Stanley Group
326,13128.40,Metals,U.S.,Alcoa
327,13112.80,Rubber and Plastic Products,U.S.,The Goodyear Tire &amp; Rubber Company
328,13081.40,Telecommunications,U.S.,Bell Atlantic Corporation
329,13064.70,Food and Drug Stores,France,Groupe Casino
314,13423.90,Utilities: Gas and Electric,Japan,"Tohoku Electric Power Co., Inc."
315,13395.10,Wholesalers,U.S.,SYSCO Corporation
316,13362.80,"Insurance: Life, Health (Mutual)",Britain,The Standard Life Assurance Company
317,13338.70,Motor Vehicles and Parts,Japan,Suzuki Motor Corporation
318,13314.00,Food,U.S.,Archer Daniels Midland Company
319,13307.00,Chemicals,Netherlands,Akzo Nobel N.V.
320,13289.00,Energy,U.S.,Enron Corp.
321,13262.00,Airlines,Britain,British Airways plc
313,13453.80,Telecommunications,U.S.,NYNEX Corporation
341,12742.40,Metal Products,France,Pechiney
342,12716.90,Banks: Commercial and Savings,Germany,Bayerische Landesbank Girozentrale
343,12702.70,Specialty Retailers,Germany,Otto Versand (GmbH &amp; Co.)
344,12624.20,Banks: Commercial and Savings,Spain,"Banco Bilbao Vizcaya, S.A."
345,12601.00,General Merchandisers,U.S.,The May Department Stores Company
346,12575.80,Beverages,Britain,Grand Metropolitan PLC
347,12553.50,Utilities: Gas and Electric,Japan,"Kyushu Electric Power Co., Inc."
333,13024.00,Forest and Paper Products,U.S.,Georgia-Pacific Corporation
334,13021.60,Food and Drug Stores,Switzerland,Migros
335,12955.50,Food and Drug Stores,U.S.,"Winn-Dixie Stores, Inc."
336,12945.10,Banks: Commercial and Savings,Germany,Deutsche Genossenschaftsbank A.G.
337,12942.10,Metals,Japan,"Sumitomo Metal Industries, Ltd."
338,12915.50,Pharmaceuticals,Switzerland,Roche Holding Ltd.
339,12911.00,Telecommunications,U.S.,"U S WEST, Inc."
340,12852.00,Banks: Commercial and Savings,Germany,Bankgesellschaft Berlin AG
332,13024.40,"Engineering, Construction",Japan,"Sekisui House, Ltd."
351,12455.00,Airlines,U.S.,"Delta Air Lines, Inc."
352,12441.60,General Merchandisers,Britain,Marks &amp; Spencer PLC
353,12427.50,Telecommunications,Netherlands,"Royal PTT Nederland, NV"
354,12375.70,Pharmaceuticals,Britain,Smithkline Beecham plc
355,12358.30,"Insurance: Life, Health (stock)",U.S.,Nationwide Insurance Enterprise
356,12330.50,"Electronics, Electrical Equip.",U.S.,Raytheon Company
348,12541.10,Trading,Japan,Kawasho Corporation
349,12538.80,Food,U.S.,"IBP, Inc."
350,12473.00,Insurance: Property and Casualty (Stock),U.S.,Hartford Financial Services Group Inc.
371,11990.00,Metals,South Korea,Pohang Iron &amp; Steel Co. Ltd.
372,11985.00,Banks: Commercial and Savings,U.S.,First Union Corporation
373,11920.20,Petroleum Refining,U.S.,The Coastal Corporation
374,11887.20,Petroleum Refining,Japan,"Cosmo Oil Co., Ltd."
360,12202.00,"Insurance: Life, Health (Mutual)",Japan,Daido Life Insurance Company
361,12199.30,Banks: Commercial and Savings,Italy,Gruppo Cassa Di Risparmio Di Roma
363,12116.00,Diversified Financials,U.S.,Federal Home Loan Mortgage Corp.
364,12110.00,"Insurance: Life, Health (Mutual)",U.S.,Northwestern Mutual Life Insurance Company
365,12084.20,Entertainment,U.S.,Viacom Inc.
366,12065.60,Banks: Commercial and Savings,Canada,Royal Bank of Canada
367,12054.90,Banks: Commercial and Savings,Brazil,Banco Bradesco S.A.
368,12047.30,"Electronics, Electrical Equip.",France,Schneider SA
369,12023.50,Wholesalers,U.S.,"Ingram Micro, Inc."
357,12300.70,Petroleum Refining,U.S.,Ashland Inc.
358,12299.10,Telecommunications,Switzerland,PTT Suisses
359,12258.10,Banks: Commercial and Savings,Japan,"The Nippon Credit Bank , Ltd."
385,11553.60,Petroleum Refining,Malaysia,Petroliam Nasional Berhad
386,11516.30,Banks: Commercial and Savings,Australia,National Australia Bank Limited
388,11466.90,Chemicals,Japan,"Asahi Chemical Industry Co., Ltd."
389,11461.30,Metals,Britain,British Steel PLC
390,11452.40,Forest and Paper Products,Finland,UPM-Kymmene Group
391,11395.20,Banks: Commercial and Savings,Japan,"The Sumitomo Trust &amp; Banking Co.,Ltd."
384,11605.00,Food and Drug Stores,Hong Kong,Jardine Matheson Holdings Ltd.
375,11872.60,"Building Materials, Glass",Japan,"Asahi Glass Co., Ltd."
377,11778.40,Food and Drug Stores,U.S.,Walgreen Co.
378,11713.00,"Electronics, Electrical Equip.",U.S.,Texas Instruments Incorporated
379,11684.20,"Computers, Office Equipment",Japan,"Ricoh Company, Ltd."
380,11674.40,Food and Drug Stores,Japan,"The Seiyu, Ltd."
381,11668.70,"Insurance: Life, Health (Mutual)",Japan,Toho Mutual Life Insurance Company
382,11657.70,Banks: Commercial and Savings,Italy,Cariplo S.P.A.
383,11631.20,"Publishing, Printing",Japan,"Dai Nippon Printing Co., Ltd."
393,11350.80,Petroleum Refining,Japan,Showa Shell Sekiyu K.K.
394,11313.70,"Publishing, Printing",Japan,"Toppan Printing Co., Ltd."
395,11306.00,Pharmaceuticals,U.S.,Pfizer Inc.
396,11282.40,zMiscellaneous,Japan,"Mitsui Fudosan Co., Ltd."
397,11229.40,Industrial and Farm Equipment,U.S.,Deere &amp; Company
398,11213.00,Metal Products,Japan,"Sumitomo Electric Industries, Ltd."
399,11207.60,Banks: Commercial and Savings,Britain,Abbey National plc
400,11194.00,Beverages,Canada,The Seagram Company Ltd.
392,11361.80,Railroads,Japan,Central Japan Railway Company
303,13834.00,Aerospace,U.S.,McDonnell Douglas Corporation
301,13864.60,Diversified Financials,U.S.,College Retirement Equities Fund
302,13862.40,Airlines,Germany,Deutsche Lufthansa AG
200,18109.00,"Computers, Office Equipment",U.S.,Compaq Computer Corporation
199,18217.90,Food and Drug Stores,France,Groupe Auchan
197,18494.00,Telecommunications,U.S.,MCI Communications Corporation
198,18355.00,Insurance: Property and Casualty (Stock),Britain,Commercial Union PLC
196,18546.00,Beverages,U.S.,The Coca-Cola Company
195,18624.00,Food,U.S.,Sara Lee Corporation
194,18650.20,"Engineering, Construction",Japan,Kajima Corporation
193,18678.10,Food and Drug Stores,U.S.,American Stores Company
192,18739.00,Entertainment,U.S.,The Walt Disney Company
191,18767.00,Telecommunications,Sweden,Telefonaktiebolaget Lm Ericsson
189,18906.60,"Insurance: Life, Health (Mutual)",Japan,The Yasuda Mutual Life Insurance Company
190,18902.40,Banks: Commercial and Savings,Switzerland,Union Bank of Switzerland
188,18950.00,"Insurance: Life, Health (stock)",U.S.,CIGNA Corporation
186,19062.00,"Insurance: Life, Health (stock)",France,Assurances G_n_rales de France
187,19040.00,Telecommunications,U.S.,BellSouth Corporation
185,19168.50,Petroleum Refining,U.S.,Atlantic Richfield Company
182,19260.20,"Engineering, Construction",France,Lyonnaise des Eaux
183,19186.30,Petroleum Refining,Japan,"Nippon Oil Co., Ltd."
184,19181.10,Energy,Spain,Sociedad Estatal De Participaciones Industriales
181,19272.90,Utilities: Gas and Electric,Japan,"Chubu Electric Power Co., Inc."
180,19521.00,"Computers, Office Equipment",U.S.,Xerox Corporation
179,19535.50,Specialty Retailers,U.S.,"The Home Depot, Inc."
178,19566.50,Specialty Retailers,U.S.,"Costco Companies, Inc."
176,19691.80,Banks: Commercial and Savings,Britain,Barclays Bank PLC
177,19690.50,Banks: Commercial and Savings,Germany,Commerzbank A.G.
175,19828.70,Pharmaceuticals,U.S.,"Merck &amp; Co., Inc."
174,19909.00,Health Care,U.S.,Columbia/HCA Healthcare Corp.
173,19964.80,Insurance: Property and Casualty (Stock),U.S.,Loews Corporation
171,20080.60,Railroads,Germany,Deutsche Bahn
172,20053.00,Chemicals,U.S.,The Dow Chemical Company
170,20120.20,Food and Drug Stores,Japan,"Jusco Co., Ltd."
169,20143.00,Forest and Paper Products,U.S.,International Paper Company
167,20310.20,Insurance: Property and Casualty (Stock),Britain,Royal &amp; Sun Alliance Insurance Group plc
165,20395.10,Banks: Commercial and Savings,Japan,"The Dai-Ichi Kangyo Bank , Limited"
166,20372.60,Banks: Commercial and Savings,Britain,Lloyds TSB Group plc
163,20473.50,Banks: Commercial and Savings,Germany,Westdeutsche Landesbank Girozentrale
164,20416.00,Banks: Commercial and Savings,China,Bank Of China
162,20658.00,"Electronics, Electrical Equip.",Canada,BCE Inc.
161,20847.00,"Electronics, Electrical Equip.",U.S.,Intel Corporation
160,20987.00,Banks: Commercial and Savings,Japan,"The Long-Term Credit Bank of Japan, Ltd."
158,21208.20,"Insurance: Life, Health (Mutual)",Japan,Mitsui Mutual Life Insurance Co.
159,21076.00,Petroleum Refining,U.S.,USX Corporation
156,21251.90,Food and Drug Stores,Britain,J. Sainsbury plc
154,21345.40,Insurance: Property and Casualty (Stock),U.S.,Travelers Group Inc.
155,21339.20,Telecommunications,U.S.,GTE Corporation
153,21489.30,Banks: Commercial and Savings,Germany,Dresdner Bank AG
151,21669.10,Food and Drug Stores,Netherlands,Koninklijke Ahold
152,21620.00,Pharmaceuticals,U.S.,Johnson &amp; Johnson
150,21942.00,Food and Drug Stores,Britain,Tesco PLC
149,22071.00,Banks: Commercial and Savings,U.S.,BankAmerica Corporation
147,22368.00,"Mail, Package, and Freight Delivery",U.S.,"United Parcel Service of America, Inc."
148,22317.70,Railroads,Japan,East Japan Railway Company
146,22553.90,Energy,Russia,RAO Gazprom
145,22646.40,"Insurance: Life, Health (stock)",Belgium/Netherlands,Fortis
144,22681.00,Aerospace,U.S.,The Boeing Company
142,22694.10,Securities,Hong Kong,Peregrine Investments Holdings Limited
143,22693.20,Banks: Commercial and Savings,Japan,"The Sakura Bank, Ltd."
140,22810.70,Banks: Commercial and Savings,Japan,"The Sumitomo Bank, Ltd."
141,22783.70,Banks: Commercial and Savings,Britain,National Westminster Bank Plc
139,23045.40,Industrial and Farm Equipment,Germany,Mannesmann AG
137,23238.00,"Insurance: Life, Health (stock)",U.S.,Metropolitan Life Insurance Co.
138,23178.50,Utilities: Gas and Electric,Japan,"The Kansai Electric Power Co., Inc."
136,23265.90,Motor Vehicles and Parts,Sweden,AB Volvo
135,23512.00,Aerospace,U.S.,United Technologies Corporation
133,23574.10,Insurance: Property and Casualty (Stock),Switzerland,Winterthur Group
134,23515.80,"Computers, Office Equipment",Japan,Canon Inc.
132,23649.00,General Merchandisers,U.S.,"J.C. Penney Company, Inc."
130,23695.20,Telecommunications,Britain,British Telecommunications PLC
131,23689.40,"Mail, Package, and Freight Delivery",Japan,Japan Postal Service
128,24071.30,Banks: Commercial and Savings,Japan,"The Fuji Bank, Ltd."
129,23833.10,Utilities: Gas and Electric,Italy,Enel S.P.A.
127,24125.30,Banks: Commercial and Savings,France,Banque Nationale de Paris
125,24299.00,Insurance: Property and Casualty (Stock),U.S.,The Allstate Corporation
123,24821.60,Food,U.S.,"ConAgra, Inc."
124,24710.30,"Electronics, Electrical Equip.",South Korea,"Samsung Electronics Co., Ltd."
122,24937.20,Tobacco,Britain,B.A.T Industries plc
121,25011.00,Securities,U.S.,"Merrill Lynch &amp; Co., Inc."
120,25054.00,Diversified Financials,U.S.,Fannie Mae
119,25170.90,Food and Drug Stores,U.S.,The Kroger Company
117,25371.00,General Merchandisers,U.S.,Dayton Hudson Corporation
118,25180.40,Banks: Commercial and Savings,France,Cr_dit Lyonnais
116,25399.70,"Insurance: Life, Health (stock)",France,CNP Assurances S.A.
115,25432.60,"Insurance: Life, Health (Mutual)",Japan,Asahi Mutual Life Insurance Co.
113,26158.80,Industrial and Farm Equipment,Germany,Thyssen AG
114,26010.50,Banks: Commercial and Savings,France,Soci_t_ G_n_rale
112,26875.00,Aerospace,U.S.,Lockheed Martin Corporation
111,27137.10,Food and Drug Stores,Japan,"Ito-Yokado Co., Ltd."
109,27278.50,Trading,South Korea,Hyundai Corp.
110,27178.40,Metals,Japan,Nippon Steel Corporation
108,27339.80,Motor Vehicles and Parts,Germany,Robert Bosch GmbH
107,27421.00,Banks: Commercial and Savings,U.S.,The Chase Manhattan Corporation
105,27651.20,Banks: Commercial and Savings,Netherlands,ABN-AMRO Holding N.V.
106,27647.00,Banks: Commercial and Savings,Switzerland,Credit Suisse Group
104,27833.90,"Insurance: Life, Health (stock)",Britain,Prudential Corporation plc
103,27899.20,Industrial and Farm Equipment,Japan,"Mitsubishi Heavy Industries, Ltd."
102,27972.80,Banks: Commercial and Savings,Japan,"The Sanwa Bank, Ltd."
101,27973.00,"Electronics, Electrical Equip.",U.S.,"Motorola, Inc."
487,9401.00,Entertainment,U.S.,Westinghouse Electric Corporation
488,9399.70,"Engineering, Construction",Japan,"Kumagai Gumi Co., Ltd."
489,9387.00,"Insurance: Life, Health (stock)",U.S.,The Principal Financial Group
490,9329.30,Metals,Germany,Degussa A.G.
491,9320.90,Food and Drug Stores,Canada,George Weston Ltd.
492,9296.60,General Merchandisers,Japan,Mitsukoshi Ltd.
493,9293.90,zMiscellaneous,Japan,"Toray Industries, Inc."
494,9278.30,Insurance: Property and Casualty (Stock),Japan,"Mitsui Marine &amp; Fire Insurance Co., Ltd."
495,9274.00,Aerospace,U.S.,Textron Inc.
496,9262.00,Chemicals,U.S.,Monsanto Company
497,9241.80,Utilities: Gas and Electric,Japan,"The Chugoku Electric Power Co., Inc."
498,9230.00,"Insurance: Life, Health (Mutual)",U.S.,Massachusetts Mutual Life Insurance
499,9181.20,"Insurance: Life, Health (Mutual)",Japan,Fukoku Mutual Life Insurance Co.
500,9169.00,Banks: Commercial and Savings,Italy,Banca Monte Dei Paschi Di Siena SPA
472,9759.50,"Electronics, Electrical Equip.",Britain,"GEC (General Electric Co., p.l.c.)"
473,9756.30,Industrial and Farm Equipment,Japan,Komatsu Ltd.
474,9738.40,Specialty Retailers,Britain,Inchcape plc
475,9706.80,Forest and Paper Products,Japan,"Nippon Paper Industries Co., Ltd."
476,9697.70,Metal Products,U.S.,Gillette Company
477,9610.00,Utilities: Gas and Electric,U.S.,PG&amp;E Corp.
478,9598.70,Telecommunications,Britain,Cable and Wireless PLC
479,9588.00,Telecommunications,U.S.,Pacific Telesis Group
480,9565.00,Banks: Commercial and Savings,U.S.,Bankers Trust New York Corporation
481,9521.20,Banks: Commercial and Savings,Canada,Bank of Montreal
482,9516.10,Industrial and Farm Equipment,Japan,"Ishikawajima-Harima HeavyIndustries Co., Ltd."
483,9500.50,Entertainment,France,HAVAS S.A.
484,9462.60,Trading,Japan,"Nittetsu Shoji Co., Ltd."
485,9455.90,Banks: Commercial and Savings,Japan,"The Mitsui Trust &amp; Banking Co., Ltd. Limited."
486,9411.60,Food and Drug Stores,Britain,ASDA Group PLC
459,10051.00,Railroads,U.S.,Union Pacific Corporation
460,10009.40,Motor Vehicles and Parts,U.S.,"Johnson Controls, Inc."
461,9942.70,Wholesalers,U.S.,Bergen Brunswig Corporation
462,9935.80,Entertainment,Australia,The News Corporation Limited
464,9922.60,Petroleum Refining,U.S.,Tosco Corporation
465,9880.50,Airlines,U.S.,"Northwest Airlines, Inc."
466,9875.00,Petroleum Refining,U.S.,"Sun Company, Inc."
467,9860.80,"Insurance: Life, Health (stock)",Sweden,Skandia Group
468,9844.30,Food,U.S.,CPC International Inc.
469,9833.00,"Computers, Office Equipment",U.S.,"Apple Computer, Inc."
470,9816.20,Petroleum Refining,Taiwan,Chinese Petroleum Corp.
471,9788.60,Food,U.S.,"Farmland Industries, Inc."
444,10272.40,Banks: Commercial and Savings,U.S.,Banc One Corporation
445,10248.70,Trading,Japan,Sumikin Bussan Corporation
446,10236.90,"Insurance: Life, Health (stock)",Japan,"The Kyoei Life Insurance Co., Ltd."
447,10172.00,"Hotels, Casinos, Resorts",U.S.,"Marriott International, Inc."
448,10170.00,Banks: Commercial and Savings,Britain,Halifax Building Society
449,10163.30,"Insurance: Life, Health (stock)",South Korea,"Kyobo Life Insurance Co., Ltd."
450,10134.40,Industrial and Farm Equipment,Japan,Kubota Corporation
451,10117.00,Banks: Commercial and Savings,U.S.,First Chicago NBD Corp.
452,10106.40,"Mail, Package, and Freight Delivery",Britain,British Post Office
453,10105.50,Aerospace,France,A_rospatiale
454,10094.20,Aerospace,Britain,British Aerospace Public Limited Company
455,10089.00,Food and Drug Stores,U.S.,"The Great Atlantic &amp; Pacific Tea Company, I"
456,10073.80,Health Care,U.S.,United HealthCare Corporation
457,10064.00,Entertainment,U.S.,Time Warner Inc.
458,10060.70,Forest and Paper Products,Japan,"Oji Paper Co., Ltd."
431,10535.80,Metals,Japan,Mitsubishi Materials Corporation
432,10526.00,Food and Drug Stores,U.S.,"Publix Super Markets, Inc."
433,10509.00,Banks: Commercial and Savings,Italy,Banca Commerciale Italiana S.P.A.
434,10506.70,Banks: Commercial and Savings,Belgium,Generale Bank SA
435,10500.30,Insurance: Property and Casualty (Stock),U.S.,Berkshire Hathaway Inc.
436,10497.20,"Engineering, Construction",Japan,"Sekisui Chemical Co., Ltd."
437,10454.90,Food and Drug Stores,Britain,Safeway plc
438,10387.70,Chemicals,France,CEA-Industrie
439,10358.00,Utilities: Gas and Electric,U.S.,Southern Company
440,10321.60,zMiscellaneous,U.S.,"Waste Management, Inc."
441,10310.10,Motor Vehicles and Parts,U.S.,TRW Inc.
442,10305.50,Banks: Commercial and Savings,Italy,Credito Italiano
443,10273.60,"Mail, Package, and Freight Delivery",U.S.,Federal Express Corporation
417,10869.10,zMiscellaneous,Japan,"Kawasaki Heavy Industries, Ltd."
418,10858.00,Motor Vehicles and Parts,Japan,Fuji Heavy Industries Ltd.
419,10854.40,Food and Drug Stores,Australia,Woolworths Limited
420,10851.80,Banks: Commercial and Savings,Italy,Banca Nazionale del Lavoro SPA
421,10831.30,"Soaps, Cosmetics",Germany,Henkel KGaA
422,10783.10,Food,Japan,"Snow Brand Milk Products Co., Ltd."
423,10780.70,Wholesalers,Germany,Edeka Zentrale
424,10736.00,Railroads,Japan,West Japan Railway Company
425,10704.50,Metals,Germany,Metallgesellschaft A.G.
427,10610.10,Utilities: Gas and Electric,France,Gaz de France S.A.
428,10557.00,Chemicals,U.S.,Occidental Petroleum Corporation
429,10549.80,"Engineering, Construction",Japan,"Daiwa House Industry Co., Ltd."
430,10536.00,Railroads,U.S.,CSX Corporation
413,10941.10,Metals,Japan,Kawasaki Steel Corporation
414,10896.70,Banks: Commercial and Savings,Canada,Canadian Imperial Bank of Commerce
415,10890.90,Banks: Commercial and Savings,Japan,"The Asahi Bank, Ltd."
416,10883.70,Beverages,U.S.,"Anheuser-Busch Companies, Inc."
403,11130.10,Banks: Commercial and Savings,Japan,The Mitsubishi Trust &amp; Banking Corp.
404,11122.60,Wholesalers,U.S.,"Ikon Office Solutions, Inc."
405,11116.40,"Scientific,Photographic and Control Equipment",Japan,"Fuji Photo Film Co., Ltd."
406,11114.00,Forest and Paper Products,U.S.,Weyerhaeuser Company
407,11060.80,"Electronics, Electrical Equip.",Japan,"Matsushita Electric Works, Ltd."
408,11015.20,"Engineering, Construction",U.S.,Fluor Corporation
409,11013.50,Pharmaceuticals,U.S.,Abbott Laboratories
410,10982.00,Motor Vehicles and Parts,U.S.,"Tenneco, Inc."
411,10967.00,Insurance: Property and Casualty (Mutual),U.S.,Liberty Mutual Insurance Group
412,10954.50,zMiscellaneous,Britain,Peninsular &amp; Oriental Steam Navigation Company
298,13888.90,Metals,France,Usinor
299,13883.60,"Insurance: Life, Health (Mutual)",Japan,The Taiyo Mutual Life Insurance Co.
300,13866.60,Motor Vehicles and Parts,Germany,MAN AG
401,11176.60,General Merchandisers,Japan,"Takashimaya Co., Ltd."
402,11149.90,"Electronics, Electrical Equip.",U.S.,Emerson Electric Co.
284,14343.00,"Electronics, Electrical Equip.",U.S.,Rockwell International Corporation
285,14341.00,"Engineering, Construction",France,Bouygues
286,14260.00,Securities,U.S.,"Lehman Brothers Holdings, Inc."
288,14236.00,"Scientific,Photographic and Control Equipment",U.S.,Minnesota Mining &amp; Manufacturing Company
289,14234.90,Telecommunications,U.S.,Sprint Corporation
290,14214.10,"Engineering, Construction",Japan,Takenaka Corporation
291,14130.50,Insurance: Property and Casualty (Stock),Switzerland,Swiss Reinsurance Company
292,14088.30,Pharmaceuticals,U.S.,American Home Products Corporation
293,14061.00,"Hotels, Casinos, Resorts",Japan,"Japan Travel Bureau, Inc."
294,14035.90,Banks: Commercial and Savings,Netherlands,Rabobank Group
295,13971.00,Aerospace,U.S.,AlliedSignal Inc.
296,13913.20,Airlines,Japan,"Japan Airlines Company, Ltd."
297,13898.20,Telecommunications,U.S.,SBC Communications Inc.
269,14780.20,Petroleum Refining,Japan,Japan Energy Corporation
270,14765.50,"Electronics, Electrical Equip.",South Korea,LG Electronics
271,14761.80,Utilities: Gas and Electric,Britain,BG plc
272,14749.20,Petroleum Refining,Japan,"Idemitsu Kosan Co., Ltd."
273,14728.00,"Publishing, Printing",Germany,Bertelsmann AG
274,14563.80,"Building Materials, Glass",Britain,Hanson PLC
275,14562.80,"Computers, Office Equipment",U.S.,Digital Equipment Corporation
276,14522.20,"Insurance: Life, Health (stock)",Netherlands,AEGON N.V.
277,14510.30,Diversified Financials,France,Compagnie De Suez
278,14491.20,Motor Vehicles and Parts,South Korea,Hyundai Motor
279,14459.30,Banks: Commercial and Savings,Spain,Santander Group
280,14426.10,Motor Vehicles and Parts,Japan,Denso Corporation
281,14418.10,Food and Drug Stores,Australia,Coles Myer Ltd.
282,14393.70,Utilities: Gas and Electric,South Korea,Korea Electric Power Corporation
283,14364.10,Rubber and Plastic Products,France,Co. Generale Michelin
254,15708.70,Banks: Commercial and Savings,Switzerland,Swiss Bank Corporation
255,15690.60,"Insurance: Life, Health (Mutual)",Switzerland,Swiss Life Insurance &amp; Pension Co
256,15657.00,Banks: Commercial and Savings,Brazil,Banco Do Brasil
257,15650.00,Petroleum Refining,India,Indian Oil Corporation Limited
258,15442.00,Railroads,France,Societe Nationale des Chemins de Fer Francais
259,15379.40,Chemicals,Japan,Mitsubishi Chemical Corporation
260,15268.60,Banks: Commercial and Savings,Italy,Istituto Bancario San Paolo Di Torino
261,15252.90,"Engineering, Construction",Japan,Shimizu Corporation
262,15229.00,General Merchandisers,U.S.,"Federated Department Stores, Inc."
264,15065.00,Pharmaceuticals,U.S.,Bristol-Myers Squibb Company
265,15062.20,Banks: Commercial and Savings,Germany,Bayerische Hypotheken-und Wechsel-Bank AG
266,14923.10,Metals,Australia,The Broken Hill Proprietary Company Limited
267,14917.00,Telecommunications,U.S.,Ameritech Corporation
268,14883.60,Industrial and Farm Equipment,Britain,BTR plc
242,16051.20,Tobacco,Japan,Japan Tobacco Inc.
243,15978.20,General Merchandisers,Germany,Karstadt Group
244,15972.20,Metals,Germany,Fried. Krupp AG Hoesch-Krupp
245,15968.00,"Scientific,Photographic and Control Equipment",U.S.,Eastman Kodak Company
246,15932.50,Trading,Japan,Toyota Tsusho Corporation
247,15897.00,"Electronics, Electrical Equip.",Japan,Sharp Corporation
248,15866.00,Banks: Commercial and Savings,U.S.,J.P. Morgan &amp; Co. Incorporated
249,15851.70,"Mail, Package, and Freight Delivery",Japan,"Nippon Express Co., Ltd."
251,15823.60,Banks: Commercial and Savings,Japan,"The Tokai Bank, Ltd."
252,15807.00,Petroleum Refining,U.S.,Phillips Petroleum Company
253,15713.50,General Merchandisers,France,Groupe Pinault-Printemps
228,16609.90,Food,Italy,Compart SPA
229,16582.80,"Mining, Crude-Oil Production",Norway,Den norske stats oljeselskap a.s
230,16572.20,"Mining, Crude-Oil Production",Germany,RAG Ag.
231,16551.90,Wholesalers,U.S.,"Supervalu, Inc."
232,16522.00,Industrial and Farm Equipment,U.S.,"Caterpillar, Inc."
233,16519.00,Petroleum Refining,Spain,"Repsol,S.A."
234,16486.70,Wholesalers,U.S.,"Fleming Companies, Inc."
235,16428.00,Chemicals,Britain,Imperial Chemical Industries Plc
236,16406.60,Food,France,Groupe Danone
237,16399.10,"Electronics, Electrical Equip.",Sweden,AB Electrolux
238,16394.50,Telecommunications,Brazil,Telecomunicacoes Brasileiras S.A.
239,16391.00,"Electronics, Electrical Equip.",Japan,"Sanyo Electric Co., Ltd."
240,16362.00,Airlines,U.S.,UAL Corporation
241,16185.80,General Merchandisers,Japan,MYCAL CORPORATION
212,17530.00,"Insurance: Life, Health (stock)",South Korea,"Samsung Life Insurance Co., Ltd."
213,17509.00,Banks: Commercial and Savings,U.S.,NationsBank Corporation
214,17347.00,"Insurance: Life, Health (Mutual)",U.S.,New York Life Insurance Company
215,17319.50,Banks: Commercial and Savings,Japan,The Norinchukin Bank
216,17311.10,Trading,South Korea,LG International Corp.
217,17280.00,Diversified Financials,U.S.,American Express Company
218,17269.00,Food and Drug Stores,U.S.,Safeway Inc.
219,17094.80,"Mail, Package, and Freight Delivery",France,La Poste
220,17075.00,Motor Vehicles and Parts,Japan,Isuzu Motors Limited
221,17063.00,Food,U.S.,RJR Nabisco Holdings Corporation
222,16900.20,"Insurance: Life, Health (stock)",U.S.,"Aetna, Inc."
223,16816.90,Motor Vehicles and Parts,Japan,Mazda Motor Corporation
224,16778.40,"Insurance: Life, Health (Mutual)",Japan,The Chiyoda Mutual Life Insurance Co.
226,16757.20,Wholesalers,Germany,Franz Haniel &amp; Cie.GmbH
227,16670.00,Metals,Japan,NKK Corporation
201,18093.90,Insurance: Property and Casualty (Stock),Japan,"The Tokio Marine &amp; Fire Insurance Co., Ltd."
203,17998.60,Rubber and Plastic Products,Japan,Bridgestone Corporation
204,17953.00,Trading,China,China National Chemicals Import and Export Corporation
205,17861.50,"Building Materials, Glass",France,Saint-Gobain
206,17787.20,Trading,Germany,Preussag AG
207,17769.90,Trading,Netherlands Antilles,SHV Holdings N.V.
208,17753.00,Airlines,U.S.,AMR Corporation
209,17742.20,"Mail, Package, and Freight Delivery",Germany,Deutsche Post AG
210,17597.90,"Engineering, Construction",Japan,Taisei Corporation
211,17597.70,Banks: Commercial and Savings,Germany,Bayerische Vereinsbank A.G.
89,30760.50,Insurance: Property and Casualty (Stock),Switzerland,Zurich Insurance Group
90,30530.80,Petroleum Refining,South Korea,Ssangyong Business Group
91,30277.10,Food and Drug Stores,France,Carrefour
92,30208.00,Banks: Commercial and Savings,Japan,"The Industrial Bank of Japan, Ltd."
93,29618.50,Insurance: Property and Casualty (Stock),Italy,Assicurazioni Generali
94,29564.50,Telecommunications,France,France T_l_com SA
95,29310.20,Pharmaceuticals,Switzerland,Novartis Group
96,28859.90,Banks: Commercial and Savings,Britain,Hsbc Holdings
98,28281.20,General Merchandisers,Japan,"The Daiei, Inc."
99,28207.70,Trading,Germany,VIAG
100,28205.30,Insurance: Property and Casualty (Stock),U.S.,"American International Group,Inc."
75,33175.40,"Insurance: Life, Health (Mutual)",Japan,Meiji Life Insurance Company
76,33072.60,"Electronics, Electrical Equip.",Japan,Mitsubishi Electric Corporation
77,32726.00,Petroleum Refining,U.S.,Amoco Corporation
78,32681.40,Insurance: Property and Casualty (Stock),France,AXA
79,32605.00,Banks: Commercial and Savings,U.S.,Citicorp
80,32601.20,Motor Vehicles and Parts,Japan,Mitsubishi Motors Corporation
81,32428.80,"Engineering, Construction",France,Compagnie G_n_rale des Eaux
82,32409.60,Chemicals,Germany,BASF A.G.
83,32298.00,Chemicals,Germany,Bayer AG
84,32259.50,Banks: Commercial and Savings,France,Gan
85,31683.80,"Electronics, Electrical Equip.",France,Alcatel Alsthom Group
86,31645.00,Food Services,U.S.,"PepsiCo, Inc."
87,31437.00,General Merchandisers,U.S.,Kmart Corporation
88,30868.80,Trading,Japan,Kanematsu Corporation
60,38420.00,"Computers, Office Equipment",U.S.,Hewlett-Packard Company
61,38236.00,General Merchandisers,U.S.,"Sears, Roebuck &amp; Company"
62,36567.70,Food and Drug Stores,Switzerland,Metro Holding AG
63,35979.10,Motor Vehicles and Parts,France,Renault
64,35912.50,"Insurance: Life, Health (stock)",Netherlands,ING Group N.V.
65,35284.00,"Soaps, Cosmetics",U.S.,The Procter &amp; Gamble Company
66,34727.90,Motor Vehicles and Parts,Germany,Bayerische Motoren Werke A.G.
67,34619.60,Banks: Commercial and Savings,France,Cr_dit Agricole Group
68,34574.00,"Electronics, Electrical Equip.",Switzerland,ABB Asea Brown Boveri Ltd
69,34545.10,Trading,Japan,Nichimen Corporation
70,34513.00,Petroleum Refining,France,TOTAL
71,34286.50,Trading,South Korea,Samsung Corporation
72,33914.70,Motor Vehicles and Parts,France,Peugeot
73,33855.00,Petroleum Refining,Venezuela,"Petroleos de Venezuela, S.A."
74,33838.80,Chemicals,Germany,Hoechst A.G.
46,44031.00,Petroleum Refining,South Korea,Sunkyong
47,43932.70,"Electronics, Electrical Equip.",Japan,NEC Corporation
49,42781.20,Insurance: Property and Casualty (Mutual),U.S.,State Farm Insurance Companies
50,41910.70,Telecommunications,Germany,Deutsche Telekom AG
51,41036.50,"Electronics, Electrical Equip.",Netherlands,Philips Electronics
52,40736.70,Insurance: Property and Casualty (Stock),France,Union Des Assurances de Paris
53,40175.00,"Insurance: Life, Health (Mutual)",U.S.,Prudential Insurance Company of America
54,39982.30,"Computers, Office Equipment",Japan,Fujitsu Limited
55,39689.00,Chemicals,U.S.,"E.I. du Pont de Nemours and Company, Inc."
56,39413.00,Banks: Commercial and Savings,Germany,Deutsche Bank
57,39289.20,Utilities: Gas and Electric,Germany,RWE Group
58,38843.50,Petroleum Refining,Italy,ENI S.p.A.
59,38691.00,Petroleum Refining,U.S.,Chevron Corporation
32,50509.00,Motor Vehicles and Parts,Italy,Fiat S.p.A.
33,50277.90,"Electronics, Electrical Equip.",Japan,Sony Corporation
34,49144.70,"Insurance: Life, Health (Mutual)",Japan,The Dai-ichi Mutual Life Insurance Co.
35,49055.70,Telecommunications,Italy,IRI
36,48932.50,Food,Switzerland,Nestl_ S.A.
37,48415.80,"Electronics, Electrical Equip.",Japan,Toshiba Corporation
38,46994.50,Motor Vehicles and Parts,Japan,"Honda Motor Co., Ltd."
39,46818.00,Petroleum Refining,France,Elf Aquitaine
40,46506.30,Trading,Japan,Tomen Corporation
41,46451.00,Banks: Commercial and Savings,Japan,The Bank of Tokyo-Mitsubishi Ltd.
42,45246.20,Trading,Germany,Veba AG
43,44735.00,Utilities: Gas and Electric,Japan,"The Tokyo Electric Power Co., Inc."
44,44561.00,Petroleum Refining,U.S.,Texaco Inc.
45,44063.30,"Insurance: Life, Health (Mutual)",Japan,Sumitomo Life Insurance Company
17,74525.00,Telecommunications,U.S.,AT&amp;T Corp.
18,72575.00,"Insurance: Life, Health (Mutual)",Japan,Nippon Life Insurance Company
19,72267.00,Petroleum Refining,U.S.,Mobil Corporation
20,71589.30,Motor Vehicles and Parts,Germany,Daimler-Benz AG
21,69851.90,Petroleum Refining,Britain,The British Petroleum p.l.c.
22,68147.50,"Electronics, Electrical Equip.",Japan,"Matsushita Electric Industrial Co., Ltd."
23,66527.50,Motor Vehicles and Parts,Germany,Volkswagen
24,65160.20,Motor Vehicles and Parts,South Korea,Daewoo Group
25,63704.70,"Electronics, Electrical Equip.",Germany,Siemens AG
26,61397.00,Motor Vehicles and Parts,U.S.,Chrysler Corporation
27,59118.20,Motor Vehicles and Parts,Japan,"Nissan Motor Co., Ltd."
28,56577.20,Insurance: Property and Casualty (Stock),Germany,Allianz AG
29,56402.00,"Mail, Package, and Freight Delivery",U.S.,United States Postal Service
30,54553.00,Tobacco,U.S.,Philip Morris Companies Inc.
31,52067.40,Food,Britain/Netherlands,Unilever N.V./ Unilever PLC
5,135542.10,Trading,Japan,Itochu Corporation
6,128174.50,Petroleum Refining,Britain/Netherlands,Royal Dutch/Shell Group
7,124026.90,Trading,Japan,Marubeni Corporation
8,119434.00,Petroleum Refining,U.S.,Exxon Corporation
9,119281.30,Trading,Japan,Sumitomo Corporation
10,108702.00,Motor Vehicles and Parts,Japan,Toyota Motor Corporation
11,106147.00,General Merchandisers,U.S.,"Wal-Mart Stores, Inc."
12,79179.00,"Electronics, Electrical Equip.",U.S.,General Electric Company
13,78921.20,Trading,Japan,Nissho Iwai Corporation
14,78320.70,Telecommunications,Japan,Nippon Telegraph &amp; Telephone Corporation
15,75947.00,"Computers, Office Equipment",U.S.,International Business Machines Corporation
16,75669.00,"Electronics, Electrical Equip.",Japan,"Hitachi, Ltd."
1,168369.00,Motor Vehicles and Parts,U.S.,General Motors Corporation
2,146991.00,Motor Vehicles and Parts,U.S.,Ford Motor Company
3,144942.80,Trading,Japan,"Mitsui &amp; Co., Ltd."
4,140203.70,Trading,Japan,Mitsubishi Corporation
