rank,revenues,industry,hqCountry,title
313,13378.40,Energy,U.S.,NGC Corporation
314,13363.00,Food and Drug Stores,U.S.,Walgreen Co.
315,13353.90,Airlines,Germany,Deutsche Lufthansa AG
316,13343.90,Motor Vehicles and Parts,Germany,MAN AG
304,13590.00,Airlines,U.S.,"Delta Air Lines, Inc."
305,13585.10,Chemicals,Norway,Norsk Hydro ASA
306,13582.60,Motor Vehicles and Parts,Japan,Denso Corporation
307,13567.00,Petroleum Refining,U.S.,Ashland Inc.
308,13536.50,General Merchandisers,Britain,Marks &amp; Spencer PLC
310,13504.50,Entertainment,U.S.,Viacom Inc.
311,13481.70,Metals,U.S.,Aluminum Company of America
312,13429.90,"Insurance: Life, Health (Mutual)",U.S.,Northwestern Mutual Life Insurance Company
332,13021.50,Petroleum Refining,Japan,"Idemitsu Kosan Co., Ltd."
325,13155.10,Rubber and Plastic Products,U.S.,The Goodyear Tire &amp; Rubber Company and Subsidiaries
326,13106.30,Petroleum Refining,Japan,Japan Energy Corporation
327,13094.00,Forest and Paper Products,U.S.,Georgia-Pacific Corporation
328,13086.50,Food and Drug Stores,U.S.,CVS Corporation
329,13072.30,Pharmaceuticals,Britain,"Glaxo Wellcome, PLC"
330,13065.90,Food and Drug Stores,France,Groupe Casino
331,13046.80,"Computers, Office Equipment",U.S.,Digital Equipment Corporation
317,13305.00,Insurance: Property and Casualty (Stock),U.S.,Hartford Financial Services Group Inc.
318,13294.00,Entertainment,U.S.,Time Warner Inc.
319,13281.60,Petroleum Refining,U.S.,Tosco Corporation
320,13258.80,Food,U.S.,"IBP, Inc."
321,13254.20,Industrial and Farm Equipment,Britain,BTR plc
322,13252.30,Banks: Commercial and Savings,Germany,Bayerische Landesbank Girozentrale
323,13219.10,Banks: Commercial and Savings,U.S.,Banc One Corporation
324,13218.70,Food and Drug Stores,U.S.,"Winn-Dixie Stores, Inc."
348,12611.00,Utilities: Gas and Electric,U.S.,Southern Company
339,12791.40,Industrial and Farm Equipment,U.S.,Deere &amp; Company
340,12777.90,zMiscellaneous,Japan,Dentsu Inc.
341,12769.30,Pharmaceuticals,Britain,Smithkline Beecham plc
342,12757.50,"Hotels, Casinos, Resorts",Japan,"Japan Travel Bureau, Inc."
344,12685.00,General Merchandisers,U.S.,The May Department Stores Company
345,12666.40,Banks: Commercial and Savings,Brazil,Banco Bradesco S.A.
346,12662.50,"Engineering, Construction",Japan,Takenaka Corporation
347,12644.40,Insurance: Property and Casualty (Stock),U.S.,Nationwide Insurance Enterprise
333,13017.00,Utilities: Gas and Electric,Japan,"Tohoku Electric Power Co., Inc."
334,12937.20,Pharmaceuticals,Switzerland,Roche Holding Ltd.
335,12884.00,Airlines,Japan,"Japan Airlines Company, Ltd."
336,12846.30,Utilities: Gas and Electric,Britain,Centrica plc
337,12810.20,Banks: Commercial and Savings,Canada,Royal Bank of Canada
338,12803.30,Banks: Commercial and Savings,Britain,Halifax PLC
357,12443.50,Food and Drug Stores,Australia,Woolworths Limited
358,12429.00,Banks: Commercial and Savings,Germany,Bankgesellschaft Berlin AG
349,12589.20,Banks: Commercial and Savings,Spain,"Banco Bilbao Vizcaya, S.A."
350,12560.00,Beverages,Canada,The Seagram Company Ltd.
351,12546.60,Forest and Paper Products,U.S.,Kimberly-Clark Corporation
352,12546.20,"Insurance: Life, Health (stock)",Japan,"The Kyoei Life Insurance Co., Ltd."
353,12506.10,Metals,Japan,Kobe Steel Ltd.
354,12504.00,Pharmaceuticals,U.S.,Pfizer Inc.
355,12453.00,Banks: Commercial and Savings,Germany,Deutsche Genossenschaftsbank A.G.
356,12443.90,Banks: Commercial and Savings,Australia,National Australia Bank Limited
375,11949.90,"Engineering, Construction",Japan,"Sekisui House, Ltd."
365,12289.40,Banks: Commercial and Savings,Canada,Canadian Imperial Bank of Commerce
366,12176.00,Banks: Commercial and Savings,U.S.,Bankers Trust New York Corporation
367,12133.50,Metal Products,France,Pechiney
368,12128.30,Motor Vehicles and Parts,Japan,Suzuki Motor Corporation
369,12117.70,"Engineering, Construction",Japan,Obayashi Corporation
370,12103.80,Banks: Commercial and Savings,Japan,"The Tokai Bank, Ltd."
371,12090.80,Metals,South Korea,Pohang Iron &amp; Steel Co. Ltd.
373,12034.00,"Hotels, Casinos, Resorts",U.S.,"Marriott International, Inc."
374,11970.50,Metals,Japan,"Sumitomo Metal Industries, Ltd."
364,12298.60,"Electronics, Electrical Equip.",U.S.,Emerson Electric Co.
359,12391.60,Motor Vehicles and Parts,South Korea,Hyundai Motor
360,12382.70,Specialty Retailers,Germany,Otto Versand (GmbH &amp; Co.)
361,12336.70,Metals,France,Usinor
362,12328.60,Chemicals,Netherlands,Akzo Nobel N.V.
363,12327.00,"Computers, Office Equipment",U.S.,Dell Computer Corporation
386,11665.20,"Insurance: Life, Health (Mutual)",Japan,Daido Life Insurance Company
387,11660.50,Wholesalers,U.S.,Bergen Brunswig Corporation
389,11637.30,Insurance: Property and Casualty (Stock),Japan,"The Yasuda Fire &amp; Marine Insurance Co. , Ltd."
390,11575.00,Chemicals,Germany,Henkel KGaA
391,11521.60,Food and Drug Stores,China,Jardine Matheson Holdings Ltd.
392,11519.80,"Mail, Package, and Freight Delivery",U.S.,FDX Corporation
393,11496.50,Telecommunications,Britain,Cable and Wireless PLC
377,11894.20,Food and Drug Stores,Switzerland,Migros
378,11889.60,Telecommunications,Australia,Telstra Corporation Limited
379,11883.50,Pharmaceuticals,U.S.,Abbott Laboratories
380,11870.90,Banks: Commercial and Savings,Italy,Istituto Bancario San Paolo Di Torino
382,11794.00,Health Care,U.S.,United HealthCare Corporation
383,11764.00,Utilities: Gas and Electric,Japan,"Kyushu Electric Power Co., Inc."
384,11759.00,"Electronics, Electrical Equip.",U.S.,Rockwell International
385,11670.00,Insurance: Property and Casualty (Mutual),U.S.,Liberty Mutual Insurance Group
376,11904.30,Aerospace,Britain,British Aerospace Public Limited Company
394,11486.90,Banks: Commercial and Savings,Japan,"The Long-Term Credit Bank of Japan, Ltd."
395,11459.80,Food and Drug Stores,Britain,Safeway plc
396,11432.20,"Computers, Office Equipment",Japan,"Ricoh Company, Ltd."
398,11407.80,Metals,Britain,British Steel PLC
399,11387.40,Motor Vehicles and Parts,U.S.,"Johnson Controls, Inc."
400,11358.00,Computer Services and Software,U.S.,Microsoft Corporation
302,13654.50,Rubber and Plastic Products,France,Co. Generale Michelin
303,13606.70,"Insurance: Life, Health (Mutual)",Japan,The Taiyo Mutual Life Insurance Co.
200,18884.70,"Insurance: Life, Health (Mutual)",Japan,The Yasuda Mutual Life Insurance Company
301,13673.50,"Electronics, Electrical Equip.",U.S.,Raytheon Company
199,18899.30,"Insurance: Life, Health (Mutual)",U.S.,New York Life Insurance Company
196,19107.30,"Insurance: Life, Health (Mutual)",Japan,Toho Mutual Life Insurance Company
198,18925.00,Industrial and Farm Equipment,U.S.,"Caterpillar, Inc."
194,19147.40,Food and Drug Stores,Japan,"Jusco Co., Ltd."
195,19138.90,Food and Drug Stores,U.S.,American Stores Company
193,19253.80,Banks: Commercial and Savings,Germany,Commerzbank A.G.
191,19433.40,"Insurance: Life, Health (Mutual)",Japan,Mitsui Mutual Life Insurance Co.
192,19272.00,Petroleum Refining,U.S.,Atlantic Richfield Company
189,19590.50,Insurance: Property and Casualty (Stock),Britain,Commercial Union PLC
190,19445.50,Banks: Commercial and Savings,Switzerland,Union Bank of Switzerland
187,19653.00,Telecommunications,U.S.,MCI Communications Corporation
188,19647.80,Insurance: Property and Casualty (Stock),U.S.,Loews Corporation
186,19712.70,Banks: Commercial and Savings,Japan,"The Dai-Ichi Kangyo Bank , Limited"
185,19734.00,Food,U.S.,Sara Lee Corporation
184,20018.00,Chemicals,U.S.,The Dow Chemical Company
183,20038.00,"Insurance: Life, Health (stock)",U.S.,CIGNA Corporation
181,20217.30,Food,Britain,Diageo plc
182,20096.00,Forest and Paper Products,U.S.,International Paper Company
179,20273.00,Energy,U.S.,Enron
180,20269.10,"Insurance: Life, Health (stock)",South Korea,"Samsung Life Insurance Co., Ltd."
178,20310.20,Banks: Commercial and Savings,Brazil,Banco Do Brasil
177,20486.60,Railroads,Japan,East Japan Railway Company
175,20741.00,"Mail, Package, and Freight Delivery",Japan,Japan Postal Service
176,20561.00,Telecommunications,U.S.,BellSouth Corporation
174,20857.30,Wholesalers,U.S.,McKesson Corporation
172,21007.90,Banks: Commercial and Savings,Japan,"The Sumitomo Bank, Ltd."
173,20927.40,Banks: Commercial and Savings,China,Bank Of China
170,21128.70,Banks: Commercial and Savings,Britain,Barclays Bank PLC
171,21057.00,Petroleum Refining,U.S.,USX Corporation
168,21292.30,Banks: Commercial and Savings,Japan,"The Sakura Bank, Ltd."
169,21154.90,Banks: Commercial and Savings,Britain,National Westminster Bank Plc
167,21494.20,Pharmaceuticals,Switzerland,Novartis Group
165,21665.50,Utilities: Gas and Electric,Japan,"The Kansai Electric Power Co., Inc."
166,21533.60,Banks: Commercial and Savings,Germany,Dresdner Bank AG
164,21678.20,"Insurance: Life, Health (Mutual)",Japan,Asahi Mutual Life Insurance Co.
162,21844.60,Insurance: Property and Casualty (Stock),Britain,Royal &amp; Sun Alliance
163,21734.00,Banks: Commercial and Savings,U.S.,NationsBank Corporation
160,21874.40,Specialty Retailers,U.S.,"Costco Companies, Inc."
161,21859.30,Banks: Commercial and Savings,Germany,Westdeutsche Landesbank Girozentrale Girozentrale
159,21955.80,"Electronics, Electrical Equip.",Sweden,Telefonaktiebolaget Lm Ericsson
157,22231.60,Industrial and Farm Equipment,Italy,IRI
158,22180.80,Utilities: Gas and Electric,Italy,Enel S.P.A.
156,22313.10,Banks: Commercial and Savings,Britain,Lloyds TSB Group plc
154,22458.00,"Mail, Package, and Freight Delivery",U.S.,"United Parcel Service of America, Inc."
155,22420.50,Banks: Commercial and Savings,France,Cr_dit Lyonnais
153,22473.00,Entertainment,U.S.,The Walt Disney Company
151,22553.50,Industrial and Farm Equipment,Germany,Mannesmann AG
152,22483.80,Food and Drug Stores,U.S.,Safeway Inc.
149,22805.50,Banks: Commercial and Savings,Japan,"The Sanwa Bank, Ltd."
150,22629.00,Pharmaceuticals,U.S.,Johnson &amp; Johnson
148,22812.70,"Computers, Office Equipment",Japan,Canon Inc.
147,22912.00,Banks: Commercial and Savings,Japan,"The Fuji Bank, Ltd."
145,23585.00,Banks: Commercial and Savings,U.S.,BankAmerica Corporation
146,23260.00,Telecommunications,U.S.,GTE Corporation
143,23796.50,"Insurance: Life, Health (stock)",Belgium/Netherlands,Fortis
144,23636.90,Pharmaceuticals,U.S.,"Merck &amp; Co., Inc."
142,23809.90,"Electronics, Electrical Equip.",South Korea,"Samsung Electronics Co., Ltd."
141,23810.70,Food and Drug Stores,Britain,J. Sainsbury plc
139,23973.80,"Electronics, Electrical Equip.",Canada,BCE Inc.
140,23947.70,Energy,Russia,RAO Gazprom
138,24002.10,Food,U.S.,"ConAgra, Inc."
137,24035.10,Motor Vehicles and Parts,Sweden,AB Volvo
135,24298.30,Industrial and Farm Equipment,Germany,Thyssen AG
136,24155.70,Specialty Retailers,U.S.,"The Home Depot, Inc."
133,24374.00,"Insurance: Life, Health (stock)",U.S.,Metropolitan Life Insurance Co.
134,24343.80,Banks: Commercial and Savings,France,Banque Nationale de Paris
132,24584.00,"Computers, Office Equipment",U.S.,Compaq Computer Corporation
130,24713.00,Aerospace,U.S.,United Technologies Corporation
129,24813.60,"Insurance: Life, Health (stock)",France,CNP Assurances S.A.
128,24856.00,Telecommunications,U.S.,"SBC Communications, Inc."
127,24949.00,Insurance: Property and Casualty (Stock),U.S.,The Allstate Corporation
126,25062.70,Metals,Japan,Nippon Steel Corporation
124,25129.90,Telecommunications,Italy,Telecom Italia Group
125,25070.00,Semiconductors,U.S.,Intel Corporation
123,25222.20,Industrial and Farm Equipment,Japan,"Mitsubishi Heavy Industries, Ltd."
122,25606.70,Food and Drug Stores,Japan,"Ito-Yokado Co., Ltd."
121,25803.80,Trading,South Korea,Samsung Corporation
119,25920.50,Food and Drug Stores,Netherlands,Koninklijke Ahold
120,25882.20,General Merchandisers,Japan,"The Daiei, Inc."
117,26360.00,"Electronics, Electrical Equip.",U.S.,Lucent Technologies
118,26293.60,Telecommunications,Britain,British Telecommunications PLC
115,26506.30,Trading,Japan,Kanematsu Corporation
116,26469.00,Insurance: Property and Casualty (Stock),Switzerland,Zurich Insurance Group
113,26801.60,Tobacco,Britain,B.A.T Industries plc
114,26567.30,Food and Drug Stores,U.S.,The Kroger Company
112,26854.40,Telecommunications,France,France T_l_com SA
111,26917.80,Banks: Commercial and Savings,Japan,"The Industrial Bank of Japan, Ltd."
110,26938.20,Food and Drug Stores,Britain,Tesco PLC
108,27132.00,Securities,U.S.,Morgan Stanley Dean Witter &amp; Co.
109,27027.20,Motor Vehicles and Parts,Germany,Robert Bosch GmbH
107,27757.00,General Merchandisers,U.S.,Dayton Hudson Corporation
106,27776.90,Diversified Financials,U.S.,Fannie Mae
104,27905.70,"Insurance: Life, Health (stock)",Britain,Prudential Corporation plc
105,27838.00,Trading,South Korea,Hyundai Corp.
103,28069.00,Aerospace,U.S.,Lockheed Martin Corporation
101,28581.40,Trading,Germany,VIAG Aktiengesellschaft
499,8982.70,Health Care,U.S.,"PacifiCare Health Systems, Inc."
500,8968.00,Petroleum Refining,U.S.,Sun Company Inc.
485,9273.40,zMiscellaneous,U.S.,"Waste Management, Inc."
486,9240.60,"Engineering, Construction",Japan,"Kumagai Gumi Co., Ltd."
487,9235.10,Utilities: Gas and Electric,U.S.,Edison International
488,9198.40,Banks: Commercial and Savings,Italy,Banca Nazionale del Lavoro SPA
489,9188.80,Specialty Retailers,U.S.,"The Limited, Inc."
490,9186.50,zMiscellaneous,U.S.,"Nike, Inc."
491,9184.60,Chemicals,France,CEA-Industrie
492,9153.00,Aerospace,U.S.,Northrop Grumman Corporation
493,9148.20,Metals,Germany,Degussa AG
494,9147.50,Food,U.S.,"Farmland Industries, Inc."
495,9130.60,Banks: Commercial and Savings,Italy,Credito Italiano
496,9115.70,Banks: Commercial and Savings,Australia,Australia &amp; New Zealand Banking
497,9056.70,"Soaps, Cosmetics",U.S.,Colgate-Palmolive Company
498,8994.30,Industrial and Farm Equipment,Japan,Komatsu Ltd.
471,9695.70,"Insurance: Life, Health (Mutual)",Taiwan,"Cathay Life Insurance Co., Ltd."
472,9693.80,zMiscellaneous,Britain,Peninsular &amp; Oriental Steam Navigation Company
473,9659.70,Banks: Commercial and Savings,U.S.,Norwest Corporation
474,9632.00,Entertainment,U.S.,CBS Corporation
475,9608.00,Banks: Commercial and Savings,U.S.,Wells Fargo &amp; Company
476,9599.30,Telecommunications,Japan,DDI Corporation
477,9594.20,Banks: Commercial and Savings,Canada,The Bank of Nova Scotia
478,9561.70,Utilities: Gas and Electric,U.S.,Entergy Corporation
479,9551.20,"Insurance: Life, Health (Mutual)",U.S.,Massachusetts Mutual Life Insurance
480,9457.00,Chemicals,U.S.,Monsanto Company
481,9439.40,zMiscellaneous,Japan,"Mitsui Fudosan Co., Ltd."
482,9398.60,Petroleum Refining,U.S.,The Coastal Corporation
483,9357.00,Food,U.S.,H.J. Heinz Company
484,9285.00,"Insurance: Life, Health (stock)",Britain,Norwich Union plc
456,10013.10,Railroads,Japan,West Japan Railway Company
457,10011.50,"Insurance: Life, Health (stock)",Sweden,Skandia Group
458,9993.60,Banks: Commercial and Savings,Italy,Cariplo S.P.A.
459,9984.00,Petroleum Refining,Japan,Showa Shell Sekiyu K.K.
460,9946.90,Energy,Netherlands,N.V. Nederlandse Gasunie
461,9934.80,Banks: Commercial and Savings,Japan,The Mitsubishi Trust &amp; Banking Corp.
462,9921.50,Banks: Commercial and Savings,Italy,Banca Commerciale Italiana S.P.A.
463,9916.40,Airlines,Spain,Sociedad Estatal De Participaciones Industriales
464,9913.70,Banks: Commercial and Savings,Italy,Gruppo Cassa Di Risparmio Di Roma
465,9887.30,Wholesalers,Germany,Edeka Zentrale
466,9821.50,"Insurance: Life, Health (stock)",South Korea,"Kyobo Life Insurance Co., Ltd."
467,9818.40,Food,U.S.,Bestfoods
468,9767.50,Aerospace,U.S.,A_rospatiale
469,9743.20,Metals,Japan,Mitsubishi Materials Corporation
470,9716.40,Specialty Retailers,Britain,Inchcape plc
442,10287.60,Energy,Canada,TransCanada Pipelines Limited
443,10262.20,Food and Drug Stores,U.S.,"The Great Atlantic &amp; Pacific Tea Company, I"
444,10225.80,Airlines,U.S.,"Northwest Airlines, Inc."
445,10211.20,Forest and Paper Products,Finland,UPM-Kymmene Group
446,10185.70,Airlines,France,Compagnie Nationale Air France
447,10159.30,Food,Japan,"Snow Brand Milk Products Co., Ltd."
449,10134.90,"Electronics, Electrical Equip.",Finland,Nokia Corporation
450,10132.40,Metals,Japan,Kawasaki Steel Corporation
451,10106.40,"Mail, Package, and Freight Delivery",Britain,British Post Office
452,10098.00,Banks: Commercial and Savings,U.S.,First Chicago NBD Corporation
453,10074.60,Food and Drug Stores,Japan,"The Seiyu, Ltd."
454,10062.10,Metal Products,U.S.,Gillette Company
455,10055.10,Food and Drug Stores,Canada,George Weston Ltd.
429,10544.00,Aerospace,U.S.,Textron Inc.
430,10486.60,Specialty Retailers,Britain,Kingfisher plc
431,10463.90,General Merchandisers,Japan,"Takashimaya Co., Ltd."
432,10461.20,"Publishing, Printing",Japan,"Toppan Printing Co., Ltd."
433,10453.60,Petroleum Refining,Japan,"Cosmo Oil Co., Ltd."
434,10441.00,Chemicals,Japan,"Asahi Chemical Industry Co., Ltd."
435,10430.00,Insurance: Property and Casualty (Stock),U.S.,Berkshire Hathaway Inc.
436,10414.00,Railroads,Japan,Central Japan Railway Company
437,10339.20,Utilities: Gas and Electric,France,Gaz de France
438,10333.00,"Electronics, Electrical Equip.",Japan,"Matsushita Electric Works, Ltd."
439,10310.50,Banks: Commercial and Savings,Belgium,Generale Bank SA
440,10305.60,Specialty Retailers,U.S.,"Republic Industries, Inc."
441,10294.40,"Electronics, Electrical Equip.",Britain,"GEC (General Electric Co., p.l.c.)"
415,10968.00,Wholesalers,U.S.,"Cardinal Health, Inc."
416,10888.50,"Publishing, Printing",Japan,"Dai Nippon Printing Co., Ltd."
417,10851.70,"Insurance: Life, Health (stock)",Japan,"Nippon Dantai Life Insurance Co., Ltd."
418,10831.40,Metals,Germany,Metallgesellschaft A.G.
419,10831.30,Motor Vehicles and Parts,U.S.,TRW Inc.
420,10830.50,Telecommunications,Switzerland,Swiss Post
421,10754.40,zMiscellaneous,Netherlands Antilles,Schlumberger Limited
422,10729.10,Petroleum Refining,Taiwan,Chinese Petroleum Corporation
423,10622.80,Motor Vehicles and Parts,Japan,Fuji Heavy Industries Ltd.
424,10621.00,Railroads,U.S.,CSX Corporation
425,10573.20,Banks: Commercial and Savings,Canada,Bank of Montreal
426,10567.60,zMiscellaneous,Japan,"Kawasaki Heavy Industries, Ltd."
427,10566.60,Metal Products,Japan,"Sumitomo Electric Industries, Ltd."
428,10562.00,Semiconductors,U.S.,Texas Instruments Incorporated
404,11226.20,"Scientific,Photographic and Control Equipment",Japan,"Fuji Photo Film Co., Ltd."
405,11224.40,Food and Drug Stores,U.S.,"Publix Super Markets, Inc."
406,11210.00,Forest and Paper Products,U.S.,Weyerhaeuser Company
407,11096.10,Food and Drug Stores,Britain,ASDA Group PLC
408,11066.20,Beverages,U.S.,"Anheuser-Busch Companies, Inc."
409,11061.00,Chemicals,U.S.,Occidental Petroleum Corporation
411,11014.00,Railroads,U.S.,Union Pacific
412,10995.40,Petroleum Refining,Malaysia,Petroliam Nasional Berhad
413,10987.10,Forest and Paper Products,Japan,"Oji Paper Co., Ltd."
414,10971.00,"Building Materials, Glass",Japan,"Asahi Glass Co., Ltd."
402,11262.30,Entertainment,Australia,The News Corporation Limited
403,11240.70,Trading,Japan,Kawasho Corporation
401,11278.00,Beverages,U.S.,"Coca-Cola Enterprises, Inc."
286,14298.50,"Engineering, Construction",U.S.,Fluor Corporation
287,14249.20,Petroleum Refining,India,Indian Oil Corporation Limited
288,14230.30,Banks: Commercial and Savings,Germany,Bayerische Hypotheken-und Wechsel-Bank AG
289,14196.00,Pharmaceuticals,U.S.,American Home Products Corporation
290,14191.20,Airlines,Britain,British Airways plc
291,14171.50,Banks: Commercial and Savings,Britain,Abbey National plc
292,14124.80,Tobacco,Japan,Japan Tobacco Inc.
293,14121.80,Chemicals,Japan,Mitsubishi Chemical Corporation
294,14064.30,Utilities: Gas and Electric,South Korea,Korea Electric Power Corporation
295,14006.20,"Publishing, Printing",Germany,Bertelsmann AG
296,13897.20,Chemicals,Italy,Montedison SPA
297,13853.30,Food,U.S.,Archer Daniels Midland Company
298,13820.90,Petroleum Refining,Belgium,PetroFina S.A.
300,13720.40,General Merchandisers,Germany,Karstadt Group
272,14666.10,Telecommunications,Brazil,Telecomunicacoes Brasileiras S.A.
273,14660.30,Motor Vehicles and Parts,Japan,Isuzu Motors Limited
274,14586.50,"Electronics, Electrical Equip.",Japan,Sharp Corporation
275,14582.60,Banks: Commercial and Savings,Japan,The Norinchukin Bank
276,14519.90,"Insurance: Life, Health (Mutual)",Britain,The Standard Life Assurance Company
277,14512.50,"Mail, Package, and Freight Delivery",Japan,"Nippon Express Co., Ltd."
278,14477.80,Metals,Germany,Fried. Krupp AG Hoesch-Krupp
279,14472.00,Aerospace,U.S.,AlliedSignal Inc.
281,14454.60,Wholesalers,U.S.,Sysco Corporation
282,14402.80,"Mining, Crude-Oil Production",Germany,RAG Aktiengesellschaft
283,14399.00,Diversified Financials,U.S.,Federal Home Loan Mortgage Corp.
284,14329.00,Banks: Commercial and Savings,U.S.,First Union Corporation
285,14312.40,"Engineering, Construction",Japan,Shimizu Corporation
259,15223.30,Banks: Commercial and Savings,France,
260,15159.50,Food,France,Groupe Danone
261,15070.00,"Scientific,Photographic and Control Equipment",U.S.,Minnesota Mining and Manufacturing Company
262,15005.80,General Merchandisers,Japan,MYCAL CORPORATION
263,14933.70,"Insurance: Life, Health (stock)",Switzerland,Swiss Life Insurance &amp; Pension Co
264,14912.80,"Engineering, Construction",Japan,Taisei Corporation
265,14886.00,Banks: Commercial and Savings,Spain,Santander Group
266,14873.90,Telecommunications,U.S.,Sprint Corporation
267,14837.10,Insurance: Property and Casualty (Stock),Switzerland,Swiss Reinsurance Company
268,14790.80,"Electronics, Electrical Equip.",Sweden,Electrolux AB
269,14713.00,"Scientific,Photographic and Control Equipment",U.S.,Eastman Kodak Company
270,14699.60,"Electronics, Electrical Equip.",South Korea,LG Electronics
244,15758.10,Metals,Japan,NKK Corporation
245,15679.20,"Electronics, Electrical Equip.",Japan,"Sanyo Electric Co., Ltd."
246,15668.30,General Merchandisers,U.S.,"Federated Department Stores, Inc."
247,15654.10,"Mail, Package, and Freight Delivery",Germany,Deutsche Post AG
248,15634.80,Banks: Commercial and Savings,Netherlands,Rabobank Group
249,15535.00,"Mail, Package, and Freight Delivery",France,La Poste
250,15514.30,Telecommunications,Netherlands,Royal KPN N.V.
251,15424.00,Petroleum Refining,U.S.,Phillips Petroleum Company
253,15399.90,Utilities: Gas and Electric,U.S.,PG&amp;E Corporation
254,15372.70,Wholesalers,U.S.,"Fleming Companies, Inc."
255,15352.00,Telecommunications,U.S.,"U S WEST, Inc."
256,15280.00,General Merchandisers,France,Groupe Pinault-Printemps
257,15235.60,Computer Services and Software,U.S.,Electronic Data Systems Corporation
258,15231.40,Insurance: Property and Casualty (Stock),Britain,General Accident plc
231,16653.30,Railroads,France,Societe Nationale des Chemins de Fer Francais
232,16630.30,Motor Vehicles and Parts,Japan,Mazda Motor Corporation
233,16581.50,Wholesalers,U.S.,"Ingram Micro, Inc."
234,16431.60,Banks: Commercial and Savings,Switzerland,Swiss Bank Corporation
235,16406.00,"Engineering, Construction",France,Bouygues
236,16358.70,Trading,South Korea,LG International Corp.
237,16308.90,Utilities: Gas and Electric,U.S.,Duke Energy Corporation
238,16297.30,Trading,Japan,Toyota Tsusho Corporation
240,16048.40,"Insurance: Life, Health (stock)",Netherlands,AEGON N.V.
241,15998.00,Telecommunications,U.S.,Ameritech Corporation
242,15897.50,Food and Drug Stores,Australia,Coles Myer Ltd.
243,15795.30,"Engineering, Construction",Japan,Kajima Corporation
216,17701.00,Banks: Commercial and Savings,U.S.,J.P. Morgan &amp; Co. Incorporated
217,17619.20,Petroleum Refining,Norway,Den norske stats oljeselskap a.s
218,17575.10,Railroads,Germany,Deutsche Bahn AG
219,17539.90,"Mining, Crude-Oil Production",Australia,The Broken Hill Proprietary Company Limited
220,17378.00,Airlines,U.S.,UAL Corporation
221,17249.20,"Insurance: Life, Health (stock)",France,Assurances G_n_rales de France
222,17201.40,Wholesalers,U.S.,Supervalu Inc.
223,17116.50,Petroleum Refining,Japan,"Nippon Oil Co., Ltd."
224,17074.60,Petroleum Refining,Spain,"Repsol,S.A."
225,17057.00,Food,U.S.,RJR Nabisco Holdings Corporation
226,16907.10,Wholesalers,Germany,Franz Haniel &amp; Cie.GmbH
227,16891.50,Banks: Commercial and Savings,Germany,Bayerische Vereinsbank A.G.
228,16883.00,Securities,U.S.,"Lehman Brothers Holdings, Inc."
229,16806.30,Trading,Germany,Preussag AG
230,16701.20,Pharmaceuticals,U.S.,Bristol-Myers Squibb Company
204,18570.00,Airlines,U.S.,AMR Corporation
205,18540.20,"Insurance: Life, Health (stock)",U.S.,"Aetna, Inc."
206,18346.80,"Building Materials, Glass",France,Saint-Gobain
207,18310.70,Utilities: Gas and Electric,Japan,"Chubu Electric Power Co., Inc."
208,18217.90,Food and Drug Stores,France,Groupe Auchan
209,18166.00,"Computers, Office Equipment",U.S.,Xerox Corporation
210,18121.10,Chemicals,Britain,Imperial Chemical Industries Plc
212,17936.00,Rubber and Plastic Products,Japan,Bridgestone Corporation
213,17852.70,Trading,China,China National Chemicals Import and Export Corporation
214,17760.00,Diversified Financials,U.S.,American Express Company
215,17747.40,Insurance: Property and Casualty (Stock),Japan,"The Tokio Marine &amp; Fire Insurance Co., Ltd."
201,18868.00,Beverages,U.S.,The Coca-Cola Company
202,18849.80,"Insurance: Life, Health (Mutual)",Japan,The Chiyoda Mutual Life Insurance Co.
203,18819.00,Health Care,U.S.,Columbia/HCA Healthcare Corp.
95,29292.00,Beverages,U.S.,"PepsiCo, Inc."
96,29002.70,Food and Drug Stores,France,Carrefour
97,28945.50,Banks: Commercial and Savings,Netherlands,ABN-AMRO Holding N.V.
98,28936.70,Banks: Commercial and Savings,France,Gan
99,28724.90,Banks: Commercial and Savings,France,Soci_t_ G_n_rale
100,28633.70,"Engineering, Construction",France,Vivendi
82,31362.10,Trading,Japan,Nichimen Corporation
83,31265.00,"Electronics, Electrical Equip.",Switzerland,ABB Asea Brown Boveri Ltd
84,31047.30,"Insurance: Life, Health (Mutual)",Japan,Meiji Life Insurance Company
85,30967.30,"Electronics, Electrical Equip.",Japan,Mitsubishi Electric Corporation
86,30816.00,Insurance: Property and Casualty (Stock),Italy,Assicurazioni Generali Spa
87,30546.00,General Merchandisers,U.S.,"J.C. Penney Company, Inc."
88,30519.50,Insurance: Property and Casualty (Stock),U.S.,"American International Group,Inc."
89,30428.70,Motor Vehicles and Parts,Japan,Mitsubishi Motors Corporation
90,30381.00,Banks: Commercial and Savings,U.S.,Chase Manhattan Corp
91,30193.90,Telecommunications,U.S.,Bell Atlantic Corporation
92,30055.20,Chemicals,Germany,Hoechst A.G.
93,29794.00,"Electronics, Electrical Equip.",U.S.,"Motorola, Inc."
94,29348.40,"Insurance: Life, Health (Mutual)",U.S.,Teachers Insurance and Annuity Association College Retiremen
68,34697.00,Banks: Commercial and Savings,U.S.,Citicorp
69,34691.50,Motor Vehicles and Parts,Germany,Bayerische Motoren Werke A.G.
70,34014.90,Banks: Commercial and Savings,France,Cr_dit Agricole Group
71,33815.90,Petroleum Refining,South Korea,SK
72,32836.00,Petroleum Refining,U.S.,Amoco
73,32789.60,Food and Drug Stores,Germany,Metro AG
74,32740.60,Petroleum Refining,France,TOTAL S.A.
75,32626.70,Energy,France,Suez Lyonnaise des Eaux
76,32183.00,General Merchandisers,U.S.,Kmart Corporation
77,32178.10,Chemicals,Germany,BASF A.G.
78,32003.90,Motor Vehicles and Parts,France,Peugeot S. A.
79,31846.80,Telecommunications,France,Alcatel Alsthom Group
80,31731.00,Chemicals,Germany,Bayer AG
81,31731.00,Securities,U.S.,"Merrill Lynch &amp; Co., Inc."
54,39926.50,"Electronics, Electrical Equip.",Japan,NEC Corporation
55,39188.40,"Electronics, Electrical Equip.",Netherlands,Royal Philips Electronics
56,38969.10,Telecommunications,Germany,Deutsche Telekom AG
57,38673.80,"Insurance: Life, Health (stock)",Netherlands,ING Group N.V.
58,37609.00,Diversified Financials,U.S.,Travelers Group Inc.
59,37474.00,Banks: Commercial and Savings,Britain,Hsbc Holdings
60,37073.00,"Insurance: Life, Health (stock)",U.S.,Prudential Insurance Company of America
61,36961.70,Petroleum Refining,Italy,ENI S.p.A.
62,36672.90,Utilities: Gas and Electric,France,Electricite De France
63,36376.00,Petroleum Refining,U.S.,Chevron Corporation
64,35764.00,"Soaps, Cosmetics",U.S.,The Procter &amp; Gamble Company
65,35623.80,Motor Vehicles and Parts,France,Renault
66,34801.00,Petroleum Refining,Venezuela,"Petroleos de Venezuela, S.A."
67,34749.80,Banks: Commercial and Savings,Japan,The Bank of Tokyo-Mitsubishi Ltd.
40,45187.00,Petroleum Refining,U.S.,Texaco Inc.
41,44467.20,"Electronics, Electrical Equip.",Japan,Toshiba Corporation
42,43957.00,Insurance: Property and Casualty (Mutual),U.S.,State Farm Insurance Companies
43,43881.20,Trading,Germany,Veba AG
44,43572.00,Petroleum Refining,France,Elf Aquitaine
45,43399.70,Trading,Japan,Tomen Corporation
46,42996.90,Utilities: Gas and Electric,Japan,"The Tokyo Electric Power Co., Inc."
47,42895.00,"Computers, Office Equipment",U.S.,Hewlett-Packard Company
48,42278.60,"Insurance: Life, Health (Mutual)",Japan,Sumitomo Life Insurance Company
49,41304.00,Chemicals,U.S.,"E.I. du Pont de Nemours and Company, Inc."
50,41296.00,General Merchandisers,U.S.,"Sears, Roebuck and Co."
51,40792.00,Banks: Commercial and Savings,Germany,Deutsche Bank
52,40613.00,"Computers, Office Equipment",Japan,Fujitsu Limited
53,40232.60,Utilities: Gas and Electric,Germany,RWE Group
26,59978.00,Petroleum Refining,U.S.,Mobil Corporation
27,58216.00,"Mail, Package, and Freight Delivery",U.S.,United States Postal Service
28,56785.30,Insurance: Property and Casualty (Stock),Germany,Allianz AG
29,56114.00,Tobacco,U.S.,Philip Morris Companies Inc.
30,55033.00,"Electronics, Electrical Equip.",Japan,Sony Corporation
31,53478.20,Motor Vehicles and Parts,Japan,"Nissan Motor Co., Ltd."
32,53261.00,Telecommunications,U.S.,AT&amp;T Corp.
33,52568.70,Motor Vehicles and Parts,Italy,Fiat S.p.A.
34,48876.30,Motor Vehicles and Parts,Japan,"Honda Motor Co., Ltd."
35,48760.80,Food,Britain/Netherlands,Unilever N.V./ Unilever PLC
36,48253.80,Food,Switzerland,Nestl_ S.A.
37,48242.10,Banks: Commercial and Savings,Switzerland,Credit Suisse Group
38,47441.80,"Insurance: Life, Health (Mutual)",Japan,The Dai-ichi Mutual Life Insurance Co.
39,45800.00,Aerospace,U.S.,The Boeing Company
14,78508.00,"Computers, Office Equipment",U.S.,International Business Machines Corporation
15,76983.70,Telecommunications,Japan,Nippon Telegraph &amp; Telephone Corporation
16,76874.40,"Insurance: Life, Health (stock)",France,AXA
17,71561.40,Motor Vehicles and Parts,Germany,Daimler-Benz AG
18,71525.80,Motor Vehicles and Parts,South Korea,Daewoo Group
19,71388.20,"Insurance: Life, Health (Mutual)",Japan,Nippon Life Insurance Company
20,71193.50,Petroleum Refining,Britain,The British Petroleum p.l.c.
21,68567.00,"Electronics, Electrical Equip.",Japan,"Hitachi, Ltd."
22,65328.20,Motor Vehicles and Parts,Germany,Volkswagen AG
23,64280.60,"Electronics, Electrical Equip.",Japan,"Matsushita Electric Industrial Co., Ltd."
24,63754.60,"Electronics, Electrical Equip.",Germany,Siemens AG
25,61147.00,Motor Vehicles and Parts,U.S.,Chrysler Corporation
2,153627.00,Motor Vehicles and Parts,U.S.,Ford Motor Company
3,142688.30,Trading,Japan,"Mitsui &amp; Co., Ltd."
4,128922.30,Trading,Japan,Mitsubishi Corporation
5,128141.70,Petroleum Refining,Britain/Netherlands,Royal Dutch/Shell Group
6,126631.90,Trading,Japan,Itochu Corporation
7,122379.00,Petroleum Refining,U.S.,Exxon Corporation
8,119299.00,General Merchandisers,U.S.,"Wal-Mart Stores, Inc."
9,111121.20,Trading,Japan,Marubeni Corporation
10,102395.20,Trading,Japan,Sumitomo Corporation
11,95137.00,Motor Vehicles and Parts,Japan,Toyota Motor Corporation
12,90840.00,"Electronics, Electrical Equip.",U.S.,General Electric Company
13,81893.80,Trading,Japan,Nissho Iwai Corporation
1,178174.00,Motor Vehicles and Parts,U.S.,General Motors Corporation
