rank,revenues,industry,hqCountry,title
304,13793.30,Trading,China,China National Chemicals Import and Export Corporation
305,13760.10,Motor Vehicles and Parts,Japan,Denso Corporation
306,13720.00,Wholesalers,U.S.,Bergen Brunswig Corporation
307,13656.00,"Electronics, Electrical Equip.",Japan,Sharp Corporation
317,13462.70,Pharmaceuticals,U.S.,American Home Products Corporation
318,13447.20,"Electronics, Electrical Equip.",U.S.,Emerson Electric Co.
320,13414.00,Beverages,U.S.,"Coca-Cola Enterprises, Inc."
321,13413.00,General Merchandisers,U.S.,The May Department Stores Company
322,13406.00,"Scientific,Photographic and Control Equipment",U.S.,Eastman Kodak Company
323,13395.80,Pharmaceuticals,Britain,Smithkline Beecham plc
324,13388.20,Trading,South Korea,LG International Corp.
310,13607.10,Chemicals,Netherlands,Akzo Nobel N.V.
311,13605.20,General Merchandisers,Britain,Marks &amp; Spencer p.l.c.
312,13543.50,"Insurance: Life, Health (stock)",Sweden,Skandia Group
313,13536.10,Banks: Commercial and Savings,Canada,Canadian Imperial Bank of Commerce
314,13519.10,Trading,Japan,Toyota Tsusho Corporation
315,13506.70,Banks: Commercial and Savings,Canada,Royal Bank of Canada
316,13504.80,"Engineering, Construction",U.S.,Fluor Corporation
308,13617.50,Food and Drug Stores,U.S.,"Winn-Dixie Stores, Inc."
309,13608.40,Banks: Commercial and Savings,Germany,Bankgesellschaft Berlin AG
337,12876.90,Airlines,Germany,Deutsche Lufthansa AG
338,12854.00,"Mail, Package, and Freight Delivery",Japan,"Nippon Express Co., Ltd."
339,12848.60,Food,U.S.,"IBP, Inc."
340,12838.70,Motor Vehicles and Parts,U.S.,Dana Corporation
341,12803.20,"Publishing, Printing",Germany,Bertelsmann AG
330,13141.90,Telecommunications,Britain,Cable and Wireless PLC
331,13105.00,Insurance: Property and Casualty (Stock),U.S.,Nationwide Insurance Enterprise
332,13067.80,Banks: Commercial and Savings,Italy,Banca Intesa S.p.A.
333,12994.90,Entertainment,Australia,The News Corporation Limited
334,12978.00,"Engineering, Construction",Japan,Kajima Corporation
335,12941.20,Insurance: Property and Casualty (Mutual),France,Caisse Centrale des Assurances Mutuelles Agricoles
336,12908.00,Chemicals,Norway,Norsk Hydro ASA
325,13317.20,Banks: Commercial and Savings,Italy,UniCredito Italiano
326,13231.70,Pharmaceuticals,Britain,"Glaxo Wellcome, PLC"
327,13223.00,Forest and Paper Products,U.S.,Georgia-Pacific Corporation
328,13195.00,Petroleum Refining,U.S.,Atlantic Richfield Company
329,13166.00,Insurance: Property and Casualty (Mutual),U.S.,Liberty Mutual Insurance Group
347,12690.70,Energy,Canada,TransCanada Pipelines Limited
348,12666.80,Motor Vehicles and Parts,Japan,Isuzu Motors Limited
349,12649.00,"Insurance: Life, Health (Mutual)",Japan,The Taiyo Mutual Life Insurance Co.
350,12648.70,Rubber and Plastic Products,U.S.,The Goodyear Tire &amp; Rubber Company and Subsidiaries
342,12785.90,"Soaps, Cosmetics",France,
343,12755.80,Banks: Commercial and Savings,Australia,National Australia Bank Limited
344,12745.60,Banks: Commercial and Savings,U.S.,"Washington Mutual, Inc."
345,12731.90,Food and Drug Stores,U.S.,Rite Aid Corporation
346,12703.50,zMiscellaneous,U.S.,Waste Management Inc.
365,12370.80,Specialty Retailers,Britain,Kingfisher plc
366,12311.30,"Electronics, Electrical Equip.",U.S.,Tyco International
367,12297.80,Forest and Paper Products,U.S.,Kimberly-Clark Corporation
355,12538.00,Industrial and Farm Equipment,France,Alstom S.A.
356,12511.90,"Engineering, Construction",Japan,Shimizu Corporation
357,12487.20,Banks: Commercial and Savings,Japan,The Norinchukin Bank
358,12477.80,Pharmaceuticals,U.S.,Abbott Laboratories
359,12436.70,Specialty Retailers,Germany,Otto Versand (GmbH &amp; Co.)
360,12425.10,Food and Drug Stores,Britain,Safeway plc
363,12399.70,Utilities: Gas and Electric,Britain,Centrica plc
364,12378.00,Telecommunications,U.S.,U S West Inc.
354,12539.40,Food and Drug Stores,Britain,ASDA Group PLC
351,12586.80,Motor Vehicles and Parts,U.S.,"Johnson Controls, Inc."
352,12563.40,Utilities: Gas and Electric,U.S.,UtiliCorp United Inc.
353,12557.70,Food and Drug Stores,Switzerland,Migros-Genossenschafts-Bund
381,11991.20,Trading,Germany,Metallgesellschaft A.G.
382,11982.50,Chemicals,Japan,Mitsubishi Chemical Corporation
383,11886.00,Motor Vehicles and Parts,U.S.,TRW Inc.
384,11865.40,Telecommunications,Australia,Telstra Corporation Limited
372,12127.80,Chemicals,Germany,Henkel KGaA
373,12103.70,Banks: Commercial and Savings,Britain,Royal Bank of Scotland Group plc
374,12096.10,Entertainment,U.S.,Viacom Inc.
375,12067.10,Food and Drug Stores,U.S.,"Publix Super Markets, Inc."
376,12048.00,Banks: Commercial and Savings,U.S.,Bankers Trust Corporation
377,12041.80,Utilities: Gas and Electric,Japan,"Tohoku Electric Power Co., Inc."
378,12021.50,Petroleum Refining,U.S.,Tosco Corporation
379,11997.30,zMiscellaneous,U.S.,Schlumberger Limited
380,11992.50,zMiscellaneous,Japan,Dentsu Inc.
396,11488.50,Utilities: Gas and Electric,U.S.,"Reliant Energy, Incorporated"
397,11447.80,Forest and Paper Products,Finland,Stora Enso AB
398,11403.00,Utilities: Gas and Electric,U.S.,Southern Company
399,11389.50,Motor Vehicles and Parts,Japan,Suzuki Motor Corporation
400,11248.50,"Scientific,Photographic and Control Equipment",Japan,"Fuji Photo Film Co., Ltd."
368,12283.10,"Publishing, Printing",France,
369,12252.10,Airlines,Japan,"Japan Airlines Company, Ltd."
371,12134.50,"Insurance: Life, Health (Mutual)",Britain,Legal &amp; General
395,11494.80,Utilities: Gas and Electric,U.S.,Entergy Corporation
388,11782.90,Banks: Commercial and Savings,Canada,Bank of Montreal
389,11672.00,Aerospace,Britain,British Aerospace Public Limited Company
390,11633.60,zMiscellaneous,Japan,"Japan Travel Bureau, Inc."
391,11562.20,"Insurance: Life, Health (Mutual)",Japan,Daido Life Insurance Company
392,11560.50,"Insurance: Life, Health (Mutual)",Japan,The Chiyoda Mutual Life Insurance Co.
393,11549.00,Aerospace,U.S.,Textron Inc.
394,11529.00,Wholesalers,U.S.,Tech Data Corporation
385,11851.60,Food and Drug Stores,Australia,Woolworths Limited
386,11845.00,Petroleum Refining,U.S.,Phillips Petroleum Company
387,11793.80,Petroleum Refining,Belgium,PetroFina S.A.
302,13826.70,Motor Vehicles and Parts,Germany,MAN Aktiengesellschaft
303,13821.50,Industrial and Farm Equipment,U.S.,Deere &amp; Company
200,18849.20,"Mail, Package, and Freight Delivery",Japan,Japan Postal Service
301,13832.00,Insurance: Property and Casualty (Stock),U.S.,Berkshire Hathaway Inc.
199,18849.80,Banks: Commercial and Savings,Japan,"The Sanwa Bank, Ltd."
198,19132.00,Diversified Financials,U.S.,American Express Company
197,19171.30,Food and Drug Stores,Japan,"Jusco Co., Ltd."
196,19205.00,Airlines,U.S.,AMR Corporation
195,19418.00,"Insurance: Life, Health (Mutual)",Japan,Asahi Mutual Life Insurance Co.
194,19430.00,Railroads,Japan,East Japan Railway Company
192,19500.00,Forest and Paper Products,U.S.,International Paper Company
190,19681.00,Health Care,U.S.,Columbia/HCA Healthcare Corp.
191,19530.00,Aerospace,U.S.,Raytheon Company
188,19817.80,"Building Materials, Glass",France,Saint-Gobain
189,19808.10,Beverages,Britain,Diageo plc
187,19848.90,"Insurance: Life, Health (Mutual)",U.S.,New York Life Insurance Company
186,19866.70,Food and Drug Stores,U.S.,American Stores Company
185,19894.00,Securities,U.S.,"Lehman Brothers Holdings, Inc."
184,19942.00,Utilities: Gas and Electric,U.S.,PG&amp;E Corporation
183,20011.00,Food,U.S.,Sara Lee Corporation
181,20109.70,Banks: Commercial and Savings,Japan,"The Fuji Bank, Ltd."
182,20019.00,"Computers, Office Equipment",U.S.,Xerox Corporation
180,20317.90,Utilities: Gas and Electric,Japan,"The Kansai Electric Power Co., Inc."
179,20482.00,Banks: Commercial and Savings,U.S.,Wells Fargo &amp; Co.
178,20604.10,Health Care,U.S.,"Aetna, Inc."
176,20810.80,zMiscellaneous,Germany,Preussag AG
177,20713.00,Insurance: Property and Casualty (Stock),U.S.,Loews Corporation
173,20950.30,Banks: Commercial and Savings,Japan,"The Sumitomo Bank, Ltd."
175,20857.30,Wholesalers,U.S.,McKesson HBOC Inc.
172,20977.00,Industrial and Farm Equipment,U.S.,"Caterpillar, Inc."
170,21194.70,Industrial and Farm Equipment,Germany,Mannesmann AG
171,21143.90,Banks: Commercial and Savings,China,Bank Of China
169,21216.90,Banks: Commercial and Savings,Germany,Commerzbank A.G.
168,21437.00,Health Care,U.S.,CIGNA Corporation
167,21543.00,Banks: Commercial and Savings,U.S.,First Union Corporation
166,21587.80,Metals,Japan,Nippon Steel Corporation
165,21616.20,"Computers, Office Equipment",Japan,Canon Inc.
163,21718.10,Banks: Commercial and Savings,Britain,National Westminster Bank Plc
164,21626.90,Tobacco,Britain,British American Tobacco p.l.c.
162,21761.60,Utilities: Gas and Electric,Italy,Enel SPA
160,21830.30,Banks: Commercial and Savings,China,Industrial and Commercial Bank of China
158,21897.10,Banks: Commercial and Savings,Britain,Barclays Bank PLC
159,21873.80,Pharmaceuticals,Switzerland,Novartis Group
156,22225.60,"Insurance: Life, Health (Mutual)",Japan,Mitsui Mutual Life Insurance Co.
157,22034.00,Wholesalers,U.S.,"Ingram Micro, Inc."
154,22568.40,Banks: Commercial and Savings,France,Cr_dit Lyonnais
155,22348.00,Beverages,U.S.,"PepsiCo, Inc."
153,22643.70,Banks: Commercial and Savings,Germany,Westdeutsche Landesbank Girozentrale
151,22779.50,Banks: Commercial and Savings,Germany,Dresdner Bank AG
152,22748.50,Industrial and Farm Equipment,Japan,"Mitsubishi Heavy Industries, Ltd."
150,22976.00,Entertainment,U.S.,The Walt Disney Company
149,23123.00,Telecommunications,U.S.,BellSouth Corporation
148,23190.00,"Electronics, Electrical Equip.",Sweden,Telefonaktiebolaget LM Ericsson
147,23531.80,Food and Drug Stores,France,Groupe Auchan
145,23640.70,Telecommunications,France,Alcatel S.A.
146,23573.50,General Merchandisers,Japan,"The Daiei, Inc."
143,23840.50,Food,U.S.,"ConAgra, Inc."
144,23657.00,Pharmaceuticals,U.S.,Johnson &amp; Johnson
142,24108.00,"Insurance: Life, Health (stock)",France,CNP Assurances S.A.
140,24373.30,Trading,South Korea,Hyundai Corp.
141,24269.90,Specialty Retailers,U.S.,"Costco Companies, Inc."
139,24427.90,Industrial and Farm Equipment,Germany,Thyssen Krupp AG
137,24514.20,Banks: Commercial and Savings,Britain,Lloyds TSB Group plc
138,24484.20,Food and Drug Stores,U.S.,Safeway Inc.
136,24754.00,Petroleum Refining,U.S.,USX Corporation
134,24842.30,Chemicals,Germany,Hoechst Aktiengesellschaft
135,24788.00,"Mail, Package, and Freight Delivery",U.S.,"United Parcel Service of America, Inc."
133,25073.10,Banks: Commercial and Savings,Brazil,Banco Do Brasil
131,25400.60,Food and Drug Stores,Japan,"Ito-Yokado Co., Ltd."
132,25139.10,Food and Drug Stores,Britain,J. Sainsbury plc
130,25435.80,Insurance: Property and Casualty (Stock),Britain,Royal &amp; Sun Alliance
128,25476.10,Trading,Japan,Nichimen Corporation
129,25473.00,Telecommunications,U.S.,GTE Corporation
127,25595.00,Banks: Commercial and Savings,U.S.,Bank One Corporation
126,25659.00,Petroleum Refining,Venezuela,"Petroleos de Venezuela, S.A."
125,25715.00,Aerospace,U.S.,United Technologies Corporation
123,26163.90,Telecommunications,Italy,Telecom Italia Group
124,25879.00,Insurance: Property and Casualty (Stock),U.S.,The Allstate Corporation
122,26266.00,Aerospace,U.S.,Lockheed Martin Corporation
120,26495.80,Banks: Commercial and Savings,Japan,"The Industrial Bank of Japan, Ltd."
121,26273.00,"Electronics, Electrical Equip.",U.S.,Intel Corporation
119,26735.00,"Insurance: Life, Health (stock)",U.S.,Metropolitan Life Insurance Co.
117,26786.60,Banks: Commercial and Savings,France,Banque Nationale de Paris
118,26773.20,Motor Vehicles and Parts,Sweden,AB Volvo
116,26801.00,Petroleum Refining,U.S.,Chevron Corporation
115,26898.20,Pharmaceuticals,U.S.,"Merck &amp; Co., Inc."
113,27221.20,Banks: Commercial and Savings,Switzerland,UBS AG
114,27058.80,Petroleum Refining,France,Total Fina S.A.
112,27408.70,Telecommunications,France,France T_l_com SA
111,27480.40,Motor Vehicles and Parts,Japan,Mitsubishi Motors Corporation
110,27921.60,Trading,Germany,VIAG Aktiengesellschaft
109,28203.30,Food and Drug Stores,U.S.,The Kroger Company
108,28323.70,Telecommunications,Britain,British Telecommunications PLC
107,28442.30,Food and Drug Stores,Britain,Tesco PLC
106,28476.10,"Insurance: Life, Health (Mutual)",Japan,Meiji Life Insurance Company
105,28610.30,Motor Vehicles and Parts,Germany,Robert Bosch GmbH
103,28808.90,Petroleum Refining,South Korea,SK
104,28777.00,Telecommunications,U.S.,"SBC Communications, Inc."
102,28839.00,Trading,South Korea,Samsung Corporation
101,28871.00,Food and Drug Stores,Netherlands,Koninklijke Ahold
492,9043.50,Specialty Retailers,Britain,The Great Universal Stores P.L.C.
493,9018.10,Banks: Commercial and Savings,Canada,Toronto-Dominion Bank
494,8997.70,Specialty Retailers,U.S.,"Office Depot, Inc."
495,8971.60,"Soaps, Cosmetics",U.S.,Colgate-Palmolive Company
496,8941.00,Railroads,U.S.,Burlington Northern Santa Fe Corp.
498,8920.50,zMiscellaneous,Japan,"Mitsui Fudosan Co., Ltd."
499,8911.70,"Insurance: Life, Health (Mutual)",U.S.,John Hancock Mutual Life Insurance Company
500,8902.00,Aerospace,U.S.,Northrop Grumman Corporation
476,9232.50,"Insurance: Life, Health (Mutual)",Canada,Sun Life Assurance Company of Canada *
477,9231.50,"Insurance: Life, Health (stock)",Japan,"The Kyoei Life Insurance Co., Ltd."
478,9209.30,Food,U.S.,H.J. Heinz Company
479,9178.50,Trading,Japan,Kawasho Corporation
480,9167.80,Chemicals,Japan,"Asahi Chemical Industry Co., Ltd."
482,9132.80,Pharmaceuticals,Britain,AstraZeneca PLC
483,9128.90,Forest and Paper Products,Finland,UPM-Kymmene Group
484,9125.70,Banks: Commercial and Savings,Germany,Norddeutsche Landesbank Girozen.
485,9115.50,Petroleum Refining,Taiwan,Chinese Petroleum Corporation
486,9108.40,Insurance: Property and Casualty (Stock),U.S.,"The St. Paul Companies, Inc."
487,9072.90,Food and Drug Stores,Germany,SPAR Handels AG
488,9061.00,Entertainment,U.S.,CBS Corporation
489,9059.40,Motor Vehicles and Parts,U.S.,Lear Corporation
490,9054.50,Specialty Retailers,U.S.,"The Gap, Inc."
491,9044.80,Airlines,U.S.,"Northwest Airlines, Inc."
461,9656.10,Railroads,Japan,Central Japan Railway Company
462,9571.40,"Publishing, Printing",Japan,"Toppan Printing Co., Ltd."
463,9553.10,zMiscellaneous,U.S.,"Nike, Inc."
464,9521.50,Health Care,U.S.,"PacifiCare Health Systems, Inc."
465,9519.20,General Merchandisers,Japan,"Takashimaya Co., Ltd."
466,9509.60,Aerospace,France,A_rospatiale
467,9436.40,Forest and Paper Products,Japan,"Oji Paper Co., Ltd."
468,9427.80,Railroads,Japan,West Japan Railway Company
469,9405.10,Industrial and Farm Equipment,Japan,"Kawasaki Heavy Industries, Ltd."
470,9378.00,"Electronics, Electrical Equip.",South Korea,LG Electronics
471,9346.90,Specialty Retailers,U.S.,"The Limited, Inc."
472,9286.90,"Insurance: Life, Health (Mutual)",Taiwan,"Cathay Life Insurance Co., Ltd."
473,9269.50,Petroleum Refining,Finland,Fortum Corporation
474,9267.30,Petroleum Refining,Malaysia,Petroliam Nasional Berhad
475,9250.40,"Insurance: Life, Health (Mutual)",Britain,Scottish Widows Fund &amp; Life Assurance
445,10022.50,Metal Products,Japan,"Sumitomo Electric Industries, Ltd."
446,10021.60,"Building Materials, Glass",Japan,"Asahi Glass Co., Ltd."
447,10002.00,Banks: Commercial and Savings,U.S.,"Fleet Financial Group, Inc."
448,9962.30,Banks: Commercial and Savings,Italy,Banca Commerciale Italiana S.P.A.
449,9932.10,"Publishing, Printing",Japan,"Dai Nippon Printing Co., Ltd."
450,9898.00,Railroads,U.S.,CSX Corporation
451,9895.00,Health Care,U.S.,Tenet Healthcare Corporation
452,9894.30,Wholesalers,Germany,Edeka Zentrale AG
453,9886.60,Food,Japan,"Snow Brand Milk Products Co., Ltd."
454,9798.60,zMiscellaneous,Britain,Peninsular &amp; Oriental Steam Navigation Company
455,9790.80,"Computers, Office Equipment",U.S.,"Sun Microsystems, Inc."
456,9787.60,Airlines,Spain,Sociedad Estatal De Participaciones Industriales
457,9781.00,Health Care,U.S.,Humana Inc.
458,9752.50,Telecommunications,Japan,DDI Corporation
459,9748.00,Petroleum Refining,Japan,"Idemitsu Kosan Co., Ltd."
460,9716.00,Metals,South Korea,Pohang Iron &amp; Steel Co. Ltd.
429,10295.80,Banks: Commercial and Savings,Germany,Deutsche Genossenschaftsbank A.G.
430,10292.20,Food and Drug Stores,Canada,George Weston Ltd.
431,10253.40,"Engineering, Construction",Japan,Takenaka Corporation
432,10251.00,"Insurance: Life, Health (stock)",U.S.,American General Corporation
433,10233.20,Banks: Commercial and Savings,Japan,"The Tokai Bank, Ltd."
434,10213.70,Pharmaceuticals,U.S.,Warner-Lambert Company
435,10213.30,Metals,Japan,Kobe Steel Ltd.
436,10208.00,Utilities: Gas and Electric,U.S.,Edison International
437,10185.70,Airlines,France,Compagnie Nationale Air France
438,10179.40,Food and Drug Stores,U.S.,"The Great Atlantic &amp; Pacific Tea Company, I"
439,10160.30,"Engineering, Construction",Japan,"Sekisui House, Ltd."
440,10148.60,"Insurance: Life, Health (stock)",Canada,Power Corporation of Canada
441,10077.90,Specialty Retailers,U.S.,Best Buy Co. Inc.
442,10056.00,Metal Products,U.S.,Gillette Company
443,10051.30,Pharmaceuticals,U.S.,Eli Lilly &amp; Company
444,10050.50,Utilities: Gas and Electric,South Korea,Korea Electric Power Corporation
414,10795.00,"Engineering, Construction",Japan,Obayashi Corporation
415,10766.00,Forest and Paper Products,U.S.,Weyerhaeuser Company
416,10761.80,Insurance: Property and Casualty (Stock),Japan,"The Yasuda Fire &amp; Marine Insurance Co. , Ltd."
417,10734.00,Entertainment,Canada,The Seagram Company Ltd.
418,10668.10,"Insurance: Life, Health (Mutual)",U.S.,Massachusetts Mutual Life Insurance
419,10648.70,Metals,France,Usinor
420,10581.30,Motor Vehicles and Parts,Japan,Fuji Heavy Industries Ltd.
421,10562.20,zMiscellaneous,Switzerland,"Adecco, SA"
422,10553.00,Railroads,U.S.,Union Pacific
423,10538.10,Metals,Japan,"Sumitomo Metal Industries, Ltd."
424,10466.30,Petroleum Refining,Japan,Japan Energy Corporation
425,10400.80,Utilities: Gas and Electric,France,Gaz de France
426,10369.60,General Merchandisers,Germany,Karstadt Group
427,10354.40,Metals,Britain,British Steel PLC
428,10323.00,"Electronics, Electrical Equip.",U.S.,Whirlpool Corporation
401,11245.80,Beverages,U.S.,"Anheuser-Busch Companies, Inc."
402,11229.50,Food and Drug Stores,China,Jardine Matheson Holdings Ltd.
403,11212.30,Metals,Luxembourg,Arbed S.A.
405,11188.70,Utilities: Gas and Electric,Japan,"Kyushu Electric Power Co., Inc."
406,11156.10,"Computers, Office Equipment",Japan,"Ricoh Company, Ltd."
407,11099.10,"Mail, Package, and Freight Delivery",Britain,British Post Office
408,11012.80,Industrial and Farm Equipment,Norway,Kv_rner Group
409,10937.30,Metal Products,France,Pechiney
410,10902.00,"Electronics, Electrical Equip.",Britain,"GEC (General Electric Co., p.l.c.)"
411,10901.20,Banks: Commercial and Savings,Canada,The Bank of Nova Scotia
412,10899.50,"Building Materials, Glass",France,Lafarge
413,10804.40,Specialty Retailers,U.S.,"Circuit City Stores, Inc."
293,14290.70,Petroleum Refining,Japan,Nippon Mitsubishi Oil Corporation
294,14258.00,Energy,U.S.,Dynegy Inc.
295,14245.80,Banks: Commercial and Savings,Italy,San Paolo IMI Spa
296,14150.60,Metals,Japan,NKK Corporation
297,14138.00,Airlines,U.S.,"Delta Air Lines, Inc."
298,14131.80,Petroleum Refining,Norway,Den norske stats oljeselskap a.s
300,13870.60,"Engineering, Construction",Japan,Taisei Corporation
279,14714.40,Chemicals,France,
280,14704.00,Pharmaceuticals,U.S.,Pfizer Inc.
281,14644.90,"Insurance: Life, Health (Mutual)",U.S.,Northwestern Mutual Life Insurance Company
282,14582.00,Entertainment,U.S.,Time Warner Inc.
283,14542.90,"Electronics, Electrical Equip.",Finland,Nokia Corporation
284,14484.00,Computer Services and Software,U.S.,Microsoft Corporation
285,14407.40,"Insurance: Life, Health (stock)",South Korea,"Samsung Life Insurance Co., Ltd."
286,14402.20,General Merchandisers,Japan,MYCAL CORPORATION
287,14387.40,Banks: Commercial and Savings,Spain,"Banco Bilbao Vizcaya, S.A."
288,14384.00,Food,France,Groupe Danone
289,14350.40,Food and Drug Stores,Australia,Coles Myer Ltd.
292,14312.00,Chemicals,Italy,Montedison SPA
266,15128.00,Aerospace,U.S.,AlliedSignal Inc.
267,15081.00,Banks: Commercial and Savings,Germany,Bayerische Landesbank Girozentrale
268,15069.30,Wholesalers,U.S.,"Fleming Companies, Inc."
269,15022.00,Insurance: Property and Casualty (Stock),U.S.,Hartford Financial Services Group Inc.
270,15021.00,"Scientific,Photographic and Control Equipment",U.S.,Minnesota Mining and Manufacturing Company
271,15009.40,Tobacco,Japan,Japan Tobacco Inc.
272,14878.80,Food and Drug Stores,U.S.,"Fred Meyer, Inc."
273,14830.90,"Insurance: Life, Health (Mutual)",Britain,The Standard Life Assurance Company
274,14776.70,"Electronics, Electrical Equip.",Sweden,Electrolux AB
275,14748.30,Airlines,Britain,British Airways plc
276,14736.00,Utilities: Gas and Electric,U.S.,Texas Utilities Company
277,14727.00,"Electronics, Electrical Equip.",Japan,"Sanyo Electric Co., Ltd."
278,14719.40,Petroleum Refining,India,Indian Oil Corporation Limited
252,15872.80,"Mail, Package, and Freight Delivery",U.S.,FDX Corporation
253,15833.00,General Merchandisers,U.S.,"Federated Department Stores, Inc."
254,15830.70,"Mail, Package, and Freight Delivery",France,La Poste
255,15741.20,Food and Drug Stores,France,Groupe Casino
256,15625.70,"Mining, Crude-Oil Production",Germany,RAG Aktiengesellschaft
257,15610.10,Petroleum Refining,Spain,"Repsol,S.A."
258,15573.80,Industrial and Farm Equipment,Britain,Invensys plc
260,15518.10,"Insurance: Life, Health (stock)",Switzerland,Swiss Life Insurance &amp; Pension Co
261,15489.40,Metals,U.S.,"Alcoa, Inc."
262,15391.40,Chemicals,Britain,Imperial Chemical Industries Plc
263,15327.50,Wholesalers,U.S.,Sysco Corporation
264,15307.00,Food and Drug Stores,U.S.,Walgreen Co.
265,15273.60,Food and Drug Stores,U.S.,CVS Corporation
239,16630.30,Insurance: Property and Casualty (Stock),Japan,"The Tokio Marine &amp; Fire Insurance Co., Ltd."
240,16540.00,Wholesalers,Germany,Franz Haniel &amp; Cie. GmbH
241,16416.70,Insurance: Property and Casualty (Stock),Switzerland,Swiss Reinsurance Company
243,16320.30,Banks: Commercial and Savings,Japan,"The Dai-Ichi Kangyo Bank , Limited"
244,16307.40,"Mail, Package, and Freight Delivery",Germany,Deutsche Post AG
245,16220.10,Energy,Russia,RAO Gazprom
246,16108.60,Food,U.S.,Archer Daniels Midland Company
247,16093.40,Motor Vehicles and Parts,Japan,Mazda Motor Corporation
248,16061.10,Banks: Commercial and Savings,Britain,Halifax PLC
249,16054.60,"Insurance: Life, Health (Mutual)",Japan,The Yasuda Mutual Life Insurance Company
251,15918.10,Wholesalers,U.S.,"Cardinal Health, Inc."
224,17198.60,Trading,Japan,Kanematsu Corporation
225,17154.00,Telecommunications,U.S.,Ameritech Corporation
226,17148.00,"Mining, Crude-Oil Production",Australia,The Broken Hill Proprietary Company Limited
227,17134.30,Telecommunications,U.S.,Sprint Corporation
228,17111.70,"Engineering, Construction",France,Bouygues
229,17107.00,Rubber and Plastic Products,Japan,Bridgestone Corporation
230,17062.90,Railroads,Germany,Deutsche Bahn AG
231,17037.00,Food,U.S.,Nabisco Group Holdings
232,17016.30,Pharmaceuticals,Switzerland,Roche Holding Ltd.
233,17015.10,Utilities: Gas and Electric,Japan,"Chubu Electric Power Co., Inc."
234,16903.10,"Insurance: Life, Health (stock)",Britain,Norwich Union plc
235,16891.00,Computer Services and Software,U.S.,Electronic Data Systems Corporation
236,16758.10,Banks: Commercial and Savings,Brazil,Banco Bradesco S.A.
237,16735.90,Banks: Commercial and Savings,Japan,"The Sakura Bank, Ltd."
238,16687.30,"Insurance: Life, Health (stock)",Australia,AMP Limited
210,18243.00,"Computers, Office Equipment",U.S.,Dell Computer Corporation
211,18168.40,Banks: Commercial and Savings,Spain,Santander Group
212,18048.00,Diversified Financials,U.S.,Freddie Mac
213,17812.00,Industrial and Farm Equipment,Italy,Istituto Por La Ricostruzione Industriale SPA
214,17678.00,Telecommunications,U.S.,"MCI WorldCom, Inc."
215,17610.00,Utilities: Gas and Electric,U.S.,Duke Energy Corporation
216,17575.00,"Electronics, Electrical Equip.",Canada,Northern Telecom Limited
217,17561.00,Airlines,U.S.,UAL Corporation
218,17487.30,Specialty Retailers,U.S.,"AutoNation, Inc."
219,17468.20,Railroads,France,Societe Nationale des Chemins de Fer Francais
220,17420.50,Wholesalers,U.S.,Supervalu Inc.
221,17397.00,Banks: Commercial and Savings,Britain,Abbey National plc
222,17355.00,Health Care,U.S.,United Health Care Corporation
223,17353.10,"Engineering, Construction",U.S.,Halliburton Company
201,18813.00,Beverages,U.S.,The Coca-Cola Company
202,18726.90,"Insurance: Life, Health (stock)",Netherlands,AEGON N.V.
203,18506.90,Telecommunications,Canada,BCE Inc.
204,18474.70,Banks: Commercial and Savings,Netherlands,Rabobank Group
205,18441.00,Chemicals,U.S.,The Dow Chemical Company
206,18425.00,Banks: Commercial and Savings,U.S.,J.P. Morgan &amp; Co. Incorporated
207,18394.20,"Electronics, Electrical Equip.",South Korea,"Samsung Electronics Co., Ltd."
208,18364.60,General Merchandisers,France,Pinault-Printemps-Redoute
209,18283.60,Pharmaceuticals,U.S.,Bristol-Myers Squibb Company
93,30731.60,Chemicals,Germany,BASF A.G.
94,30678.00,General Merchandisers,U.S.,"J.C. Penney Company, Inc."
95,30479.00,Food and Drug Stores,France,Carrefour
96,30219.00,Specialty Retailers,U.S.,"The Home Depot, Inc."
97,30147.00,"Electronics, Electrical Equip.",U.S.,Lucent Technologies
98,29762.10,Banks: Commercial and Savings,France,Soci_t_ G_n_rale
99,29682.30,"Electronics, Electrical Equip.",Japan,Mitsubishi Electric Corporation
100,29398.00,"Electronics, Electrical Equip.",U.S.,"Motorola, Inc."
79,32379.00,Banks: Commercial and Savings,U.S.,Chase Manhattan Corp
80,31816.20,Banks: Commercial and Savings,Germany,Bayerische Hypo-und Vereinsbank AG
81,31707.00,Petroleum Refining,U.S.,Texaco Inc.
82,31565.90,Telecommunications,U.S.,Bell Atlantic Corporation
83,31498.80,Diversified Financials,U.S.,Fannie Mae
84,31325.30,Banks: Commercial and Savings,Belgium/Netherlands,Fortis
85,31260.00,Energy,U.S.,Enron
86,31197.20,Chemicals,Germany,Bayer AG
87,31169.00,"Computers, Office Equipment",U.S.,Compaq Computer Corporation
88,31131.00,Securities,U.S.,Morgan Stanley Dean Witter &amp; Co.
89,30951.00,General Merchandisers,U.S.,Dayton Hudson Corporation
90,30934.90,Trading,Japan,Tomen Corporation
91,30928.80,Banks: Commercial and Savings,Japan,The Bank of Tokyo-Mitsubishi Ltd.
92,30872.00,"Electronics, Electrical Equip.",Switzerland,ABB Asea Brown Boveri Ltd
66,35864.00,Petroleum Refining,France,Elf Aquitaine
67,35853.00,Securities,U.S.,"Merrill Lynch &amp; Co., Inc."
69,35292.30,"Engineering, Construction",France,Vivendi
70,34873.50,Energy,France,Suez Lyonnaise des Eaux
71,34427.00,"Insurance: Life, Health (stock)",U.S.,Prudential Insurance Company of America
72,34235.00,Banks: Commercial and Savings,Netherlands,ABN AMRO Holding N. V.
73,34025.20,Petroleum Refining,China,China Petro-Chemical Corp.
74,33676.80,"Insurance: Life, Health (stock)",Britain,Prudential Corporation plc
75,33674.00,General Merchandisers,U.S.,Kmart Corporation
76,33296.00,Insurance: Property and Casualty (Stock),U.S.,"American International Group,Inc."
77,33022.40,Banks: Commercial and Savings,France,Cr_dit Agricole Group
78,32389.30,Petroleum Refining,Italy,ENI S.p.A.
53,39710.50,Telecommunications,Germany,Deutsche Telekom AG
54,39535.40,"Insurance: Life, Health (Mutual)",Japan,Sumitomo Life Insurance Company
55,39130.00,Chemicals,U.S.,"E.I. du Pont de Nemours and Company, Inc."
56,39115.00,Insurance: Property and Casualty (Stock),Switzerland,Zurich Financial Services
57,38455.60,"Electronics, Electrical Equip.",Netherlands,Royal Philips Electronics
58,37588.50,Insurance: Property and Casualty (Stock),Britain,CGU plc
59,37539.80,Motor Vehicles and Parts,France,Peugeot S. A.
60,37234.60,"Electronics, Electrical Equip.",Japan,NEC Corporation
61,37154.00,"Soaps, Cosmetics",U.S.,The Procter &amp; Gamble Company
62,36672.90,Utilities: Gas and Electric,France,Electricite De France
63,36603.10,Utilities: Gas and Electric,Germany,RWE Group
64,35889.10,"Insurance: Life, Health (Mutual)",U.S.,Teachers Insurance and Annuity Association College Retiremen
65,35886.70,Motor Vehicles and Parts,Germany,Bayerische Motoren Werke Aktiengesellschaft
40,47678.00,Petroleum Refining,U.S.,Mobil Corporation
41,47061.00,"Computers, Office Equipment",U.S.,Hewlett-Packard Company
42,45165.00,Banks: Commercial and Savings,Germany,Deutsche Bank Aktiengesellschaft
43,44908.00,Food,Britain/Netherlands,Unilever N.V./ Unilever PLC
44,44620.90,Insurance: Property and Casualty (Mutual),U.S.,State Farm Insurance Companies
45,44485.60,"Insurance: Life, Health (Mutual)",Japan,The Dai-ichi Mutual Life Insurance Co.
46,43407.50,Trading,Germany,Veba AG
47,43338.30,Banks: Commercial and Savings,Britain,Hsbc Holdings
48,41470.90,"Electronics, Electrical Equip.",Japan,Toshiba Corporation
49,41353.30,Motor Vehicles and Parts,France,Renault
50,41322.00,General Merchandisers,U.S.,"Sears, Roebuck and Co."
51,41017.80,"Computers, Office Equipment",Japan,Fujitsu Limited
52,39808.40,Utilities: Gas and Electric,Japan,"The Tokyo Electric Power Co., Inc."
27,57813.00,Tobacco,U.S.,Philip Morris Companies Inc.
28,56468.70,"Insurance: Life, Health (stock)",Netherlands,ING Groep N.V.
29,56154.00,Aerospace,U.S.,The Boeing Company
30,53588.00,Telecommunications,U.S.,AT&amp;T Corp.
31,53156.70,"Electronics, Electrical Equip.",Japan,Sony Corporation
32,52126.40,Food and Drug Stores,Germany,Metro AG
33,51477.70,Motor Vehicles and Parts,Japan,"Nissan Motor Co., Ltd."
34,50998.90,Motor Vehicles and Parts,Italy,Fiat S.p.A.
35,50777.00,Banks: Commercial and Savings,U.S.,Bank of America Corporation
36,49504.10,Food,Switzerland,Nestl_ S.A.
37,49143.30,Banks: Commercial and Savings,Switzerland,Credit Suisse Group
38,48747.70,Motor Vehicles and Parts,Japan,"Honda Motor Co., Ltd."
39,48478.10,Insurance: Property and Casualty (Stock),Italy,Assicurazioni Generali Spa
14,81667.00,"Computers, Office Equipment",U.S.,International Business Machines Corporation
15,78729.30,"Insurance: Life, Health (stock)",France,AXA
16,76431.00,Diversified Financials,U.S.,"Citigroup, Inc."
17,76306.60,Motor Vehicles and Parts,Germany,Volkswagen AG
18,76118.70,Telecommunications,Japan,Nippon Telegraph &amp; Telephone Corporation
19,68304.00,Petroleum Refining,Britain,BP Amoco p.l.c.
20,67741.70,Trading,Japan,Nissho Iwai Corporation
21,66299.60,"Insurance: Life, Health (Mutual)",Japan,Nippon Life Insurance Company
22,66037.80,"Electronics, Electrical Equip.",Germany,Siemens AG
23,64874.70,Insurance: Property and Casualty (Stock),Germany,Allianz AG
24,62409.90,"Electronics, Electrical Equip.",Japan,"Hitachi, Ltd."
25,60072.00,"Mail, Package, and Freight Delivery",U.S.,United States Postal Service
26,59771.40,"Electronics, Electrical Equip.",Japan,"Matsushita Electric Industrial Co., Ltd."
1,161315.00,Motor Vehicles and Parts,U.S.,General Motors Corporation
2,154615.00,Motor Vehicles and Parts,Germany,DaimlerChrysler A.G.
3,144416.00,Motor Vehicles and Parts,U.S.,Ford Motor Company
4,139208.00,General Merchandisers,U.S.,"Wal-Mart Stores, Inc."
5,109372.90,Trading,Japan,"Mitsui &amp; Co., Ltd."
6,108749.10,Trading,Japan,Itochu Corporation
7,107184.40,Trading,Japan,Mitsubishi Corporation
8,100697.00,Petroleum Refining,U.S.,Exxon Corporation
9,100469.00,"Electronics, Electrical Equip.",U.S.,General Electric Company
10,99740.10,Motor Vehicles and Parts,Japan,Toyota Motor Corporation
11,93692.00,Petroleum Refining,Britain/Netherlands,Royal Dutch/Shell Group
12,93568.60,Trading,Japan,Marubeni Corporation
13,89020.70,Trading,Japan,Sumitomo Corporation
