rank,revenues,industry,hqCountry,title
311,14943.90,Petroleum Refining,Malaysia,Petroliam Nasional Berhad
312,14936.70,Banks: Commercial and Savings,Belgium,Dexia Group
313,14914.30,"Electronics, Electrical Equip.",Sweden,Electrolux AB
314,14898.00,"Engineering, Construction",U.S.,Halliburton Company
315,14825.90,Telecommunications,Britain,Cable and Wireless PLC
316,14810.70,"Publishing, Printing",Germany,Bertelsmann AG
304,15136.40,Metals,Japan,NKK Corporation
305,15120.70,Motor Vehicles and Parts,Sweden,AB Volvo
306,15099.80,"Engineering, Construction",Japan,Taisei Corporation
307,15063.80,Trading,China,China National Chemicals Import and Export Corporation
308,15021.10,"Electronics, Electrical Equip.",South Korea,LG Electronics
309,15007.00,Motor Vehicles and Parts,Germany,MAN Aktiengesellschaft
310,14997.50,Chemicals,Japan,Mitsubishi Chemical Corporation
326,14485.80,Banks: Commercial and Savings,Spain,"Banco Bilbao Vizcaya Argentaria, S.A."
327,14456.40,Banks: Commercial and Savings,Britain,Halifax PLC
328,14406.00,Beverages,U.S.,"Coca-Cola Enterprises, Inc."
329,14405.30,Airlines,Britain,British Airways plc
330,14375.80,Utilities: Gas and Electric,Spain,"Endesa, S.A."
331,14368.20,zMiscellaneous,Japan,Dentsu Inc.
332,14362.10,Petroleum Refining,U.S.,Tosco Corporation
333,14356.20,Airlines,Japan,"Japan Airlines Company, Ltd."
318,14711.00,Airlines,U.S.,"Delta Air Lines, Inc."
319,14708.70,"Mail, Package, and Freight Delivery",Japan,"Nippon Express Co., Ltd."
320,14645.60,Wholesalers,U.S.,"Fleming Companies, Inc."
321,14556.80,Industrial and Farm Equipment,Britain,Invensys plc
322,14550.40,"Insurance: Life, Health (stock)",South Africa,Old Mutual
323,14541.40,"Mining, Crude-Oil Production",Germany,RAG Aktiengesellschaft
324,14538.20,Food and Drug Stores,Australia,Coles Myer Ltd.
325,14531.40,Metals,France,Usinor
317,14784.20,Banks: Commercial and Savings,Japan,"The Tokai Bank, Ltd."
344,14052.70,"Engineering, Construction",Japan,Shimizu Corporation
345,14033.90,Food and Drug Stores,Canada,George Weston Ltd.
346,13991.60,Aerospace,France,A_rospatiale Matra
347,13852.00,Petroleum Refining,U.S.,Phillips Petroleum Company
348,13778.00,"Mining, Crude-Oil Production",Australia,The Broken Hill Proprietary Company Limited
349,13738.00,Pharmaceuticals,Britain,"Glaxo Wellcome, PLC"
350,13715.20,Entertainment,Australia,The News Corporation Limited
335,14283.30,Food,U.S.,Archer Daniels Midland Company
336,14269.50,"Electronics, Electrical Equip.",U.S.,Emerson Electric Co.
337,14224.00,General Merchandisers,U.S.,The May Department Stores Company
338,14179.30,Food,France,Groupe Danone
339,14166.30,Utilities: Gas and Electric,Japan,"Tohoku Electric Power Co., Inc."
340,14136.50,Food and Drug Stores,U.S.,"Winn-Dixie Stores, Inc."
341,14127.80,Banks: Commercial and Savings,China,Agricultural Bank of China
342,14089.00,"Scientific,Photographic and Control Equipment",U.S.,Eastman Kodak Company
343,14075.20,Food,U.S.,"IBP, Inc."
334,14290.90,Specialty Retailers,Germany,Otto Versand (GmbH &amp; Co.)
351,13704.50,Telecommunications,Japan,DDI Corporation
352,13671.60,Chemicals,Britain,Imperial Chemical Industries PlC
353,13661.80,Motor Vehicles and Parts,Japan,Suzuki Motor Corporation
354,13629.90,Airlines,Germany,Deutsche Lufthansa AG
365,13353.00,Motor Vehicles and Parts,U.S.,Dana Corporation
360,13528.00,Insurance: Property and Casualty (Stock),U.S.,Hartford Financial Services Group Inc.
361,13441.20,Banks: Commercial and Savings,Canada,Canadian Imperial Bank of Commerce
362,13438.00,Pharmaceuticals,France,Aventis
363,13432.70,Petroleum Refining,Japan,Japan Energy Corporation
364,13392.30,Banks: Commercial and Savings,China,China Construction Bank
355,13571.20,Banks: Commercial and Savings,U.S.,"Washington Mutual, Inc."
356,13561.60,Pharmaceuticals,Britain,Smithkline Beecham plc
357,13554.90,Insurance: Property and Casualty (Stock),U.S.,Nationwide Insurance Enterprise
358,13550.20,Pharmaceuticals,U.S.,American Home Products Corporation
359,13531.10,Motor Vehicles and Parts,Japan,Isuzu Motors Limited
375,13130.50,Chemicals,Norway,Norsk Hydro ASA
376,13126.90,zMiscellaneous,U.S.,Waste Management Inc.
367,13335.40,Banks: Commercial and Savings,Italy,UniCredito Italiano
369,13205.70,General Merchandisers,Britain,Marks &amp; Spencer p.l.c.
370,13198.60,"Insurance: Life, Health (Mutual)",Japan,The Chiyoda Mutual Life Insurance Co.
371,13182.00,Telecommunications,U.S.,"U S West, Inc."
372,13177.60,Pharmaceuticals,U.S.,Abbott Laboratories
373,13176.00,Petroleum Refining,U.S.,Atlantic Richfield Company
374,13146.10,Banks: Commercial and Savings,Canada,Royal Bank of Canada
366,13341.30,"Insurance: Life, Health (Mutual)",Japan,The Taiyo Mutual Life Insurance Co.
382,12899.30,Utilities: Gas and Electric,South Korea,Korea Electric Power Corporation
383,12880.60,Rubber and Plastic Products,U.S.,The Goodyear Tire &amp; Rubber Company and Subsidiaries
384,12873.80,"Insurance: Life, Health (Mutual)",Japan,Daido Life Insurance Company
385,12858.80,Entertainment,U.S.,Viacom Inc.
386,12829.80,Utilities: Gas and Electric,Japan,"Kyushu Electric Power Co., Inc."
387,12789.80,Metals,Japan,"Sumitomo Metal Industries, Ltd."
396,12444.20,Food and Drug Stores,Switzerland,Migros-Genossenschafts-Bund
397,12428.00,Motor Vehicles and Parts,U.S.,Lear Corporation
398,12417.40,"Engineering, Construction",U.S.,Fluor Corporation
378,13068.90,Food and Drug Stores,U.S.,"Publix Super Markets, Inc."
379,13006.80,Forest and Paper Products,U.S.,Kimberly-Clark Corporation
380,12996.90,"Computers, Office Equipment",Japan,"Ricoh Company, Ltd."
381,12928.90,Pharmaceuticals,U.S.,Warner-Lambert Company
389,12731.90,Food and Drug Stores,U.S.,Rite Aid Corporation
390,12686.00,Telecommunications,Britain,Vodafone Airtouch PLC
391,12644.50,Trading,Japan,Kanematsu Corporation
392,12614.40,Specialty Retailers,U.S.,"Circuit City Stores, Inc."
393,12589.40,"Scientific,Photographic and Control Equipment",Japan,"Fuji Photo Film Co., Ltd."
394,12494.00,Specialty Retailers,U.S.,Best Buy Co. Inc.
395,12487.00,Banks: Commercial and Savings,Australia,National Australia Bank Limited
388,12786.30,Food,Italy,Montedison SPA
399,12415.20,Energy,Canada,TransCanada Pipelines Limited
400,12391.40,Banks: Commercial and Savings,Italy,Banca Intesa S.p.A.
301,15177.60,Trading,South Korea,LG International Corp.
302,15164.30,Banks: Commercial and Savings,Brazil,Banco Bradesco S.A.
199,20817.00,Petroleum Refining,U.S.,Conoco
200,20758.80,Trading,Germany,VIAG Aktiengesellschaft
198,20820.00,Utilities: Gas and Electric,U.S.,PG&amp;E Corporation
197,20952.60,Insurance: Property and Casualty (Stock),U.S.,Loews Corporation
196,21090.40,"Electronics, Electrical Equip.",Finland,Nokia Corporation
195,21278.00,Diversified Financials,U.S.,American Express Company
194,21287.00,Network Communications,Canada,Nortel Networks Corporation
192,21608.90,Pharmaceuticals,Switzerland,Novartis Group
193,21573.00,Banks: Commercial and Savings,Britain,Barclays Plc
191,21679.30,"Insurance: Life, Health (Mutual)",U.S.,New York Life Insurance Company
190,21742.00,Utilities: Gas and Electric,U.S.,Duke Energy Corporation
189,21795.00,Banks: Commercial and Savings,U.S.,Wells Fargo &amp; Co.
188,22084.00,Banks: Commercial and Savings,U.S.,First Union Corporation
186,22320.10,Utilities: Gas and Electric,Italy,Enel SPA
187,22223.80,"Insurance: Life, Health (Mutual)",Japan,Mitsui Mutual Life Insurance Co.
185,22373.60,Banks: Commercial and Savings,Netherlands,Rabobank Group
184,22451.30,Food and Drug Stores,Japan,"Jusco Co., Ltd."
183,22478.50,Railroads,Japan,East Japan Railway Company
181,22836.70,Banks: Commercial and Savings,Britain,Lloyds TSB Group plc
182,22496.50,"Electronics, Electrical Equip.",U.S.,Tyco International
180,23062.00,"Computers, Office Equipment",Japan,Canon Inc.
178,23246.20,Utilities: Gas and Electric,Japan,"The Kansai Electric Power Co., Inc."
179,23208.80,Banks: Commercial and Savings,Germany,Dresdner Bank AG
177,23398.60,Banks: Commercial and Savings,France,Soci_t_ G_n_rale
176,23402.00,Entertainment,U.S.,The Walt Disney Company
175,23493.60,Food and Drug Stores,France,Groupe Auchan
174,23735.00,Aerospace,U.S.,Honeywell International Inc.
172,23944.70,Industrial and Farm Equipment,Italy,Istituto Per La Ricostruzione Industriale SPA
173,23865.80,"Insurance: Life, Health (stock)",Netherlands,AEGON N.V.
171,24028.00,Insurance: Property and Casualty (Stock),U.S.,Berkshire Hathaway Inc.
169,24079.10,Banks: Commercial and Savings,Germany,Westdeutsche Landesbank
170,24074.50,Metals,Japan,Nippon Steel Corporation
167,24214.80,Petroleum Refining,Japan,Nippon Mitsubishi Oil Corporation
168,24206.60,Specialty Retailers,U.S.,"AutoNation, Inc."
165,24482.40,"Building Materials, Glass",France,Saint-Gobain
166,24268.00,Diversified Financials,U.S.,Freddie Mac
163,24558.10,Telecommunications,France,Alcatel S.A.
162,24573.00,Forest and Paper Products,U.S.,International Paper Company
160,24681.00,"Electronics, Electrical Equip.",Switzerland,ABB Ltd.
161,24594.30,Food,U.S.,ConAgra
159,24816.30,Industrial and Farm Equipment,Germany,Mannesmann AG
157,25101.10,"Mail, Package, and Freight Delivery",Germany,Deutsche Post AG
158,25033.60,Wholesalers,U.S.,"Cardinal Health, Inc."
156,25224.00,Telecommunications,U.S.,BellSouth Corporation
155,25242.00,Aerospace,U.S.,United Technologies Corporation
154,25265.00,"Computers, Office Equipment",U.S.,Dell Computer Corporation
152,25336.20,Telecommunications,U.S.,GTE Corporation
153,25320.10,General Merchandisers,Japan,"The Daiei, Inc."
151,25363.00,Securities,U.S.,"Goldman Sachs Group, Inc."
150,25426.00,"Insurance: Life, Health (stock)",U.S.,MetLife Inc.
149,25530.00,Aerospace,U.S.,Lockheed Martin Corporation
147,25610.00,Petroleum Refining,U.S.,USX Corporation
148,25582.60,Banks: Commercial and Savings,Spain,Santander Central Hispano Group
145,25747.60,Trading,Japan,Tomen Corporation
146,25702.70,Trading,Japan,Nichimen Corporation
143,25820.60,Industrial and Farm Equipment,Japan,"Mitsubishi Heavy Industries, Ltd."
142,25986.00,Banks: Commercial and Savings,U.S.,Bank One Corporation
140,26052.30,"Electronics, Electrical Equip.",Sweden,Telefonaktiebolaget LM Ericsson
141,26018.00,Insurance: Property and Casualty (Stock),Britain,Royal &amp; Sun Alliance
139,26218.00,Food and Drug Stores,Britain,J. Sainsbury plc
138,26221.10,Banks: Commercial and Savings,Germany,Commerzbank A.G.
137,26246.10,"Insurance: Life, Health (Mutual)",Japan,Asahi Mutual Life Insurance Co.
136,26452.70,Health Care,U.S.,"Aetna, Inc."
135,26618.00,"Insurance: Life, Health (stock)",U.S.,Prudential Insurance Company of America
133,26939.90,Banks: Commercial and Savings,Japan,"The Industrial Bank of Japan, Ltd."
134,26802.50,"Insurance: Life, Health (stock)",France,CNP Assurances S.A.
132,26959.00,Insurance: Property and Casualty (Stock),U.S.,The Allstate Corporation
131,26991.50,"Electronics, Electrical Equip.",South Korea,"Samsung Electronics Co., Ltd."
129,27065.20,Banks: Commercial and Savings,Japan,"The Sumitomo Bank, Ltd."
130,27052.00,"Mail, Package, and Freight Delivery",U.S.,"United Parcel Service of America, Inc."
128,27333.00,Entertainment,U.S.,Time Warner Inc.
127,27456.00,Specialty Retailers,U.S.,Costco Wholesale Corporation
126,27471.00,Pharmaceuticals,U.S.,Johnson &amp; Johnson
125,27651.90,Banks: Commercial and Savings,Switzerland,UBS AG
124,27815.80,Banks: Commercial and Savings,Japan,"The Fuji Bank, Ltd."
122,28048.30,Petroleum Refining,Spain,Repsol YPF
123,27892.00,Chemicals,U.S.,"E.I. du Pont de Nemours and Company, Inc."
121,28068.60,Wholesalers,U.S.,"Ingram Micro, Inc."
120,28670.90,Food and Drug Stores,Japan,"Ito-Yokado Co., Ltd."
119,28859.90,Food and Drug Stores,U.S.,Safeway Inc.
118,29048.80,Telecommunications,France,France T_l_com SA
117,29141.60,Chemicals,Germany,Bayer AG
116,29389.00,"Electronics, Electrical Equip.",U.S.,Intel Corporation
115,29715.20,Trading,South Korea,Samsung Corporation
114,29727.20,Motor Vehicles and Parts,Germany,Robert Bosch GmbH
112,30087.80,Telecommunications,Italy,Olivetti S.p.a.
113,29951.30,Motor Vehicles and Parts,Japan,Mitsubishi Motors Corporation
111,30351.90,Food and Drug Stores,Britain,Tesco PLC
110,30546.00,Telecommunications,Britain,British Telecommunications PLC
109,30931.00,"Electronics, Electrical Equip.",U.S.,"Motorola, Inc."
107,31669.40,Trading,South Korea,Hyundai Corp.
108,31437.90,Chemicals,Germany,BASF A.G.
105,31997.30,Petroleum Refining,South Korea,SK
106,31868.10,Banks: Commercial and Savings,Germany,Bayerische Hypo-und Vereinsbank AG
103,32623.60,Banks: Commercial and Savings,Japan,The Bank of Tokyo-Mitsubishi Ltd.
104,32510.00,General Merchandisers,U.S.,"J.C. Penney Company, Inc."
102,32648.00,Petroleum Refining,Venezuela,"Petroleos de Venezuela, S.A."
101,32676.00,Petroleum Refining,U.S.,Chevron Corporation
488,9920.20,"Insurance: Life, Health (stock)",Canada,Power Corporation of Canada
489,9904.50,"Insurance: Life, Health (Mutual)",Taiwan,"Cathay Life Insurance Co., Ltd."
490,9900.90,Shipping,Japan,Nippon Yusen Kabushiki Kaisha
491,9897.00,Metal Products,U.S.,Gillette Company
492,9860.90,Wholesalers,Britain,Alliance Unichem PLC
493,9841.00,"Insurance: Life, Health (Mutual)",U.S.,Massachusetts Mutual Life Insurance
494,9779.10,Trading,Netherlands,SHV Holdings N.V.
495,9770.10,zMiscellaneous,U.S.,Manpower Inc.
496,9760.10,Wholesalers,U.S.,AmeriSource Health Corporation
497,9738.80,Banks: Commercial and Savings,Italy,San Paolo IMI Spa
499,9725.90,Food and Drug Stores,Britain,Somerfield plc
500,9723.30,Specialty Retailers,U.S.,"The Limited, Inc."
474,10263.30,Specialty Retailers,U.S.,"Office Depot, Inc."
475,10255.80,Railroads,Japan,"Kinki Nippon Railway Co., Ltd."
476,10221.80,Securities,Japan,"The Nomura Securities Co., Inc."
477,10166.70,"Engineering, Construction",Japan,Obayashi Corporation
478,10151.30,Food and Drug Stores,U.S.,"The Great Atlantic &amp; Pacific Tea Company, I"
479,10140.90,Metal Products,France,Pechiney
480,10126.00,Chemicals,U.S.,Pharmacia Corp.
481,10113.00,Health Care,U.S.,Humana Inc.
482,10076.20,Telecommunications,Mexico,"Tel_fonos De M_xico, S.A. de C.V."
483,10035.20,Food Services,France,Sodexho Alliance
484,10007.60,"Electronics, Electrical Equip.",Canada,Onex Corporation
485,10002.90,Pharmaceuticals,U.S.,Eli Lilly &amp; Company
486,9989.10,Health Care,U.S.,"PacifiCare Health Systems, Inc."
487,9929.80,Shipping,Britain,Peninsular &amp; Oriental Steam Navigation Company
460,10683.80,Metals,South Korea,Pohang Iron &amp; Steel Co. Ltd.
461,10679.00,"Insurance: Life, Health (stock)",U.S.,American General Corporation
462,10674.80,Food and Drug Stores,China,Jardine Matheson Holdings Ltd.
463,10661.90,Airlines,France,Compagnie Nationale Air France
464,10617.90,General Merchandisers,Japan,"Takashimaya Co., Ltd."
465,10581.00,Energy,U.S.,El Paso Energy Corporation
466,10511.10,"Insurance: Life, Health (Mutual)",Canada,Sun Life Assurance Company of Canada *
467,10511.00,"Electronics, Electrical Equip.",U.S.,Whirlpool Corporation
468,10470.30,Banks: Commercial and Savings,Canada,Toronto-Dominion Bank
469,10420.30,Banks: Commercial and Savings,Japan,Asahi Bank
470,10325.40,Industrial and Farm Equipment,Japan,"Kawasaki Heavy Industries, Ltd."
471,10276.00,Airlines,U.S.,Northwest Airlines Corporation
472,10269.90,General Merchandisers,Japan,"Uny Co., Ltd."
473,10266.00,Petroleum Refining,Japan,"Cosmo Oil Co., Ltd."
446,11118.60,Banks: Commercial and Savings,Canada,The Bank of Nova Scotia
447,11110.20,"Publishing, Printing",Japan,"Toppan Printing Co., Ltd."
448,11079.20,Petroleum Refining,U.S.,Ultramar Diamond Shamrock Corporation
449,10971.40,Railroads,Japan,Central Japan Railway Company
450,10899.10,"Insurance: Life, Health (stock)",South Korea,"Kyobo Life Insurance Co., Ltd."
451,10880.00,Health Care,U.S.,Tenet Healthcare Corporation
452,10863.80,Airlines,Japan,"All Nippon Airways Co., Ltd."
453,10826.30,Forest and Paper Products,Japan,"Oji Paper Co., Ltd."
454,10811.00,Railroads,U.S.,CSX Corporation
455,10780.80,"Mining, Crude-Oil Production",Russia,Lukoil
456,10730.80,zMiscellaneous,Japan,"Mitsui Fudosan Co., Ltd."
457,10727.40,Chemicals,Japan,"Asahi Chemical Industry Co., Ltd."
458,10709.10,Food,U.S.,"Farmland Industries, Inc."
459,10696.40,Railroads,Japan,West Japan Railway Company
432,11488.10,Trading,Japan,Kawasho Corporation
433,11475.30,Telecommunications,Australia,Telstra Corporation Limited
435,11396.50,Aerospace,Britain,BAE Systems
436,11394.00,Tobacco,U.S.,"R. J. Reynolds Tobacco Holdings, Inc."
437,11362.70,Metals,Luxembourg,Arbed S.A.
438,11344.90,Forest and Paper Products,Finland,Stora Enso AB
439,11292.70,Metals,Japan,Kawasaki Steel Corporation
440,11289.50,"Building Materials, Glass",Japan,"Asahi Glass Co., Ltd."
441,11273.00,Railroads,U.S.,Union Pacific
442,11248.80,Metals,Japan,Kobe Steel Ltd.
443,11230.00,"Building Materials, Glass",France,Lafarge S.A.
444,11139.30,Banks: Commercial and Savings,Canada,Bank of Montreal
445,11128.80,"Insurance: Life, Health (stock)",Japan,"The Kyoei Life Insurance Co., Ltd."
418,11784.00,Entertainment,Canada,The Seagram Company Ltd.
419,11768.90,"Engineering, Construction",Japan,"Sekisui House, Ltd."
420,11752.20,Metal Products,Japan,"Sumitomo Electric Industries, Ltd."
421,11750.90,Industrial and Farm Equipment,U.S.,Deere &amp; Company
422,11726.30,"Computers, Office Equipment",U.S.,"Sun Microsystems, Inc."
423,11703.70,Beverages,U.S.,"Anheuser-Busch Companies, Inc."
424,11678.10,Utilities: Gas and Electric,Britain,Centrica plc
425,11635.40,Specialty Retailers,U.S.,"The Gap, Inc."
426,11633.60,zMiscellaneous,Japan,"Japan Travel Bureau, Inc."
427,11585.00,Utilities: Gas and Electric,U.S.,Southern Company
428,11579.00,Aerospace,U.S.,Textron Inc.
429,11578.00,"Mining, Crude-Oil Production",Britain,Anglo American plc
430,11565.40,Food,Japan,"Snow Brand Milk Products Co., Ltd."
431,11555.80,"Publishing, Printing",Japan,"Dai Nippon Printing Co., Ltd."
404,12294.40,zMiscellaneous,Switzerland,"Adecco, SA"
405,12280.90,Insurance: Property and Casualty (Stock),Japan,"The Yasuda Fire &amp; Marine Insurance Co. , Ltd."
406,12262.00,Forest and Paper Products,U.S.,Weyerhaeuser Company
407,12251.10,Banks: Commercial and Savings,Germany,Bankgesellschaft Berlin AG
408,12173.80,Banks: Commercial and Savings,Britain,The Royal Bank of Scotland Group plc
409,12154.00,Network Communications,U.S.,"Cisco Systems, Inc."
410,12131.20,Diversified Financials,U.S.,Associates First Capital Corp.
411,12120.40,"Mail, Package, and Freight Delivery",Britain,British Post Office
412,12118.50,Chemicals,Germany,Henkel KGaA
414,11945.80,Motor Vehicles and Parts,Japan,Fuji Heavy Industries Ltd.
415,11920.90,Food and Drug Stores,Australia,Woolworths Limited
417,11794.90,Metals,Britain,Corus Group
401,12345.70,Banks: Commercial and Savings,Germany,Deutsche Genossenschaftsbank A.G.
402,12341.50,Food and Drug Stores,Britain,Safeway plc
403,12299.50,Energy,Russia,OAO Gazprom
298,15302.80,Utilities: Gas and Electric,U.S.,"Reliant Energy, Incorporated"
299,15218.90,Trading,Japan,Toyota Tsusho Corporation
300,15203.00,Banks: Commercial and Savings,Germany,Bayerische Landesbank
284,16218.80,Banks: Commercial and Savings,France,
285,16204.00,Pharmaceuticals,U.S.,Pfizer Inc.
286,16139.40,Motor Vehicles and Parts,U.S.,"Johnson Controls, Inc."
288,15832.70,General Merchandisers,Germany,KarstadtQuelle AG
289,15659.00,"Scientific,Photographic and Control Equipment",U.S.,Minnesota Mining and Manufacturing Company
290,15636.20,Petroleum Refining,Japan,"Idemitsu Kosan Co., Ltd."
292,15518.00,"Engineering, Construction",Japan,Kajima Corporation
293,15499.00,Insurance: Property and Casualty (Mutual),U.S.,Liberty Mutual Insurance Group
294,15430.00,Energy,U.S.,Dynegy Inc.
295,15395.90,Banks: Commercial and Savings,Japan,The Norinchukin Bank
296,15394.30,Chemicals,Netherlands,Akzo Nobel N.V.
297,15306.30,"Insurance: Life, Health (Mutual)",U.S.,Northwestern Mutual Life Insurance Company
269,16838.00,Banks: Commercial and Savings,France,Cr_dit Lyonnais
270,16834.60,"Insurance: Life, Health (stock)",Switzerland,Swiss Life Insurance &amp; Pension Co
271,16773.50,"Mail, Package, and Freight Delivery",U.S.,FedEx Corporation
272,16760.10,Industrial and Farm Equipment,France,Alstom S.A.
273,16672.20,Railroads,Germany,Deutsche Bahn AG
274,16657.70,"Electronics, Electrical Equip.",Japan,Sharp Corporation
275,16657.00,Health Care,U.S.,HCA-The Healthcare Company
276,16504.10,General Merchandisers,Japan,MYCAL CORPORATION
278,16446.40,Metals,U.S.,"Alcoa, Inc."
279,16443.50,"Insurance: Life, Health (Mutual)",Britain,Legal &amp; General
281,16313.50,"Mail, Package, and Freight Delivery",France,La Poste
282,16309.50,Beverages,Britain,Diageo plc
283,16243.50,Banks: Commercial and Savings,Belgium,"Algemene Maatschappij Voor Nuver, N.V."
254,17655.00,Insurance: Property and Casualty (Mutual),France,Caisse Centrale des Assurances Mutuelles Agricoles
255,17623.80,Banks: Commercial and Savings,China,Bank Of China
256,17602.40,Specialty Retailers,Britain,Kingfisher plc
257,17574.60,"Insurance: Life, Health (stock)",South Korea,"Samsung Life Insurance Co., Ltd."
258,17496.90,"Mail, Package, and Freight Delivery",Japan,Japan Postal Service
260,17422.80,Wholesalers,U.S.,Sysco Corporation
261,17348.00,Railroads,France,Societe Nationale des Chemins de Fer Francais
262,17330.20,Wholesalers,Germany,Franz Haniel &amp; Cie. GmbH
263,17244.90,Wholesalers,U.S.,Bergen Brunswig Corporation
264,17118.00,Utilities: Gas and Electric,U.S.,TXU Corp.
265,17113.40,Banks: Commercial and Savings,Britain,Abbey National plc
266,16991.80,Wholesalers,U.S.,Tech Data Corporation
267,16969.00,Motor Vehicles and Parts,U.S.,TRW Inc.
268,16914.80,Motor Vehicles and Parts,Japan,Denso Corporation
241,18110.00,Banks: Commercial and Savings,U.S.,J.P. Morgan &amp; Co. Incorporated
242,18098.30,Food and Drug Stores,U.S.,CVS Corporation
243,18089.90,"Electronics, Electrical Equip.",Japan,"Sanyo Electric Co., Ltd."
244,18065.00,Banks: Commercial and Savings,Japan,"The Dai-Ichi Kangyo Bank , Limited"
245,18027.00,Airlines,U.S.,UAL Corporation
246,17981.90,Banks: Commercial and Savings,Brazil,Banco Do Brasil
247,17945.00,Petroleum Refining,Norway,Den norske stats oljeselskap a.s
248,17895.30,"Engineering, Construction",France,Bouygues SA
249,17846.80,"Insurance: Life, Health (Mutual)",Britain,The Standard Life Assurance Company
250,17838.80,Food and Drug Stores,U.S.,Walgreen Co.
251,17796.00,Forest and Paper Products,U.S.,Georgia-Pacific Corporation
252,17760.30,"Insurance: Life, Health (stock)",Australia,AMP Limited
253,17716.00,General Merchandisers,U.S.,"Federated Department Stores, Inc."
227,19288.60,"Insurance: Life, Health (stock)",Sweden,Skandia Group
228,19280.00,zMiscellaneous,Germany,Preussag AG
229,19228.00,"Computers, Office Equipment",U.S.,Xerox Corporation
230,18989.00,Securities,U.S.,"Lehman Brothers Holdings, Inc."
231,18929.00,Chemicals,U.S.,The Dow Chemical Company
232,18728.60,Petroleum Refining,India,Indian Oil Corporation Limited
233,18621.50,Utilities: Gas and Electric,U.S.,UtiliCorp United Inc.
234,18618.70,Trading,South Korea,Daewoo Corp.
235,18534.20,Computer Services and Software,U.S.,Electronic Data Systems Corporation
236,18484.60,Telecommunications,China,China Telecommunications Corporation
237,18445.00,Pharmaceuticals,Britain,AstraZeneca PLC
238,18363.80,Insurance: Property and Casualty (Stock),Japan,"The Tokio Marine &amp; Fire Insurance Co., Ltd."
239,18348.80,Pharmaceuticals,Switzerland,Roche Holding Ltd.
240,18343.20,Rubber and Plastic Products,Japan,Bridgestone Corporation
214,19841.00,Aerospace,U.S.,Raytheon Company
215,19805.00,Beverages,U.S.,The Coca-Cola Company
216,19747.00,Computer Services and Software,U.S.,Microsoft Corporation
217,19702.00,Industrial and Farm Equipment,U.S.,"Caterpillar, Inc."
218,19697.50,"Insurance: Life, Health (stock)",Britain,Norwich Union plc
219,19640.70,Insurance: Property and Casualty (Stock),Switzerland,Swiss Reinsurance Company
220,19562.00,Health Care,U.S.,"UnitedHealth Group, Incorporated"
221,19486.50,Tobacco,Japan,Japan Tobacco Inc.
222,19480.70,Banks: Commercial and Savings,Britain,National Westminster Bank Plc
223,19467.50,Utilities: Gas and Electric,Japan,"Chubu Electric Power Co., Inc."
224,19413.00,Motor Vehicles and Parts,Japan,Mazda Motor Corporation
225,19372.90,Banks: Commercial and Savings,Japan,"The Sakura Bank, Ltd."
226,19328.60,Tobacco,Britain,British American Tobacco p.l.c.
201,20644.00,Health Care,U.S.,CIGNA Corporation
202,20566.30,Motor Vehicles and Parts,South Korea,Hyundai Motor Company
203,20367.00,Beverages,U.S.,"PepsiCo, Inc."
204,20339.10,Wholesalers,U.S.,Supervalu Inc.
205,20262.00,Airlines,U.S.,AMR Corporation
206,20222.00,Pharmaceuticals,U.S.,Bristol-Myers Squibb Company
207,20144.10,General Merchandisers,France,Pinault-Printemps-Redoute
208,20130.40,Banks: Commercial and Savings,China,Industrial and Commercial Bank of China
209,20012.00,Food,U.S.,Sara Lee Corporation
210,20000.00,Banks: Commercial and Savings,U.S.,FleetBoston Financial
211,19999.90,Banks: Commercial and Savings,Japan,"The Sanwa Bank, Ltd."
212,19930.00,Telecommunications,U.S.,Sprint Corporation
213,19861.70,"Insurance: Life, Health (Mutual)",Japan,The Yasuda Mutual Life Insurance Company
94,33702.00,General Merchandisers,U.S.,Target
95,33559.70,Energy,France,Suez Lyonnaise des Eaux
96,33556.60,"Electronics, Electrical Equip.",Netherlands,Royal Philips Electronics
97,33174.00,Telecommunications,U.S.,Verizon Communications
98,32923.50,Banks: Commercial and Savings,France,Cr_dit Agricole Group
99,32798.00,Industrial and Farm Equipment,Germany,Thyssen Krupp AG
100,32714.00,Pharmaceuticals,U.S.,"Merck &amp; Co., Inc."
81,36968.60,Diversified Financials,U.S.,Fannie Mae
82,36695.90,Motor Vehicles and Parts,Germany,Bayerische Motoren Werke Aktiengesellschaft
83,36076.10,Utilities: Gas and Electric,China,State Power Corporation of China
84,35925.00,General Merchandisers,U.S.,Kmart Corporation
85,35798.10,Food and Drug Stores,Netherlands,Koninklijke Ahold
86,35690.00,Petroleum Refining,U.S.,Texaco Inc.
87,34879.00,Securities,U.S.,"Merrill Lynch &amp; Co., Inc."
88,34146.60,Utilities: Gas and Electric,France,Electricite De France
89,34091.00,Petroleum Refining,Italy,ENI S.p.A.
90,33966.60,"Insurance: Life, Health (Mutual)",Japan,Meiji Life Insurance Company
91,33928.00,Securities,U.S.,Morgan Stanley Dean Witter &amp; Co.
92,33896.20,"Electronics, Electrical Equip.",Japan,Mitsubishi Electric Corporation
93,33710.00,Banks: Commercial and Savings,U.S.,Chase Manhattan Corp
68,39348.10,Banks: Commercial and Savings,Britain,Hsbc Holdings plc
69,38820.70,Banks: Commercial and Savings,Netherlands,ABN AMRO Holding N. V.
70,38525.00,"Computers, Office Equipment",U.S.,Compaq Computer Corporation
71,38434.00,Specialty Retailers,U.S.,"The Home Depot, Inc."
73,38357.50,Energy,Germany,RWE Group
74,38303.00,Network Communications,U.S.,Lucent Technologies
75,38125.00,"Soaps, Cosmetics",U.S.,The Procter &amp; Gamble Company
76,37918.30,Petroleum Refining,France,Elf Aquitaine
77,37835.10,Telecommunications,Germany,Deutsche Telekom AG
79,37120.00,Telecommunications,U.S.,WorldCom Inc.
80,37100.50,Wholesalers,U.S.,McKesson HBOC Inc.
54,43679.90,Food,Britain/Netherlands,Unilever N.V./ Unilever PLC
55,43660.20,Banks: Commercial and Savings,Belgium/Netherlands,Fortis
56,42220.30,"Insurance: Life, Health (stock)",Britain,Prudential plc
57,41974.40,Insurance: Property and Casualty (Stock),Britain,CGNU plc
58,41883.10,Petroleum Refining,China,China Petrochemical Corp.
59,41071.00,General Merchandisers,U.S.,"Sears, Roebuck and Co."
60,40656.10,Insurance: Property and Casualty (Stock),U.S.,"American International Group,Inc."
61,40327.90,Motor Vehicles and Parts,France,Peugeot S. A.
62,40112.00,Energy,U.S.,Enron
63,40098.60,Motor Vehicles and Parts,France,Renault
63,40098.60,Banks: Commercial and Savings,France,BNP Paribas
65,39962.00,Insurance: Property and Casualty (Stock),Switzerland,Zurich Financial Services
66,39855.70,Food and Drug Stores,France,Carrefour
67,39410.20,"Insurance: Life, Health (Mutual)",U.S.,Teachers Insurance and Annuity Association College Retiremen
41,49694.10,Food,Switzerland,Nestl_ S.A.
42,49489.00,Telecommunications,U.S.,"SBC Communications, Inc."
43,49362.00,Banks: Commercial and Savings,Switzerland,Credit Suisse Group
44,48253.00,"Computers, Office Equipment",U.S.,Hewlett-Packard Company
45,47195.90,"Computers, Office Equipment",Japan,Fujitsu Limited
46,46663.60,Food and Drug Stores,Germany,Metro AG
47,46445.10,"Insurance: Life, Health (Mutual)",Japan,Sumitomo Life Insurance Company
48,45727.70,Utilities: Gas and Electric,Japan,"The Tokyo Electric Power Co., Inc."
49,45351.60,Food and Drug Stores,U.S.,The Kroger Company
50,44990.30,Petroleum Refining,France,Total Fina Elf S.A.
51,44828.00,"Electronics, Electrical Equip.",Japan,NEC Corporation
52,44637.20,Insurance: Property and Casualty (Mutual),U.S.,State Farm Insurance Companies
53,44397.80,"Engineering, Construction",France,Vivendi
28,62391.00,Telecommunications,U.S.,AT&amp;T Corp.
29,61751.00,Tobacco,U.S.,Philip Morris Companies Inc.
30,60052.70,"Electronics, Electrical Equip.",Japan,Sony Corporation
31,58585.10,Banks: Commercial and Savings,Germany,Deutsche Bank Aktiengesellschaft
32,57993.00,Aerospace,U.S.,The Boeing Company
33,55104.70,"Insurance: Life, Health (Mutual)",Japan,The Dai-ichi Mutual Life Insurance Co.
34,54773.50,Motor Vehicles and Parts,Japan,"Honda Motor Co., Ltd."
35,53723.20,"Insurance: Life, Health (stock)",Italy,Assicurazioni Generali Spa
36,53679.90,Motor Vehicles and Parts,Japan,"Nissan Motor Co., Ltd."
37,52227.70,Trading,Germany,E. ON AG
38,51634.90,"Electronics, Electrical Equip.",Japan,Toshiba Corporation
39,51392.00,Banks: Commercial and Savings,U.S.,Bank of America Corporation
40,51331.70,Motor Vehicles and Parts,Italy,Fiat S.p.A.
17,83566.00,Petroleum Refining,Britain,BP Amoco p.l.c.
18,82005.00,Diversified Financials,U.S.,"Citigroup, Inc."
19,80072.70,Motor Vehicles and Parts,Germany,Volkswagen AG
20,78515.10,"Insurance: Life, Health (Mutual)",Japan,Nippon Life Insurance Company
21,75337.00,"Electronics, Electrical Equip.",Germany,Siemens AG
22,74178.20,Insurance: Property and Casualty (Stock),Germany,Allianz AG
23,71858.50,"Electronics, Electrical Equip.",Japan,"Hitachi, Ltd."
24,65555.60,"Electronics, Electrical Equip.",Japan,"Matsushita Electric Industrial Co., Ltd."
25,65393.20,Trading,Japan,Nissho Iwai Corporation
26,62726.00,"Mail, Package, and Freight Delivery",U.S.,United States Postal Service
27,62492.40,"Insurance: Life, Health (stock)",Netherlands,ING Groep N.V.
6,118555.20,Trading,Japan,"Mitsui &amp; Co., Ltd."
7,117765.60,Trading,Japan,Mitsubishi Corporation
8,115670.90,Motor Vehicles and Parts,Japan,Toyota Motor Corporation
9,111630.00,Diversified Financials,U.S.,General Electric Company
10,109068.90,Trading,Japan,Itochu Corporation
11,105366.00,Petroleum Refining,Britain/Netherlands,Royal Dutch/Shell Group
12,95701.60,Trading,Japan,Sumitomo Corporation
13,93591.70,Telecommunications,Japan,Nippon Telegraph &amp; Telephone Corporation
14,91807.40,Trading,Japan,Marubeni Corporation
15,87645.70,"Insurance: Life, Health (stock)",France,AXA
16,87548.00,"Computers, Office Equipment",U.S.,International Business Machines Corporation
1,176558.00,Motor Vehicles and Parts,U.S.,General Motors Corporation
2,166809.00,General Merchandisers,U.S.,"Wal-Mart Stores, Inc."
3,163881.00,Petroleum Refining,U.S.,Exxon Mobil Corporation
4,162558.00,Motor Vehicles and Parts,U.S.,Ford Motor Company
5,159985.70,Motor Vehicles and Parts,Germany,DaimlerChrysler A.G.
