rank,revenues,industry,hqCountry,title
305,16164.50,Metals,Japan,NKK Corporation
306,16076.30,Beverages,Britain,Diageo plc
307,16066.90,"Insurance: Life, Health (stock)",Australia,AMP Limited
304,16254.90,Energy,Canada,TransCanada Pipelines Limited
319,15721.00,"Computers, Office Equipment",U.S.,"Sun Microsystems, Inc."
320,15697.90,Banks: Commercial and Savings,Belgium,Dexia Group
321,15696.80,Diversified Outsourcing Services,France,Faros
322,15679.50,Banks: Commercial and Savings,Canada,Canadian Imperial Bank of Commerce
323,15544.80,"Electronics, Electrical Equip.",U.S.,Emerson Electric Co.
324,15525.40,Utilities: Gas and Electric,Japan,"Tohoku Electric Power Co., Inc."
312,15879.80,"Insurance: Life, Health (stock)",Sweden,Skandia Group
313,15831.30,"Engineering, Construction",Japan,Taisei Corporation
314,15802.10,Chemicals,Japan,Mitsubishi Chemical Corporation
315,15771.40,Diversified Outsourcing Services,Switzerland,"Adecco, SA"
316,15766.60,Banks: Commercial and Savings,U.S.,"Washington Mutual, Inc."
317,15759.40,General Merchandisers,Japan,MYCAL CORPORATION
318,15740.30,Banks: Commercial and Savings,Germany,Bayerische Landesbank
308,16041.30,Banks: Commercial and Savings,Japan,"The Sakura Bank, Ltd."
309,15980.00,Forest and Paper Products,U.S.,Weyerhaeuser Company
310,15924.40,"Mail, Package, and Freight Delivery",Japan,"Nippon Express Co., Ltd."
311,15888.00,Airlines,U.S.,"Delta Air Lines, Inc."
337,15044.30,Food and Drug Stores,Canada,George Weston Ltd.
338,14894.10,"Mining, Crude-Oil Production",Australia,BHP Limite
339,14859.20,Telecommunications,Canada,BCE Inc.
330,15322.40,Banks: Commercial and Savings,Britain,Halifax Group PLC
331,15322.10,Metals,Britain,Corus Group
332,15296.60,Food and Drug Stores,U.S.,Rite Aid Corporation
333,15289.90,Banks: Commercial and Savings,Japan,The Norinchukin Bank
334,15099.10,"Insurance: Life, Health (stock)",Switzerland,Swiss Life Insurance &amp; Pension Co
335,15061.60,Utilities: Gas and Electric,Britain,Centrica plc
336,15045.40,Telecommunications,China,China Mobile Communications Corporation
325,15483.90,"Engineering, Construction",Japan,Shimizu Corporation
326,15480.40,Food and Drug Stores,Australia,Coles Myer Ltd.
327,15452.40,Banks: Commercial and Savings,Canada,Royal Bank of Canada
328,15409.60,Airlines,Japan,"Japan Airlines Company, Ltd."
329,15326.60,Specialty Retailers,U.S.,Best Buy Co. Inc.
347,14750.00,Beverages,U.S.,"Coca-Cola Enterprises, Inc."
348,14703.00,Insurance: Property and Casualty (Stock),U.S.,Hartford Financial Services Group Inc.
349,14671.10,Petroleum Refining,U.S.,Valero Energy Corporation
340,14851.30,Insurance: Property and Casualty (Mutual),France,Caisse Centrale des Assurances Mutuellas Agricoles
341,14824.00,"Mining, Crude-Oil Production",Britain,Anglo American plc
342,14814.40,Banks: Commercial and Savings,Germany,Deutsche Genossenschaftsbank A.G.
343,14805.10,"Mail, Package, and Freight Delivery",France,La Poste
344,14803.00,Entertainment,Canada,The Seagram Company Ltd.
345,14775.80,Banks: Commercial and Savings,Italy,UniCredito Italiano
346,14762.10,Insurance: Property and Casualty (Stock),U.S.,Nationwide Insurance Enterprise
355,14543.00,"Mining, Crude-Oil Production",U.S.,Occidental Petroleum Corporation
350,14661.90,Banks: Commercial and Savings,Australia,National Australia Bank Limited
351,14626.40,Aerospace and Defense,Britain,BAE Systems
352,14611.10,Motor Vehicles and Parts,Germany,MAN Aktiengesellschaft
354,14575.00,Food and Drug Stores,U.S.,"Publix Super Markets, Inc."
368,14188.90,Motor Vehicles and Parts,Sweden,AB Volvo
359,14443.80,Wholesalers: Food and Grocery,U.S.,"Fleming Companies, Inc."
360,14417.10,Rubber and Plastic Products,U.S.,The Goodyear Tire &amp; Rubber Company and Subsidiaries
361,14416.20,"Mining, Crude-Oil Production",Russia,OAO Lukoil
362,14384.40,Trading,South Korea,"SK Global Co., Ltd."
363,14292.40,Petroleum Refining,U.S.,Ultramar Diamond Shamrock Corporation
364,14292.20,Railroads,Germany,Deutsche Bahn AG
365,14250.90,Utilities: Gas and Electric,Spain,"Endesa, S.A."
367,14192.50,Motor Vehicles and Parts,Japan,Isuzu Motors Limited
356,14539.90,Metals,France,Usinor
357,14511.00,General Merchandisers,U.S.,The May Department Stores Company
358,14473.40,Motor Vehicles and Parts,Japan,Suzuki Motor Corporation
376,13982.00,Forest and Paper Products,U.S.,Kimberly-Clark Corporation
377,13912.70,"Computers, Office Equipment",Japan,"Ricoh Company, Ltd."
378,13809.50,Pharmaceuticals,U.S.,American Home Products Corporation
379,13745.90,Pharmaceuticals,U.S.,Abbott Laboratories
389,13374.40,zMiscellaneous,Japan,"Sumitomo Electric Industries, Ltd."
390,13344.00,"Engineering, Construction",U.S.,Halliburton
369,14137.50,Semiconductors and Other Electronic Components,U.S.,Solectron Corporation
370,14122.40,Banks: Commercial and Savings,Brazil,Banco Bradesco S.A.
371,14114.30,Entertainment,Australia,The News Corporation Limited
372,14084.30,General Merchandisers,Germany,KarstadtQuelle AG
373,14072.80,Motor Vehicles and Parts,U.S.,Lear Corporation
374,14047.70,Airlines,Germany,Deutsche Lufthansa AG
375,13994.00,"Scientific,Photographic and Control Equipment",U.S.,Eastman Kodak Company
382,13694.00,Utilities: Gas and Electric,U.S.,"American Electric Power Company, Inc."
383,13674.90,Specialty Retailers,Germany,Otto Versand (GmbH &amp; Co.)
384,13673.50,Specialty Retailers,U.S.,"The Gap, Inc."
385,13669.70,"Mining, Crude-Oil Production",Germany,RAG Aktiengesellschaft
386,13623.70,"Engineering, Construction",France,Vinci S.A.
387,13612.10,Banks: Commercial and Savings,Canada,The Toronto-Dominion Bank
388,13545.30,Metals,Japan,"Sumitomo Metal Industries, Ltd."
381,13697.50,Food and Drug Stores,U.S.,"Winn-Dixie Stores, Inc."
394,13136.80,Industrial and Farm Equipment,U.S.,Deere &amp; Company
395,13099.70,Utilities: Gas and Electric,Japan,"Kyushu Electric Power Co., Inc."
396,13090.00,Aerospace and Defense,U.S.,Textron Inc.
397,13078.70,Telecommunications,Mexico,Carso Global Telecom S.A. de C.V.
398,13029.80,"Electronics, Electrical Equip.",Sweden,Electrolux AB
399,13027.50,"Scientific,Photographic and Control Equipment",Japan,"Fuji Photo Film Co., Ltd."
400,12959.30,Wholesalers: Electronics and Office Equipment,U.S.,Arrow Electronics
380,13725.00,Airlines,Britain,British Airways plc
391,13253.60,Telecommunications,Japan,Japan Telecom Co. Ltd.
392,13215.60,Food Production,Italy,Montedison SPA
393,13203.60,Food Consumer Products,France,Groupe Danone
303,16409.40,zMiscellaneous,Japan,Dentsu Inc.
302,16438.00,Insurance: Property and Casualty (Mutual),U.S.,Liberty Mutual Insurance Group
301,16516.90,"Electronics, Electrical Equip.",Canada,Onex Corporation
199,23008.00,Chemicals,U.S.,Dow Chemical
200,22967.00,"Electronics, Electrical Equip.",Switzerland,ABB Ltd.
198,23027.50,Railroads,Japan,East Japan Railway Company
197,23090.00,Metals,U.S.,"Alcoa, Inc."
196,23142.00,Utilities: Gas and Electric,Italy,Enel SPA
195,23194.30,Wholesalers: Food and Grocery,U.S.,Supervalu Inc.
194,23381.00,Utilities: Gas and Electric,U.S.,Southern Company
192,23525.60,Banks: Commercial and Savings,Britain,Lloyds TSB Group plc
193,23453.60,Trading,South Korea,LG International Corp.
191,23540.40,Banks: Commercial and Savings,Germany,Westdeutsche Landesbank
190,23613.00,Telecommunications,U.S.,Sprint Corporation
189,23645.70,Petroleum Refining,Norway,Den norske stats oljeselskap a.s
188,23675.00,Diversified Financials,U.S.,American Express Company
186,23949.10,Utilities: Gas and Electric,Japan,"The Kansai Electric Power Co., Inc."
187,23776.90,Banks: Commercial and Savings,Germany,Dresdner Bank AG
185,24224.20,Banks: Commercial and Savings,France,Soci_t_ G_n_rale
184,24246.00,Banks: Commercial and Savings,U.S.,First Union Corporation
182,24669.40,Banks: Commercial and Savings,Japan,"The Sumitomo Bank, Ltd."
183,24545.00,Petroleum Refining,U.S.,Tosco Corporation
181,24876.00,Metals,Japan,Nippon Steel Corporation
180,25023.00,Aerospace and Defense,U.S.,Honeywell International Inc.
179,25077.00,Food and Drug Stores,Japan,"Jusco Co., Ltd."
177,25168.00,Banks: Commercial and Savings,U.S.,Bank One Corporation
178,25096.50,Banks: Commercial and Savings,Britain,Barclays Plc
176,25329.00,Aerospace and Defense,U.S.,Lockheed Martin Corporation
175,25385.80,Food Consumer Products,U.S.,"ConAgra Foods, Incorporated"
174,25402.00,Entertainment,U.S.,The Walt Disney Company
173,25509.20,Food and Drug Stores,Britain,J. Sainsbury plc
171,25806.00,"Computers, Office Equipment",Japan,Canon Inc.
172,25569.60,Insurance: Property and Casualty (Stock),Britain,Royal &amp; Sun Alliance
170,26151.00,Telecommunications,U.S.,BellSouth Corporation
169,26232.00,Utilities: Gas and Electric,U.S.,PG&amp;E Corporation
167,26347.40,Banks: Commercial and Savings,Japan,The Bank of Tokyo-Mitsubishi Ltd.
166,26447.00,Securities,U.S.,"Lehman Brothers Holdings, Inc."
165,26544.00,"Insurance: Life, Health (stock)",U.S.,Prudential Insurance Company of America
163,26629.80,"Building Materials, Glass",France,Saint-Gobain
164,26583.00,Aerospace and Defense,U.S.,United Technologies Corporation
161,26818.90,Health Care,U.S.,Aetna
162,26659.20,General Merchandisers,Japan,"The Daiei, Inc."
159,27413.50,Pharmaceuticals,Britain,GlaxoSmithKline plc
158,27540.50,Industrial and Farm Equipment,Japan,"Mitsubishi Heavy Industries, Ltd."
156,27832.20,Telecommunications,Italy,Olivetti S.p.a.
157,27568.00,Banks: Commercial and Savings,U.S.,Wells Fargo &amp; Co.
155,28006.20,Petroleum Refining,Japan,Nippon Mitsubishi Oil Corporation
154,28072.50,"Electronics, Electrical Equip.",Finland,Nokia Corporation
153,28180.00,Forest and Paper Products,U.S.,International Paper Company
152,28392.70,Food and Drug Stores,Japan,"Ito-Yokado Co., Ltd."
151,28422.70,"Insurance: Life, Health (stock)",Netherlands,AEGON N.V.
149,28755.00,Motor Vehicles and Parts,South Korea,Hyundai Motor Company
150,28622.30,Chemicals,Germany,Bayer AG
148,28931.90,"Electronics, Electrical Equip.",U.S.,Tyco International Ltd.
146,29026.20,Telecommunications,France,Alcatel S.A.
147,28974.90,Energy,U.S.,UtiliCorp United Inc.
145,29083.10,Motor Vehicles and Parts,Germany,Robert Bosch GmbH
144,29134.00,Insurance: Property and Casualty (Stock),U.S.,The Allstate Corporation
142,29139.00,Pharmaceuticals,U.S.,Johnson &amp; Johnson
141,29202.00,Chemicals,U.S.,"E.I. du Pont de Nemours and Company, Inc."
142,29139.00,Motor Vehicles and Parts,U.S.,Delphi Automotive Systems Corporation
140,29339.00,Energy,U.S.,"Reliant Energy, Incorporated"
139,29444.90,Energy,U.S.,Dynegy Inc.
138,29574.00,Pharmaceuticals,U.S.,Pfizer Inc.
137,29636.00,Motor Vehicles and Parts,Japan,Mitsubishi Motors Corporation
136,29769.80,Banks: Commercial and Savings,Britain,The Royal Bank of Scotland Group plc
134,29777.10,"Insurance: Life, Health (Mutual)",Japan,Meiji Life Insurance Company
135,29771.00,"Mail, Package, and Freight Delivery",U.S.,"United Parcel Service of America, Inc."
133,29842.70,"Electronics, Electrical Equip.",Sweden,Telefonaktiebolaget LM Ericsson
132,29870.60,Wholesalers: Health Care,U.S.,"Cardinal Health, Inc."
130,30275.00,Network and Other Communications Equipment,Canada,Nortel Networks Corporation
131,30000.00,Diversified Financials,U.S.,Freddie Mac
128,30799.20,Telecommunications,Britain,British Telecommunications PLC
129,30715.10,Wholesalers: Electronics and Office Equipment,U.S.,"Ingram Micro, Inc."
127,31122.20,Telecommunications,France,France T_l_com SA
126,31283.50,Food and Drug Stores,Britain,Tesco PLC
125,31344.90,"Mail, Package, and Freight Delivery",Germany,Deutsche Post AG
123,31824.70,Petroleum Refining,South Korea,SK
124,31791.30,Utilities: Gas and Electric,France,Electricite De France
122,31888.00,"Computers, Office Equipment",U.S.,Dell Computer Corporation
121,31928.00,Banks: Commercial and Savings,Spain,Santander Central Hispano Group
120,31947.00,"Insurance: Life, Health (stock)",U.S.,MetLife Inc.
119,31976.90,Food and Drug Stores,U.S.,Safeway Inc.
118,31991.80,Energy,France,Suez
117,32136.00,Banks: Commercial and Savings,Germany,Bayerische Hypo-und Vereinsbank AG
115,32513.00,Petroleum Refining,U.S.,Conoco
116,32164.30,Specialty Retailers,U.S.,Costco Wholesale Corporation
114,32674.80,Motor Vehicles and Parts,Germany,Bayerische Motoren Werke Aktiengesellschaft
113,32965.00,General Merchandisers,U.S.,"J.C. Penney Company, Inc."
111,33219.80,Chemicals,Germany,BASF Aktiengesellschaft
112,33000.00,Securities,U.S.,"Goldman Sachs Group, Inc."
110,33726.00,Semiconductors and Other Electronic Components,U.S.,Intel Corporation
109,33976.00,Insurance: Property and Casualty (Stock),U.S.,Berkshire Hathaway Inc.
108,34684.70,Banks: Commercial and Savings,France,Cr_dit Agricole Group
106,35570.00,Petroleum Refining,U.S.,USX Corporation
107,34990.80,"Electronics, Electrical Equip.",Netherlands,Royal Philips Electronics N.V.
105,35938.50,Trading,South Korea,Samsung Corporation
103,36035.70,Trading,South Korea,Hyundai Corp.
104,35948.10,Industrial and Farm Equipment,Germany,Thyssen Krupp AG
101,36903.00,General Merchandisers,U.S.,Target Corporation
491,10513.00,Motor Vehicles and Parts,Canada,"Magna International, Inc."
492,10416.90,Railroads,Japan,"Kinki Nippon Railway Co., Ltd."
493,10407.50,Banks: Commercial and Savings,Germany,Norddeutsche Landesbank Girozen.
494,10362.10,Food and Drug Stores,China,Jardine Matheson Holdings Ltd.
495,10359.00,Aerospace and Defense,U.S.,General Dynamics Corporation
496,10350.70,Utilities: Gas and Electric,France,Gaz de France
497,10347.40,Metals,Japan,Mitsubishi Materials Corporation
498,10325.00,"Electronics, Electrical Equip.",U.S.,Whirlpool Corporation
499,10317.50,Food Consumer Products,Japan,"Snow Brand Milk Products Co., Ltd."
500,10306.30,Food Services,France,Sodexho Alliance
476,11056.00,"Engineering, Construction",U.S.,Fluor Corporation
477,11040.80,"Electronics, Electrical Equip.",Japan,"Matsushita Electric Works, Ltd."
478,10967.10,zMiscellaneous,France,Christian Dior S.A.
479,10906.70,General Merchandisers,Japan,"Takashimaya Co., Ltd."
480,10862.20,Pharmaceuticals,U.S.,Eli Lilly &amp; Company
481,10842.80,zMiscellaneous,U.S.,Manpower Inc.
482,10841.30,Energy,Canada,Canadian Pacific Limited
483,10812.80,Railroads,Japan,West Japan Railway Company
484,10790.70,zMiscellaneous,Japan,"Mitsui Fudosan Co., Ltd."
485,10779.60,Banks: Commercial and Savings,Britain,Bank of Scotland
486,10727.50,General Merchandisers,Japan,"Uny Co., Ltd."
487,10673.70,Specialty Retailers,U.S.,"Staples, Inc."
488,10622.90,Food and Drug Stores,U.S.,"The Great Atlantic &amp; Pacific Tea Company, I"
489,10524.00,Computer Services and Software,U.S.,Computer Sciences Corporation
490,10514.00,Health Care,U.S.,Humana Inc.
461,11467.90,Health Care,U.S.,PacifiCare Health Systems Inc.
462,11415.00,Airlines,U.S.,Northwest Airlines Corporation
463,11414.00,Health Care,U.S.,Tenet Healthcare Corporation
464,11409.90,"Engineering, Construction",Japan,Takenaka Corporation
465,11395.40,Beverages,Japan,Suntory Ltd.
466,11382.90,"Insurance: Life, Health (stock)",Canada,Power Corporation of Canada
467,11368.60,Petroleum Refining,Japan,Showa Shell Sekiyu K.K.
468,11332.10,Forest and Paper Products,Japan,"Oji Paper Co., Ltd."
470,11289.60,"Building Materials, Glass",France,Lafarge S.A.
471,11274.80,"Insurance: Life, Health (Mutual)",U.S.,Massachusetts Mutual Life Insurance Company
472,11251.10,Petroleum Refining,Spain,"Compania Espanola de Petroleos, S.A."
473,11150.40,Airlines,France,Compagnie Nationale Air France
474,11140.50,"Insurance: Life, Health (stock)",Canada,"Sun Life Financial Services of Canada, Inc."
475,11063.00,"Insurance: Life, Health (stock)",U.S.,American General Corporation
447,11702.00,"Publishing, Printing",Japan,"Toppan Printing Co., Ltd."
448,11662.40,Banks: Commercial and Savings,China,Agricultural Bank of China
449,11640.80,Food and Drug Stores,Switzerland,Migros-Genossenschafts-Bund
450,11631.80,Industrial and Farm Equipment,Britain,Invensys plc
451,11622.60,"Electronics, Electrical Equip.",Japan,Kyocera Corporation
452,11610.00,Wholesalers: Health Care,U.S.,AmeriSource Health Corporation
453,11591.80,Utilities: Gas and Electric,U.S.,Xcel Energy Inc.
454,11585.30,Trading,Japan,Kawasho Corporation
455,11573.60,Airlines,Japan,"All Nippon Airways Co., Ltd."
456,11569.70,Specialty Retailers,U.S.,"Office Depot, Inc."
457,11552.30,"Insurance: Life, Health (Mutual)",Japan,Daido Life Insurance Company
458,11495.20,"Insurance: Life, Health (stock)",South Africa,Old Mutual plc
459,11481.10,Chemicals,Japan,Asahi Kasei Corporation
460,11480.90,Energy,U.S.,"The Williams Companies, Inc."
433,11947.70,"Publishing, Printing",France,
434,11946.40,General Merchandisers,Britain,Marks &amp; Spencer p.l.c.
435,11898.50,Metals,Japan,Kawasaki Steel Corporation
436,11878.50,"Engineering, Construction",Japan,Obayashi Corporation
437,11878.00,Railroads,U.S.,Union Pacific Corporation
438,11875.00,Semiconductors and Other Electronic Components,U.S.,Texas Instruments Incorporated
439,11873.80,"Building Materials, Glass",Japan,"Asahi Glass Co., Ltd."
440,11865.30,Motor Vehicles and Parts,Japan,Fuji Heavy Industries Ltd.
441,11809.90,Chemicals,Germany,Henkel KGaA
442,11783.80,"Engineering, Construction",Sweden,Skanska AB
443,11752.30,Securities,Japan,"The Nomura Securities Co., Inc."
444,11748.40,Chemicals,Britain,Imperial Chemical Industries PLC
445,11717.00,Utilities: Gas and Electric,U.S.,Edison International
418,12277.00,Petroleum Refining,U.S.,Amerada Hess Corporation
419,12261.80,Beverages,U.S.,Anheuser-Busch
420,12239.00,Food Production,U.S.,"Farmland Industries, Inc."
421,12228.60,Metals,Luxembourg,Arbed S.A.
422,12182.00,Metals,South Korea,Pohang Iron &amp; Steel Co. Ltd.
423,12166.50,Insurance: Property and Casualty (Stock),Japan,"The Yasuda Fire &amp; Marine Insurance Co. , Ltd."
424,12137.90,"Publishing, Printing",Japan,"Dai Nippon Printing Co., Ltd."
425,12109.70,"Electronics, Electrical Equip.",Singapore,"Flextronics International, Ltd."
426,12065.90,Telecommunications,Netherlands,Royal KPN N.V.
427,12058.90,Railroads,Japan,Central Japan Railway Company
428,12058.30,Food and Drug Stores,Britain,Safeway plc
429,12029.90,Forest and Paper Products,Finland,Stora Enso Oyj
430,12010.50,"Mail, Package, and Freight Delivery",Britain,Consignia
431,11980.90,Telecommunications,Britain,Cable and Wireless PLC
432,11960.90,Diversified Financials,U.S.,"Household International, Inc."
405,12876.80,Food Production,U.S.,Archer Daniels Midland Company
406,12711.90,Banks: Commercial and Savings,Brazil,Banco Do Brasil
407,12691.00,Motor Vehicles and Parts,U.S.,Dana Corporation
408,12664.00,Petroleum Refining,U.S.,"Sunoco, Inc."
409,12647.30,"Insurance: Life, Health (Mutual)",Japan,The Taiyo Mutual Life Insurance Co.
410,12631.60,Banks: Commercial and Savings,Canada,Bank of Montreal
411,12615.70,Banks: Commercial and Savings,China,China Construction Bank
412,12563.20,Petroleum Refining,Japan,"Cosmo Oil Co., Ltd."
413,12550.60,"Engineering, Construction",Japan,"Sekisui House, Ltd."
415,12492.00,zMiscellaneous,U.S.,"Waste Management, Inc."
416,12477.30,Telecommunications,Australia,Telstra Corporation Limited
417,12418.80,Metals,Japan,Kobe Steel Ltd.
401,12959.00,Specialty Retailers,U.S.,"Circuit City Stores, Inc."
402,12941.10,Chemicals,Netherlands,Akzo Nobel N.V.
403,12934.20,Food and Drug Stores,Australia,Woolworths Limited
404,12880.50,Banks: Commercial and Savings,Canada,The Bank of Nova Scotia
299,16558.20,"Publishing, Printing",Germany,Bertelsmann AG
300,16543.20,Utilities: Gas and Electric,South Korea,Korea Electric Power Corporation
285,17231.10,Motor Vehicles and Parts,U.S.,TRW Inc.
286,17171.00,Banks: Commercial and Savings,Japan,"The Sanwa Bank, Ltd."
287,17154.60,Motor Vehicles and Parts,U.S.,"Johnson Controls, Inc."
288,17023.70,"Insurance: Life, Health (stock)",Britain,Legal &amp; General Group Plc
289,16982.00,Pharmaceuticals,Switzerland,Roche Holding Ltd.
290,16973.80,"Insurance: Life, Health (Mutual)",U.S.,Northwestern Mutual Life Insurance Company
291,16949.60,Food Production,U.S.,"IBP, Inc."
292,16933.80,"Insurance: Life, Health (Mutual)",Japan,The Yasuda Mutual Life Insurance Company
294,16724.00,"Scientific,Photographic and Control Equipment",U.S.,Minnesota Mining and Manufacturing Company
295,16670.00,Health Care,U.S.,HCA
296,16616.70,"Insurance: Life, Health (Mutual)",Japan,Mitsui Mutual Life Insurance Co.
297,16610.00,Telecommunications,U.S.,Qwest Communications International Inc.
272,18205.10,"Electronics, Electrical Equip.",Japan,Sharp Corporation
273,18150.00,Pharmaceuticals,U.S.,Pharmacia Corporation
274,18103.00,Pharmaceuticals,Britain,AstraZeneca PLC
275,18076.30,Petroleum Refining,Japan,Japan Energy Corporation
276,18035.90,Trading,China,China National Chemicals Import and Export Corporation
277,17953.80,Aerospace and Defense,Netherlands,European Aeronautic Defence and Space Company EADS N.V.
278,17818.80,Chemicals,Norway,Norsk Hydro ASA
279,17762.40,Insurance: Property and Casualty (Stock),Japan,"The Tokio Marine &amp; Fire Insurance Co., Ltd."
280,17689.20,Energy,Russia,OAO Gazprom
281,17614.60,"Engineering, Construction",France,Bouygues SA
282,17319.60,Wholesalers: Health Care,Germany,Franz Haniel &amp; Cie. GmbH
283,17314.40,Banks: Commercial and Savings,Belgium,"Algemene Maatschappij Voor Nuver, N.V."
284,17274.40,"Engineering, Construction",Japan,Kajima Corporation
259,18632.00,"Computers, Office Equipment",U.S.,Xerox Corporation
260,18620.80,Rubber and Plastic Products,Japan,Bridgestone Corporation
261,18450.50,Tobacco,Britain,British American Tobacco p.l.c.
263,18407.00,General Merchandisers,U.S.,"Federated Department Stores, Inc."
264,18365.10,"Insurance: Life, Health (Mutual)",Britain,The Standard Life Assurance Company
265,18334.50,Railroads,France,Societe Nationale des Chemins de Fer Francais
266,18321.00,Aerospace and Defense,U.S.,Raytheon Company
267,18309.60,Petroleum Refining,Japan,"Idemitsu Kosan Co., Ltd."
268,18256.90,"Mail, Package, and Freight Delivery",U.S.,FedEx Corporation
269,18235.10,Specialty Retailers,Britain,Kingfisher plc
270,18231.90,Motor Vehicles and Parts,Japan,Mazda Motor Corporation
271,18224.30,Motor Vehicles and Parts,Japan,Denso Corporation
246,19994.00,Health Care,U.S.,CIGNA Corporation
247,19853.10,Banks: Commercial and Savings,Britain,Abbey National plc
248,19730.00,"Insurance: Life, Health (Mutual)",Japan,Asahi Mutual Life Insurance Co.
249,19599.40,Wholesalers: Health Care,U.S.,Bergen Brunswig Corporation
250,19511.00,Trading,Japan,Toyota Tsusho Corporation
251,19495.70,Banks: Commercial and Savings,China,Bank Of China
252,19352.00,Airlines,U.S.,UAL Corporation
253,19303.30,Wholesalers: Food and Grocery,U.S.,Sysco Corporation
254,19303.10,Petroleum Refining,Malaysia,Petroliam Nasional Berhad
255,19226.80,Computer Services and Software,U.S.,Electronic Data Systems Corporation
256,18928.00,Network and Other Communications Equipment,U.S.,"Cisco Systems, Inc."
258,18688.40,Insurance: Property and Casualty (Stock),Switzerland,Swiss Reinsurance Company
234,20438.00,Beverages,U.S.,"PepsiCo, Inc."
235,20427.70,Wholesalers: Electronics and Office Equipment,U.S.,Tech Data Corporation
236,20414.00,Food Consumer Products,U.S.,Sara Lee Corporation
237,20375.10,Utilities: Gas and Electric,Japan,"Chubu Electric Power Co., Inc."
238,20268.50,"Electronics, Electrical Equip.",Japan,"Sanyo Electric Co., Ltd."
239,20245.00,Airlines,U.S.,AMR Corporation
240,20175.00,Industrial and Farm Equipment,U.S.,"Caterpillar, Inc."
241,20151.50,"Mail, Package, and Freight Delivery",Japan,Japan Postal Service
242,20115.40,Banks: Commercial and Savings,Netherlands,Rabobank Group
243,20087.50,Food and Drug Stores,U.S.,CVS Corporation
244,20086.80,"Electronics, Electrical Equip.",South Korea,LG Electronics
245,20043.70,Entertainment,U.S.,Viacom Inc.
222,21226.90,"Insurance: Life, Health (stock)",South Korea,"Samsung Life Insurance Co., Ltd."
223,21206.90,Food and Drug Stores,U.S.,Walgreen Co.
224,21206.70,Pharmaceuticals,Switzerland,Novartis Group
225,21122.00,Health Care,U.S.,"UnitedHealth Group, Incorporated"
226,21026.60,Banks: Commercial and Savings,Germany,Commerzbank A.G.
227,20904.60,Banks: Commercial and Savings,France,Cr_dit Lyonnais
228,20812.90,Telecommunications,China,China Telecommunications Corporation
229,20669.90,Insurance: Property and Casualty (Stock),U.S.,Loews Corporation
230,20621.30,Tobacco,Japan,Japan Tobacco Inc.
231,20612.60,Pharmaceuticals,France,Aventis
232,20518.60,Telecommunications,Japan,KDDI Corporation
233,20458.00,Beverages,U.S.,The Coca-Cola Company
209,22284.60,Petroleum Refining,India,Indian Oil Corporation Limited
210,22275.00,zMiscellaneous,Germany,Preussag AG
211,22218.00,Forest and Paper Products,U.S.,Georgia-Pacific Corporation
212,22195.50,Telecommunications,Britain,Vodafone Group plc
213,22069.90,Banks: Commercial and Savings,China,Industrial and Commercial Bank of China
214,22047.80,Banks: Commercial and Savings,Spain,"Banco Bilbao Vizcaya Argentaria, S.A."
215,22009.00,Utilities: Gas and Electric,U.S.,TXU Corp.
216,21950.00,Energy,U.S.,El Paso Corporation
217,21881.50,Trading,Japan,Nichimen Corporation
218,21714.20,Food and Drug Stores,France,Groupe Auchan
219,21450.40,"Insurance: Life, Health (Mutual)",U.S.,New York Life Insurance Company
220,21331.00,Pharmaceuticals,U.S.,Bristol-Myers Squibb Company
221,21227.00,Petroleum Refining,U.S.,Phillips Petroleum Company
201,22956.00,Computer Services and Software,U.S.,Microsoft Corporation
202,22883.40,General Merchandisers,France,Pinault-Printemps-Redoute
203,22760.50,Trading,Japan,Tomen Corporation
204,22608.00,Banks: Commercial and Savings,U.S.,FleetBoston Financial Corporation
205,22585.60,"Insurance: Life, Health (stock)",France,CNP Assurances S.A.
206,22511.90,Banks: Commercial and Savings,Italy,IntesaBci
207,22330.80,Specialty Retailers,U.S.,"AutoNation, Inc."
208,22291.40,Industrial and Farm Equipment,France,Alstom S.A.
94,37834.40,Telecommunications,Germany,Deutsche Telekom AG
95,37580.00,Network and Other Communications Equipment,U.S.,"Motorola, Inc."
96,37535.80,"Insurance: Life, Health (Mutual)",Japan,Sumitomo Life Insurance Company
97,37431.00,Insurance: Property and Casualty (Stock),Switzerland,Zurich Financial Services
98,37348.90,"Electronics, Electrical Equip.",Japan,Mitsubishi Electric Corporation
99,37128.40,Motor Vehicles and Parts,France,Renault S.A.
100,37028.00,General Merchandisers,U.S.,Kmart Corporation
80,42273.20,Petroleum Refining,Spain,Repsol YPF
82,42010.00,Wholesalers: Health Care,U.S.,McKesson HBOC Inc.
83,41683.70,Energy,China,China National Petroleum Corporation
84,41420.00,Network and Other Communications Equipment,U.S.,Lucent Technologies Inc.
85,40937.00,General Merchandisers,U.S.,Sears Roebuck and Company
88,40363.20,Pharmaceuticals,U.S.,"Merck &amp; Co., Inc."
89,39951.00,"Soaps, Cosmetics",U.S.,The Procter &amp; Gamble Company
90,39090.00,Telecommunications,U.S.,"WorldCom, Inc."
91,38628.30,"Engineering, Construction",France,Vivendi Universal
92,38490.70,"Electronics, Electrical Equip.",South Korea,"Samsung Electronics Co., Ltd."
93,38063.50,"Insurance: Life, Health (Mutual)",U.S.,Teachers Insurance and Annuity Association College Retiremen
66,45738.00,Specialty Retailers,U.S.,"The Home Depot, Inc."
67,45413.00,Securities,U.S.,Morgan Stanley Dean Witter &amp; Co.
68,45346.00,Petroleum Refining,China,China Petrochemical Corp.
69,45139.00,Petroleum Refining,Italy,ENI S.p.A.
70,44872.00,Securities,U.S.,"Merrill Lynch &amp; Co., Inc."
71,44088.90,Diversified Financials,U.S.,Fannie Mae
72,43973.60,Food Consumer Products,Britain/Netherlands,Unilever N.V./ Unilever PLC
73,43830.90,Banks: Commercial and Savings,Belgium/Netherlands,Fortis
74,43389.60,Banks: Commercial and Savings,Netherlands,ABN AMRO Holding N. V.
75,43371.10,Food and Drug Stores,Germany,Metro AG
76,43125.50,"Insurance: Life, Health (stock)",Britain,Prudential plc
77,42548.70,Utilities: Gas and Electric,China,State Power Corporation of China
78,42513.70,Energy,Germany,RWE Aktiengesellschaft
79,42383.00,"Computers, Office Equipment",U.S.,Compaq Computer Corporation
53,49318.00,Energy,U.S.,Duke Energy Corporation
54,49000.40,Food and Drug Stores,U.S.,The Kroger Company
55,48928.00,"Electronics, Electrical Equip.",Japan,NEC Corporation
56,48782.00,"Computers, Office Equipment",U.S.,Hewlett-Packard Company
57,48632.80,Banks: Commercial and Savings,Britain,HSBC Holdings plc
58,48491.70,Food and Drug Stores,Netherlands,Koninklijke Ahold
59,48225.00,Food Consumer Products,Switzerland,Nestl_ S.A.
60,48069.00,Petroleum Refining,U.S.,Chevron Corporation
61,47863.10,Insurance: Property and Casualty (Mutual),U.S.,State Farm Insurance Cos.
62,47555.70,Utilities: Gas and Electric,Japan,"The Tokyo Electric Power Co., Inc."
63,47315.80,Banks: Commercial and Savings,Switzerland,UBS AG
64,46435.60,"Insurance: Life, Health (Mutual)",Japan,The Dai-ichi Mutual Life Insurance Co.
65,45972.00,Insurance: Property and Casualty (Stock),U.S.,"American International Group,Inc."
41,57747.00,Banks: Commercial and Savings,U.S.,Bank of America Corporation
42,57611.60,Banks: Commercial and Savings,France,BNP Paribas
43,55077.10,Motor Vehicles and Parts,Japan,"Nissan Motor Co., Ltd."
44,53826.60,"Electronics, Electrical Equip.",Japan,Toshiba Corporation
45,53680.00,Petroleum Refining,Venezuela,"Petroleos de Venezuela, S.A."
46,53333.10,"Insurance: Life, Health (stock)",Italy,Assicurazioni Generali Spa
47,53190.40,Motor Vehicles and Parts,Italy,Fiat S.p.A.
48,52068.50,Banks: Commercial and Savings,Japan,"Mizuho Holdings, Inc."
49,51476.00,Telecommunications,U.S.,SBC Communications Inc.
50,51321.00,Aerospace and Defense,U.S.,The Boeing Company
51,51130.00,Petroleum Refining,U.S.,Texaco Inc.
52,49603.50,"Computers, Office Equipment",Japan,Fujitsu Limited
28,68054.80,"Insurance: Life, Health (Mutual)",Japan,Nippon Life Insurance Company
29,67133.20,Banks: Commercial and Savings,Germany,Deutsche Bank Aktiengesellschaft
30,66158.40,"Electronics, Electrical Equip.",Japan,Sony Corporation
31,65981.00,Telecommunications,U.S.,AT&amp;T Corp.
32,64707.00,Telecommunications,U.S.,Verizon Communications Inc.
33,64540.00,"Mail, Package, and Freight Delivery",U.S.,United States Postal Service
34,63276.00,Tobacco,U.S.,Philip Morris Companies Inc.
35,61498.70,"Insurance: Life, Health (stock)",Britain,CGNU plc
36,60065.00,Banks: Commercial and Savings,U.S.,J.P. Morgan Chase &amp; Co.
37,59887.80,Food and Drug Stores,France,Carrefour SA
38,59315.50,Banks: Commercial and Savings,Switzerland,Credit Suisse Group
39,58557.30,Trading,Japan,Nissho Iwai Corporation
40,58461.60,Motor Vehicles and Parts,Japan,"Honda Motor Co., Ltd."
15,103234.70,Telecommunications,Japan,Nippon Telegraph &amp; Telephone Corporation
16,100789.00,Energy,U.S.,Enron
17,92781.60,"Insurance: Life, Health (stock)",France,AXA
18,91168.40,Trading,Japan,Sumitomo Corporation
19,88396.00,"Computers, Office Equipment",U.S.,International Business Machines Corporation
20,85351.00,Trading,Japan,Marubeni Corporation
21,78851.90,Motor Vehicles and Parts,Germany,Volkswagen AG
22,76126.80,"Electronics, Electrical Equip.",Japan,"Hitachi, Ltd."
23,74858.30,"Electronics, Electrical Equip.",Germany,Siemens Aktiengesellschaft
24,71195.90,"Insurance: Life, Health (stock)",Netherlands,ING Groep N.V.
25,71022.30,Insurance: Property and Casualty (Stock),Germany,Allianz AG
26,69475.30,"Electronics, Electrical Equip.",Japan,"Matsushita Electric Industrial Co., Ltd."
27,68432.60,Trading,Germany,E.ON AG
3,184632.00,Motor Vehicles and Parts,U.S.,General Motors Corporation
4,180598.00,Motor Vehicles and Parts,U.S.,Ford Motor Company
5,150069.70,Motor Vehicles and Parts,Germany,DaimlerChrysler A.G.
6,149146.00,Petroleum Refining,Britain/Netherlands,Royal Dutch/Shell Group
7,148062.00,Petroleum Refining,Britain,BP p.l.c.
8,129853.00,Diversified Financials,U.S.,General Electric Company
9,126579.40,Trading,Japan,Mitsubishi Corporation
10,121416.20,Motor Vehicles and Parts,Japan,Toyota Motor Corporation
11,118013.70,Trading,Japan,"Mitsui &amp; Co., Ltd."
12,111826.00,Diversified Financials,U.S.,"Citigroup, Inc."
13,109756.50,Trading,Japan,Itochu Corporation
14,105869.60,Petroleum Refining,France,Total Fina Elf S.A.
1,210392.00,Petroleum Refining,U.S.,Exxon Mobil Corporation
2,193295.00,General Merchandisers,U.S.,"Wal-Mart Stores, Inc."
