rank,revenues,industry,hqCountry,title
314,16142.10,Specialty Retailers,Britain,Kingfisher plc
315,16138.00,Airlines,U.S.,UAL Corporation
316,16079.00,zMiscellaneous,U.S.,3M Company
317,15947.60,"Engineering, Construction",Sweden,Skanska AB
306,16383.00,Motor Vehicles and Parts,U.S.,TRW Inc.
307,16330.90,Tobacco,Japan,Japan Tobacco Inc.
308,16290.90,"Engineering, Construction",France,Vinci S.A.
309,16285.20,Pharmaceuticals,U.S.,Abbott Laboratories
310,16211.80,"Insurance: Life, Health (Mutual)",U.S.,Northwestern Mutual Life Insurance Company
311,16164.40,Trading,China,Sinochem
312,16155.50,Insurance: Property and Casualty (Stock),Japan,"The Tokio Marine &amp; Fire Insurance Co., Ltd."
313,16146.70,Diversified Outsourcing Services,Switzerland,"Adecco, SA"
302,16477.90,"Engineering, Construction",Japan,Kajima Corporation
303,16450.10,Banks: Commercial and Savings,Australia,National Australia Bank Limited
304,16443.00,Banks: Commercial and Savings,U.S.,U.S. Bancorp
305,16437.00,Trading,Japan,Nichimen Corporation
331,15171.10,Food and Drug Stores,U.S.,Rite Aid Corporation
332,15147.00,Insurance: Property and Casualty (Stock),U.S.,Hartford Financial Services Group Inc.
333,15140.00,Utilities: Gas and Electric,U.S.,Exelon Corporation
334,15118.30,Insurance: Property and Casualty (Stock),U.S.,Nationwide Mutual Insurance Co.
323,15679.30,Petroleum Refining,Japan,"Idemitsu Kosan Co., Ltd."
324,15674.40,Utilities: Gas and Electric,South Korea,Korea Electric Power Corporation
325,15627.70,Wholesalers: Food and Grocery,U.S.,"Fleming Companies, Inc."
326,15479.60,"Electronics, Electrical Equip.",U.S.,Emerson Electric Co.
327,15369.30,Semiconductors and Other Electronic Components,Canada,Onex Corporation
328,15284.20,Food and Drug Stores,U.S.,"Publix Super Markets, Inc."
329,15248.50,"Mail, Package, and Freight Delivery",France,La Poste
330,15205.60,Insurance: Property and Casualty (Stock),Japan,"Mitsui Sumitomo Insurance Co., Ltd."
318,15923.30,Food and Drug Stores,Canada,George Weston Limited
319,15822.60,Wholesalers: Health Care,U.S.,AmerisourceBergen Corp.
320,15794.90,Banks: Commercial and Savings,Germany,Bayerische Landesbank
321,15791.00,Banks: Commercial and Savings,Italy,UniCredito Italiano
322,15700.00,Beverages,U.S.,"Coca-Cola Enterprises, Inc."
348,14311.20,zMiscellaneous,Japan,Dentsu Inc.
349,14256.00,Insurance: Property and Casualty (Mutual),U.S.,Liberty Mutual Insurance Group
350,14238.50,Chemicals,Japan,Mitsubishi Chemical Corporation
339,14873.40,Telecommunications,Canada,BCE Inc.
340,14870.00,Food Services,U.S.,McDonald&#039;s Corporation
341,14786.00,"Mining, Crude-Oil Production",Britain,Anglo American plc
343,14551.60,Motor Vehicles and Parts,Germany,MAN Aktiengesellschaft
344,14545.00,Forest and Paper Products,U.S.,Weyerhaeuser Company
345,14524.40,Household and Personal Products,U.S.,Kimberly-Clark Corporation
346,14426.10,"Electronics, Electrical Equip.",Japan,Sharp Corporation
347,14388.10,General Merchandisers,Germany,KarstadtQuelle AG
338,14945.80,Airlines,Germany,Deutsche Lufthansa AG
335,15028.20,Utilities: Gas and Electric,U.S.,Xcel Energy Inc.
336,14988.30,Petroleum Refining,U.S.,Valero Energy Corp
337,14953.20,Banks: Commercial and Savings,Brazil,Banco Bradesco S.A.
361,13889.40,Banks: Commercial and Savings,Canada,Canadian Imperial Bank of Commerce
362,13879.00,Airlines,U.S.,"Delta Air Lines, Inc."
353,14139.90,Food Production,Italy,Edison SPA
354,14128.50,Pharmaceuticals,U.S.,Wyeth
355,14126.00,"Mining, Crude-Oil Production",U.S.,Occidental Petroleum Corporation
356,14079.00,Railroads,Germany,Deutsche Bahn AG
357,13988.10,"Oil and Gas Equipment, Services",U.S.,Schlumberger Limited
358,13948.30,Utilities: Gas and Electric,Spain,"Endesa, S.A."
359,13915.70,Diversified Financials,U.S.,"Household International, Inc."
360,13896.10,Aerospace and Defense,Canada,Bombardier
376,13413.00,Petroleum Refining,U.S.,Amerada Hess Corporation
377,13405.00,"Oil and Gas Equipment, Services",U.S.,Halliburton Company
378,13386.70,"Engineering, Construction",Japan,Taisei Corporation
379,13374.70,"Computers, Office Equipment",Japan,"Ricoh Company, Ltd."
351,14175.00,General Merchandisers,U.S.,The May Department Stores Company
352,14147.20,Motor Vehicles and Parts,U.S.,The Goodyear Tire &amp; Rubber Company and Subsidiaries
373,13558.00,Aerospace and Defense,U.S.,Northrop Grumman Corporation
374,13541.30,"Insurance: Life, Health (stock)",Britain,Legal &amp; General Group Plc
375,13511.40,"Insurance: Life, Health (stock)",Switzerland,Swiss Life Insurance &amp; Pension Co
369,13624.70,Motor Vehicles and Parts,U.S.,Lear Corporation
370,13584.80,Banks: Commercial and Savings,Canada,The Toronto-Dominion Bank
371,13573.70,Utilities: Gas and Electric,Japan,"Tohoku Electric Power Co., Inc."
372,13564.30,Specialty Retailers,Germany,Otto Versand (GmbH &amp; Co.)
396,12922.50,Energy,U.S.,CInergy Corp.
363,13847.90,Specialty Retailers,U.S.,"The Gap, Inc."
364,13754.80,Entertainment,Australia,The News Corporation Limited
365,13691.30,"Mining, Crude-Oil Production",Germany,RAG Aktiengesellschaft
366,13673.20,Banks: Commercial and Savings,Canada,Bank of Nova Scotia
367,13661.10,"Mail, Package, and Freight Delivery",Japan,"Nippon Express Co., Ltd."
368,13628.30,Telecommunications,Japan,Japan Telecom Co. Ltd.
392,13003.70,Trading,China,"China Nat&#039;l Cereals, Oils &amp; Foodstuffs Import &amp; Export Corpo"
393,12977.00,Energy,U.S.,CMS Energy Corporation
394,12957.80,Food Consumer Products,France,Groupe Danone
395,12939.10,Banks: Commercial and Savings,Japan,The Norinchukin Bank
386,13130.60,"Electronics, Electrical Equip.",Sweden,Electrolux AB
387,13107.30,Health Care,U.S.,"AdvancePCS, Inc."
388,13104.80,Semiconductors and Other Electronic Components,Singapore,"Flextronics International, Ltd."
389,13082.80,Banks: Commercial and Savings,China,China Construction Bank
390,13020.00,Aerospace and Defense,Britain,BAE Systems
391,13005.30,Metals,Luxembourg,Arcelor
380,13347.90,Diversified Outsourcing Services,U.S.,Accenture Ltd.
381,13342.00,Motor Vehicles and Parts,Japan,Suzuki Motor Corporation
382,13292.90,Industrial and Farm Equipment,U.S.,Deere &amp; Company
383,13234.00,"Scientific,Photographic and Control Equipment",U.S.,Eastman Kodak Company
384,13224.10,Metals,Japan,NKK Corporation
385,13202.60,Petroleum Refining,Japan,Japan Energy Corporation
397,12911.50,Beverages,U.S.,"Anheuser-Busch Companies, Inc."
398,12903.40,Food and Drug Stores,U.S.,"Winn-Dixie Stores, Inc."
399,12865.70,Airlines,Japan,"Japan Airlines Company, Ltd."
400,12856.60,Utilities: Gas and Electric,France,Gaz de France
301,16480.00,Pharmaceuticals,Britain,AstraZeneca PLC
200,23222.80,Entertainment,U.S.,Viacom Inc.
199,23449.50,Food and Drug Stores,France,Groupe Auchan
197,23520.60,Petroleum Refining,Japan,Nippon Mitsubishi Oil Corporation
198,23454.00,Health Care,U.S.,"UnitedHealth Group, Incorporated"
196,23620.90,Food and Drug Stores,Japan,"AEON Co., Ltd."
195,23652.00,Aerospace and Defense,U.S.,Honeywell International Inc.
194,23726.00,"Electronics, Electrical Equip.",Switzerland,ABB Ltd.
193,23778.10,Banks: Commercial and Savings,Germany,Commerzbank A.G.
191,23924.10,Banks: Commercial and Savings,France,Soci_t_ G_n_rale
192,23848.00,Banks: Commercial and Savings,Spain,"Banco Bilbao Vizcaya Argentaria, S.A."
190,23936.00,"Computers, Office Equipment",Japan,Canon Inc.
189,24130.00,Telecommunications,U.S.,BellSouth Corporation
188,24189.00,Petroleum Refining,U.S.,Phillips Petroleum Company
187,24230.60,"Insurance: Life, Health (Mutual)",U.S.,Teachers Insurance and Annuity Association College Retiremen
186,24527.00,Banks: Commercial and Savings,U.S.,Bank One Corporation
184,24575.40,Food and Drug Stores,Britain,J. Sainsbury plc
183,24623.00,Food and Drug Stores,U.S.,Walgreen Co.
182,24793.00,Aerospace and Defense,U.S.,Lockheed Martin Corporation
180,25132.00,Network and Other Communications Equipment,U.S.,Lucent Technologies Inc.
181,24893.50,General Merchandisers,France,Pinault-Printemps-Redoute
178,25190.80,Health Care,U.S.,Aetna
179,25186.90,Wholesalers: Electronics and Office Equipment,U.S.,"Ingram Micro, Inc."
176,25295.50,"Insurance: Life, Health (Mutual)",Japan,Meiji Life Insurance Company
177,25269.00,Entertainment,U.S.,The Walt Disney Company
174,25299.90,Banks: Commercial and Savings,Japan,"UFJ Holdings, Inc."
175,25296.00,Computer Software,U.S.,Microsoft Corporation
173,25309.00,Forest and Paper Products,U.S.,Georgia-Pacific Group
172,25370.00,Chemicals,U.S.,E.I. du Pont de Nemours
171,25598.00,Motor Vehicles and Parts,Japan,Mitsubishi Motors Corporation
170,25678.20,"Insurance: Life, Health (Mutual)",U.S.,New York Life Insurance Company
168,25987.30,Banks: Commercial and Savings,Germany,DZ Bank Deutsche Zentral-Genossenschaftsbank Aktiengesellsch
169,25773.30,Utilities: Gas and Electric,Italy,
167,26071.00,Telecommunications,U.S.,Sprint Corporation
166,26088.00,Motor Vehicles and Parts,U.S.,Delphi Corporation
164,26285.90,Petroleum Refining,Norway,Den norske stats oljeselskap a.s
165,26091.00,Banks: Commercial and Savings,Japan,"Mitsubishi Tokyo Financial Group, Inc."
162,26539.00,Semiconductors and Other Electronic Components,U.S.,Intel
163,26363.00,Forest and Paper Products,U.S.,International Paper Company
161,26822.50,Food and Drug Stores,Japan,"Ito-Yokado Co., Ltd."
160,26891.00,Banks: Commercial and Savings,U.S.,Wells Fargo &amp; Co.
159,26935.00,Beverages,U.S.,"PepsiCo, Inc."
158,27111.20,Chemicals,Germany,Bayer AG
157,27177.00,"Insurance: Life, Health (stock)",U.S.,"Prudential Financial, Inc."
156,27194.20,Food Consumer Products,U.S.,"ConAgra Foods, Incorporated"
155,27214.10,"Building Materials, Glass",France,Saint-Gobain
154,27569.40,Banks: Commercial and Savings,Britain,Barclays Plc
153,27579.50,Aerospace and Defense,Netherlands,European Aeronautic Defence and Space Company EADS N.V.
151,27807.50,Telecommunications,Spain,Telefónica S.A.
152,27805.00,Chemicals,U.S.,The Dow Chemical Company
150,27838.70,Banks: Commercial and Savings,Britain,HBOSplc
149,27897.00,Aerospace and Defense,U.S.,United Technologies Corporation
148,27927.00,Utilities: Gas and Electric,U.S.,TXU Corp.
147,27931.40,Network and Other Communications Equipment,Finland,Nokia Corporation
145,28670.20,Telecommunications,Italy,Olivetti S.p.a.
146,28561.90,"Insurance: Life, Health (stock)",Netherlands,AEGON N.V.
143,28959.50,"Electronics, Electrical Equip.",Netherlands,Royal Philips Electronics N.V.
144,28865.00,Insurance: Property and Casualty (Stock),U.S.,The Allstate Corporation
142,29103.30,Chemicals,Germany,BASF Aktiengesellschaft
141,29183.20,"Electronics, Electrical Equip.",Japan,Mitsubishi Electric Corporation
140,29506.30,Pharmaceuticals,Britain,GlaxoSmithKline plc
139,29958.20,Telecommunications,Britain,BT Group plc
138,30004.00,Network and Other Communications Equipment,U.S.,"Motorola, Inc."
136,30421.80,Banks: Commercial and Savings,Spain,Santander Central Hispano Group
137,30228.60,Banks: Commercial and Savings,Japan,Sumitomo Mitsui Banking Corp
135,30472.90,Motor Vehicles and Parts,Germany,Robert Bosch GmbH
134,30646.00,"Mail, Package, and Freight Delivery",U.S.,"United Parcel Service, Inc."
133,30863.60,Motor Vehicles and Parts,South Korea,Hyundai Motor Company
132,31138.00,Securities,U.S.,"Goldman Sachs Group, Inc."
131,31168.00,"Computers, Office Equipment",U.S.,Dell Computer Corporation
129,31502.00,Energy,U.S.,Mirant Corp.
130,31302.10,"Mail, Package, and Freight Delivery",Germany,Deutsche Post AG
128,31928.00,"Insurance: Life, Health (stock)",U.S.,MetLife Inc.
127,32259.00,Pharmaceuticals,U.S.,Pfizer Inc.
126,32548.50,"Insurance: Life, Health (Mutual)",Japan,Sumitomo Life Insurance Company
125,32552.20,Motor Vehicles and Parts,France,Renault S.A.
124,32557.00,General Merchandisers,U.S.,"J.C. Penney Company, Inc."
122,32795.00,Petroleum Refining,U.S.,Conoco Inc.
123,32713.30,Telecommunications,Britain,Vodafone Group plc
120,33007.80,Petroleum Refining,South Korea,SK
121,33004.00,Pharmaceuticals,U.S.,Johnson &amp; Johnson
119,33142.80,"Insurance: Life, Health (Mutual)",Japan,Asahi Mutual Life Insurance Co.
117,33554.00,"Computers, Office Equipment",U.S.,Compaq Computer Corporation
118,33212.00,Trading,South Korea,Samsung Corporation
116,33796.00,Industrial and Farm Equipment,Germany,Thyssen Krupp AG
115,33830.90,Banks: Commercial and Savings,Britain,The Royal Bank of Scotland Group plc
114,33915.50,Food and Drug Stores,Britain,Tesco PLC
113,34301.00,Food and Drug Stores,U.S.,Safeway Inc.
112,34443.50,Motor Vehicles and Parts,Germany,Bayerische Motoren Werke Aktiengesellschaft
111,34797.00,Specialty Retailers,U.S.,Costco Wholesale Corporation
109,35179.00,Telecommunications,U.S.,"WorldCom, Inc."
110,35041.00,Petroleum Refining,U.S.,Marathon Oil Corporation
108,35523.00,Diversified Financials,U.S.,Freddie Mac
107,35668.50,Banks: Commercial and Savings,France,Cr_dit Nationale de Cr_dit Agricole
106,35821.20,"Insurance: Life, Health (stock)",Britain,Prudential plc
105,35968.90,"Electronics, Electrical Equip.",South Korea,"Samsung Electronics Co., Ltd."
104,36151.00,General Merchandisers,U.S.,Kmart Corporation
102,36461.00,Utilities: Gas and Electric,France,Electricite De France
103,36388.50,"Electronics, Electrical Equip.",U.S.,Tyco International Ltd.
101,37668.00,Insurance: Property and Casualty (Stock),U.S.,Berkshire Hathaway Inc.
490,10361.90,Petroleum Refining,Japan,Showa Shell Sekiyu K.K.
491,10343.00,"Electronics, Electrical Equip.",U.S.,Whirlpool Corporation
493,10194.90,Health Care,U.S.,Humana Inc.
494,10161.80,Metals,South Korea,POSCO
495,10155.00,Utilities: Gas and Electric,U.S.,Southern Company
496,10152.00,zMiscellaneous,U.S.,"Marriott International, Inc."
497,10144.70,Banks: Commercial and Savings,U.S.,MBNA Corporation
498,10127.60,Wholesalers: Electronics and Office Equipment,U.S.,"Arrow Electronics, Inc"
499,10102.60,"Building Materials, Glass",Japan,"Asahi Glass Co., Ltd."
500,10096.20,"Engineering, Construction",Japan,Takenaka Corporation
476,10579.20,Food Services,France,Sodexho Alliance
477,10558.00,Utilities: Gas and Electric,U.S.,"Dominion Resources, Inc."
478,10533.10,Wholesalers: Health Care,Britain,Alliance Unichem PLC
479,10527.10,"Insurance: Life, Health (Mutual)",Japan,Daido Life Insurance Company
480,10492.30,"Publishing, Printing",Japan,"Dai Nippon Printing Co., Ltd."
482,10483.80,Diversified Outsourcing Services,U.S.,Manpower Inc.
483,10480.20,"Insurance: Life, Health (stock)",Canada,Manulife Financial Corporation
484,10469.00,Motor Vehicles and Parts,U.S.,Dana Corporation
485,10444.70,Beverages,Japan,Suntory Ltd.
486,10444.70,Health Care,U.S.,"Anthem,Inc."
487,10383.80,zMiscellaneous,Britain,Wolseley plc
488,10378.90,Energy,U.S.,Allegheny Energy Incorporated
489,10366.50,"Publishing, Printing",Japan,"Toppan Printing Co., Ltd."
462,10896.70,Motor Vehicles and Parts,Japan,Fuji Heavy Industries Ltd.
463,10887.50,Banks: Commercial and Savings,Japan,"Daiwa Bank Holdings, Inc."
464,10859.70,Computer Software,U.S.,Oracle Corporation
465,10857.20,"Insurance: Life, Health (stock)",Canada,"Sun Life Financial Services of Canada, Inc."
466,10793.00,Metals,Japan,"Sumitomo Metal Industries, Ltd."
467,10781.20,Petroleum Refining,Taiwan,Chinese Petroleum Corporation
468,10750.90,Food Production,U.S.,"Tyson Foods, Inc."
469,10744.40,Specialty Retailers,U.S.,"Staples, Inc."
470,10709.00,Specialty Retailers,U.S.,"The TJX Companies, Inc."
471,10656.60,Banks: Commercial and Savings,China,Agricultural Bank of China
472,10631.30,"Engineering, Construction",Japan,"Sekisui House, Ltd."
473,10617.90,Banks: Commercial and Savings,Germany,Bankgesellschaft Berlin
474,10612.40,Petroleum Refining,Japan,"Cosmo Oil Co., Ltd."
475,10603.90,Banks: Commercial and Savings,Germany,Norddeutsche Landesbank Girozen.
448,11195.10,Metals,Luxembourg,Arbed S.A.
449,11184.50,Banks: Commercial and Savings,Canada,Bank of Montreal
450,11154.10,Specialty Retailers,U.S.,"Office Depot, Inc."
451,11118.50,Telecommunications,Netherlands,Royal KPN N.V.
452,11087.40,Metals,Britain,Corus Group
453,11075.80,"Insurance: Life, Health (stock)",Britain,Old Mutual plc
454,11075.70,Airlines,France,Compagnie Nationale Air France
455,11055.30,Energy,U.S.,"The Williams Companies, Inc."
456,11026.00,Motor Vehicles and Parts,Canada,"Magna International, Inc."
458,10973.30,Food and Drug Stores,U.S.,"Great Atlantic &amp; Pacific Tea Company, Inc."
459,10951.00,Specialty Retailers,France,LVMH Moet Hennessy Louis Vuitton
460,10932.50,Railroads,Japan,Central Japan Railway Company
461,10911.60,Banks: Commercial and Savings,Denmark,Danske Bank Aktieselskab
434,11763.40,Food Production,U.S.,"Farmland Industries, Inc."
435,11715.40,Energy,Canada,TransCanada Pipelines Limited
436,11695.20,Household and Personal Products,Germany,Henkel KGaA
437,11685.20,Banks: Commercial and Savings,Brazil,Banco Do Brasil S.A.
438,11661.10,Utilities: Gas and Electric,Japan,"Kyushu Electric Power Co., Inc."
439,11649.60,General Merchandisers,Britain,Marks &amp; Spencer p.l.c.
440,11590.50,"Insurance: Life, Health (stock)",Taiwan,"Cathay Life Insurance Co., Ltd."
441,11542.50,Pharmaceuticals,U.S.,Eli Lilly and Company
442,11502.00,Food and Drug Stores,Australia,Woolworths Limited
443,11426.00,Computer And Data Services,U.S.,Computer Sciences Corporation
444,11322.00,zMiscellaneous,U.S.,"Waste Management, Inc."
445,11306.10,Insurance: Property and Casualty (Stock),Japan,"The Yasuda Fire &amp; Marine Insurance Co. , Ltd."
446,11253.70,zMiscellaneous,France,Christian Dior S.A.
447,11226.00,"Engineering, Construction",Japan,Obayashi Corporation
420,12183.90,Utilities: Gas and Electric,U.S.,Edison International
421,12163.00,Aerospace and Defense,U.S.,General Dynamics Corporation
422,12106.00,"Mining, Crude-Oil Production",Russia,OAO Lukoil
423,12097.10,Forest and Paper Products,Finland,Stora Enso Oyj
424,12053.00,Health Care,U.S.,Tenet Healthcare Corporation
425,12040.00,"Mail, Package, and Freight Delivery",Britain,Consignia
426,11973.00,Railroads,U.S.,Union Pacific Corporation
427,11955.20,Food and Drug Stores,Switzerland,Migros-Genossenschafts-Bund
428,11942.60,Airlines,Britain,British Airways plc
430,11889.90,Telecommunications,Mexico,Carso Global Telecom S.A. de C.V.
431,11876.60,"Electronics, Electrical Equip.",Japan,"Sumitomo Electric Industries, Ltd."
432,11854.80,"Insurance: Life, Health (stock)",Canada,Power Corporation of Canada
433,11844.00,Health Care,U.S.,PacifiCare Health Systems Inc.
406,12642.80,Food and Drug Stores,Australia,Coles Myer Ltd.
407,12635.50,Chemicals,Netherlands,Akzo Nobel N.V.
408,12626.00,Metals,Canada,"Alcan , Inc."
409,12552.00,Food Services,Britain,Compass Group PLC
410,12428.60,Health Care,U.S.,WellPoint Health Networks Inc.
411,12414.70,Telecommunications,Australia,Telstra Corporation Ltd.
412,12402.00,Petroleum Refining,U.S.,"Sunoco, Inc."
413,12348.50,Telecommunications,South Korea,KT Corprporation
414,12321.00,Aerospace and Defense,U.S.,Textron Inc.
415,12304.50,Household and Personal Products,France,L&#039;Or_al
416,12266.50,"Building Materials, Glass",France,Lafarge S.A.
417,12263.80,Insurance: Property and Casualty (Mutual),France,Caisse Centrale des Assurances Mutuellas Agricoles
418,12257.60,Food and Drug Stores,Britain,Safeway plc
419,12209.20,Banks: Commercial and Savings,Sweden,Nordea AB
401,12824.20,"Insurance: Life, Health (Mutual)",Japan,The Taiyo Mutual Life Insurance Co.
402,12814.00,Wholesalers: Electronics and Office Equipment,U.S.,"Avnet, Inc."
403,12791.50,Specialty Retailers,U.S.,"Circuit City Stores, Inc."
404,12777.80,Motor Vehicles and Parts,Japan,Isuzu Motors Limited
405,12668.50,"Engineering, Construction",Japan,Shimizu Corporation
286,17503.30,"Insurance: Life, Health (stock)",South Korea,Samsung Life Insurance
287,17405.90,Telecommunications,China,China Mobile Communications Corporation
288,17282.10,Pharmaceuticals,Switzerland,Roche Holding Ltd.
289,17214.30,Trading,South Korea,"SK Global Co., Ltd."
290,17197.50,Wholesalers: Electronics and Office Equipment,U.S.,Tech Data Corporation
291,16998.70,Metals,Norway,Norsk Hydro ASA
292,16895.00,General Merchandisers,U.S.,"Federated Department Stores, Inc."
293,16892.00,"Electronics, Electrical Equip.",Japan,"Sanyo Electric Co., Ltd."
295,16867.00,Aerospace and Defense,U.S.,Raytheon Company
296,16754.30,Motor Vehicles and Parts,Japan,Mazda Motor Corporation
297,16693.00,Banks: Commercial and Savings,France,Les Caisses d&#039;Epargne et de Pr_voyance
298,16574.70,"Insurance: Life, Health (Mutual)",Japan,The Yasuda Mutual Life Insurance Company
299,16535.90,Banks: Commercial and Savings,Canada,Royal Bank of Canada
300,16502.00,"Computers, Office Equipment",U.S.,Xerox Corporation
272,18054.70,Banks: Commercial and Savings,Belgium,"Algemene Maatschappij Voor Nuver, N.V."
273,18040.20,Trading,Japan,Toyota Tsusho Corporation
274,18025.50,Railroads,France,Societe Nationale des Chemins de Fer Francais
275,17953.00,Health Care,U.S.,"HCA, Inc"
276,17886.90,"Publishing, Printing",Germany,Bertelsmann AG
277,17869.30,Banks: Commercial and Savings,China,Bank Of China
278,17843.00,Motor Vehicles and Parts,U.S.,Visteon Corporation
279,17826.10,Utilities: Gas and Electric,Japan,"Chubu Electric Power Co., Inc."
280,17798.30,Banks: Commercial and Savings,Britain,Abbey National plc
281,17789.00,"Mining, Crude-Oil Production",Australia,BHP Billiton plc
282,17747.00,Food Consumer Products,U.S.,Sara Lee Corporation
283,17692.00,Banks: Commercial and Savings,U.S.,"Washington Mutual, Inc."
284,17679.30,Petroleum Refining,Malaysia,Petroliam Nasional Berhad
285,17566.30,Motor Vehicles and Parts,Japan,Bridgestone Corporation
259,18847.50,Banks: Commercial and Savings,France,Credit Lyonnais
260,18799.10,Insurance: Property and Casualty (Stock),U.S.,Loews Corporation
261,18692.30,Semiconductors and Other Electronic Components,U.S.,Solectron Corporation
262,18604.80,Beverages,Britain,Diageo plc
263,18507.00,Network and Other Communications Equipment,Canada,Nortel Networks Corporation
264,18427.20,Motor Vehicles and Parts,U.S.,"Johnson Controls, Inc."
265,18415.70,"Insurance: Life, Health (Mutual)",Britain,The Standard Life Assurance Company0000000000000000000000000
266,18333.50,"Engineering, Construction",France,Bouygues SA
267,18301.30,Motor Vehicles and Parts,Sweden,AB Volvo
268,18250.00,"Computers, Office Equipment",U.S.,"Sun Microsystems, Inc."
269,18212.90,Wholesalers: Health Care,Germany,Franz Haniel &amp; Cie. GmbH
270,18161.20,Utilities: Gas and Electric,Britain,Centrica plc
271,18143.90,Tobacco,Britain,British American Tobacco p.l.c.
247,19597.00,Specialty Retailers,U.S.,Best Buy Co. Inc.
248,19515.90,Trading,South Korea,LG International
249,19339.60,"Insurance: Life, Health (Mutual)",U.S.,Massachusetts Mutual Life Insurance Company
250,19299.00,Pharmaceuticals,U.S.,Pharmacia Corporation
251,19203.40,"Scientific,Photographic and Control Equipment",Japan,"Fuji Photo Film Co., Ltd."
252,19203.10,Motor Vehicles and Parts,Japan,Denso Corporation
253,19190.00,Banks: Commercial and Savings,U.S.,FleetBoston Financial Corporation
254,19115.00,Health Care,U.S.,CIGNA Corporation
255,19073.10,Trading,Japan,Tomen Corporation
256,19049.90,Banks: Commercial and Savings,Belgium,Dexia Group
257,18985.80,Pharmaceuticals,Switzerland,Novartis Group
258,18963.00,Airlines,U.S.,AMR Corporation
235,20210.20,Insurance: Property and Casualty (Stock),Switzerland,Swiss Reinsurance Company
236,20148.40,Energy,Russia,OAO Gazprom
237,20113.00,General Merchandisers,Japan,"The Daiei, Inc."
238,20098.80,"Insurance: Life, Health (stock)",France,CNP Assurances S.A.
239,20092.00,Beverages,U.S.,The Coca-Cola Company
240,20051.40,Food Production,U.S.,Archer Daniels Midland Company
241,19989.30,Specialty Retailers,U.S.,"AutoNation, Inc."
242,19946.40,Banks: Commercial and Savings,Italy,IntesaBci
243,19827.80,Banks: Commercial and Savings,China,Industrial and Commercial Bank of China
244,19743.00,Telecommunications,U.S.,Qwest Communications International Inc.
246,19629.00,"Mail, Package, and Freight Delivery",U.S.,FedEx Corporation
222,21525.20,Insurance: Property and Casualty (Stock),Britain,Royal &amp; Sun Alliance
223,21252.60,zMiscellaneous,Germany,TUI AG
224,21206.50,Utilities: Gas and Electric,Japan,"The Kansai Electric Power Co., Inc."
225,21140.90,Banks: Commercial and Savings,Netherlands,Rabobank Group
226,20915.50,Petroleum Refining,India,Indian Oil Corporation Limited
227,20908.50,Wholesalers: Food and Grocery,U.S.,Supervalu Inc.
228,20734.10,Industrial and Farm Equipment,France,Alstom S.A.
229,20645.00,Metals,Japan,Nippon Steel Corporation
230,20543.60,Pharmaceuticals,France,Aventis
232,20450.00,Industrial and Farm Equipment,U.S.,"Caterpillar, Inc."
233,20341.00,Railroads,Japan,East Japan Railway Company
234,20281.20,"Mail, Package, and Freight Delivery",Japan,Japan Postal Service
210,22416.30,Network and Other Communications Equipment,Sweden,Telefonaktiebolaget LM Ericsson
211,22396.00,Banks: Commercial and Savings,U.S.,Wachovia Corp.
212,22392.00,Securities,U.S.,"Lehman Brothers Holdings, Inc."
213,22293.00,Network and Other Communications Equipment,U.S.,"Cisco Systems, Inc."
214,22272.20,Telecommunications,China,China Telecommunications CorporationCorporation
215,22241.40,Food and Drug Stores,U.S.,CVS Corporation
216,22111.10,Specialty Retailers,U.S.,"Lowe&#039;s Companies, Inc."
217,21784.50,Wholesalers: Food and Grocery,U.S.,Sysco Corporation
218,21717.00,Pharmaceuticals,U.S.,Bristol-Myers Squibb Company
219,21701.50,Trading,South Korea,Hyundai Corp.
220,21655.70,"Insurance: Life, Health (Mutual)",Japan,Mitsui Mutual Life Insurance Co.
221,21543.00,Computer And Data Services,U.S.,Electronic Data Systems Corporation
202,23136.90,"Electronics, Electrical Equip.",South Korea,LG Electronics
203,22959.00,Utilities: Gas and Electric,U.S.,PG&amp;E Corporation
204,22905.00,Industrial and Farm Equipment,Japan,"Mitsubishi Heavy Industries, Ltd."
205,22859.00,Metals,U.S.,"Alcoa, Inc."
206,22822.80,Banks: Commercial and Savings,Britain,Lloyds TSB Group plc
207,22703.50,Telecommunications,France,Alcatel S.A.
208,22663.60,Telecommunications,Japan,KDDI Corporation
209,22582.00,Diversified Financials,U.S.,American Express Company
201,23139.10,Banks: Commercial and Savings,Germany,Westdeutsche Landesbank
93,39244.00,Household and Personal Products,U.S.,The Procter &amp; Gamble Company
94,39091.10,Petroleum Refining,Spain,Repsol YPF
95,38793.00,Securities,U.S.,"Merrill Lynch &amp; Co., Inc."
96,38650.00,Insurance: Property and Casualty (Stock),Switzerland,Zurich Financial Services
97,38529.60,Telecommunications,France,France T_l_com SA
98,38234.00,Entertainment,U.S.,AOL Time Warner
99,37932.50,Energy,France,Suez
100,37931.00,Food and Drug Stores,U.S.,"Albertson&#039;s, Inc."
79,41894.00,Insurance: Property and Casualty (Stock),Germany,
80,41752.20,Utilities: Gas and Electric,Japan,"The Tokyo Electric Power Co., Inc."
81,41499.10,Energy,China,China National Petroleum CorporationCorporation
82,41445.10,Banks: Commercial and Savings,Japan,"Mizuho Holdings, Inc."
83,41078.00,General Merchandisers,U.S.,Sears Roebuck and Company
84,40796.00,"Electronics, Electrical Equip.",Japan,NEC Corporation
85,40528.80,Banks: Commercial and Savings,Belgium/Netherlands,Fortis
86,40388.00,Petroleum Refining,China,China Petrochemical Corp.
87,40376.80,Energy,U.S.,"Aquila, Inc."
88,40043.90,"Computers, Office Equipment",Japan,Fujitsu Limited
89,39888.00,General Merchandisers,U.S.,Target Corporation
90,39702.70,Banks: Commercial and Savings,Netherlands,ABN AMRO Holding N. V.
91,39405.40,Banks: Commercial and Savings,Germany,Bayerische Hypo-und Vereinsbank AG
66,46250.00,Petroleum Refining,Venezuela,"Petroleos de Venezuela, S.A."
67,46225.80,Energy,U.S.,"Reliant Energy, Incorporated"
68,46130.60,Food Consumer Products,Britain/Netherlands,Unilever N.V./ Unilever PLC
69,45908.00,Telecommunications,U.S.,SBC Communications Inc.
70,45226.00,"Computers, Office Equipment",U.S.,Hewlett-Packard Company
71,44636.90,Petroleum Refining,Italy,ENI S.p.A.
72,44346.80,Food and Drug Stores,Germany,Metro AG
73,43727.00,Securities,U.S.,Morgan Stanley
74,43703.20,Trading,Japan,Nissho Iwai Corporation
75,43260.60,Telecommunications,Germany,Deutsche Telekom AG
76,43145.20,"Insurance: Life, Health (Mutual)",Japan,The Dai-ichi Mutual Life Insurance Co.
77,43139.40,"Electronics, Electrical Equip.",Japan,Toshiba Corporation
78,42242.00,Energy,U.S.,Dynegy Inc.
52,50803.00,Diversified Financials,U.S.,Fannie Mae
53,50663.80,Energy,Germany,RWE Aktiengesellschaft
54,50429.00,Banks: Commercial and Savings,U.S.,J.P. Morgan Chase &amp; Co.
55,50192.40,Food Consumer Products,Switzerland,Nestl_ S.A.
56,50098.00,Food and Drug Stores,U.S.,The Kroger Company
57,50006.00,Wholesalers: Health Care,U.S.,McKesson Corporation
58,49555.20,Motor Vehicles and Parts,Japan,"Nissan Motor Co., Ltd."
59,48503.40,Banks: Commercial and Savings,Switzerland,UBS AG
60,48374.50,Utilities: Gas and Electric,China,State Power Corporation of China
61,47947.60,Wholesalers: Health Care,U.S.,"Cardinal Health, Inc."
62,47715.70,Pharmaceuticals,U.S.,"Merck &amp; Co., Inc."
63,46705.20,Insurance: Property and Casualty (Mutual),U.S.,State Farm Insurance Cos.
64,46424.00,Banks: Commercial and Savings,Britain,HSBC Holdings plc
40,59142.00,Telecommunications,U.S.,AT&amp;T Corp.
41,58882.00,Motor Vehicles and Parts,Japan,"Honda Motor Co., Ltd."
42,58198.00,Aerospace and Defense,U.S.,The Boeing Company
43,57475.00,Energy,U.S.,El Paso Corporation
44,55044.40,Banks: Commercial and Savings,France,BNP Paribas
45,54997.10,"Electronics, Electrical Equip.",Japan,"Matsushita Electric Industrial Co., Ltd."
46,53553.00,Specialty Retailers,U.S.,"The Home Depot, Inc."
47,52641.00,Banks: Commercial and Savings,U.S.,Bank of America Corporation
48,52317.60,"Insurance: Life, Health (stock)",Britain,"Aviva,plc"
49,51944.20,Motor Vehicles and Parts,Italy,Fiat S.p.A.
50,51394.30,"Insurance: Life, Health (stock)",Italy,Assicurazioni Generali Spa
51,51365.70,Entertainment,France,Vivendi Universal S.A.
27,66839.90,Banks: Commercial and Savings,Germany,Deutsche Bank Aktiengesellschaft
28,66453.00,Trading,Germany,E.ON AG
29,65834.00,"Mail, Package, and Freight Delivery",U.S.,United States Postal Service
30,65579.90,"Insurance: Life, Health (stock)",France,AXA
31,64204.50,Banks: Commercial and Savings,Switzerland,Credit Suisse Group
32,63931.20,"Electronics, Electrical Equip.",Japan,"Hitachi, Ltd."
33,63827.20,"Insurance: Life, Health (Mutual)",Japan,Nippon Life Insurance Company
34,62402.00,Insurance: Property and Casualty (Stock),U.S.,"American International Group,Inc."
35,62224.60,Food and Drug Stores,France,Carrefour SA
36,61257.00,Energy,U.S.,"American Electric Power Company, Inc."
37,60608.00,"Electronics, Electrical Equip.",Japan,Sony Corporation
38,59633.90,Food and Drug Stores,Netherlands,Koninklijke Ahold N.V.
39,59503.00,Energy,U.S.,Duke Energy Corporation
14,99699.00,Petroleum Refining,U.S.,ChevronTexaco Corporation
15,94311.90,Petroleum Refining,France,Total Fina Elf S.A.
16,93424.80,Telecommunications,Japan,Nippon Telegraph &amp; Telephone Corporation
17,91176.60,Trading,Japan,Itochu Corporation
18,85929.20,Insurance: Property and Casualty (Stock),Germany,Allianz AG
19,85866.00,"Computers, Office Equipment",U.S.,International Business Machines Corporation
20,82999.10,"Insurance: Life, Health (stock)",Netherlands,ING Groep N.V.
21,79287.30,Motor Vehicles and Parts,Germany,Volkswagen AG
22,77358.90,"Electronics, Electrical Equip.",Germany,Siemens Aktiengesellschaft
23,77140.10,Trading,Japan,Sumitomo Corporation
24,72944.00,Tobacco,U.S.,Philip Morris Companies Inc.
25,71756.60,Trading,Japan,Marubeni Corporation
26,67190.00,Telecommunications,U.S.,Verizon Communications Inc.
2,191581.00,Petroleum Refining,U.S.,Exxon Mobil Corporation
3,177260.00,Motor Vehicles and Parts,U.S.,General Motors Corporation
4,174218.00,Petroleum Refining,Britain,BP p.l.c.
5,162412.00,Motor Vehicles and Parts,U.S.,Ford Motor Company
6,138718.00,Energy,U.S.,Enron
7,136897.30,Motor Vehicles and Parts,Germany,DaimlerChrysler A.G.
8,135211.00,Petroleum Refining,Britain/Netherlands,Royal Dutch/Shell Group
9,125913.00,Diversified Financials,U.S.,General Electric Company
10,120814.40,Motor Vehicles and Parts,Japan,Toyota Motor Corporation
11,112022.00,Diversified Financials,U.S.,"Citigroup, Inc."
12,105813.90,Trading,Japan,Mitsubishi Corporation
13,101205.60,Trading,Japan,"Mitsui &amp; Co., Ltd."
1,219812.00,General Merchandisers,U.S.,"Wal-Mart Stores, Inc."
