rank,revenues,industry,hqCountry,title
306,15800.90,Food and Drug Stores,U.S.,Rite Aid Corporation
307,15760.20,Insurance: Property and Casualty (Stock),Japan,"Mitsui Sumitomo Insurance Co., Ltd."
308,15744.80,Banks: Commercial and Savings,Britain,Abbey National plc
309,15738.90,Wholesalers: Electronics and Office Equipment,U.S.,Tech Data Corporation
310,15663.00,Utilities: Gas and Electric,U.S.,Duke Energy Corporation
311,15644.10,Telecommunications,France,Alcatel S.A.
312,15632.00,Telecommunications,U.S.,"AT&amp;T Wireless Services, Inc."
302,15906.00,"Mining, Crude-Oil Production",Australia,BHP Billiton Limited
303,15868.00,Banks: Commercial and Savings,U.S.,FleetBoston Financial Corporation
304,15849.00,"Computers, Office Equipment",U.S.,Xerox Corporation
305,15825.60,Utilities: Gas and Electric,Spain,"Endesa, S.A."
320,15422.30,Banks: Commercial and Savings,U.S.,U.S. Bancorp
321,15405.70,Food Services,U.S.,McDonald&#039;s Corporation
322,15386.10,"Engineering, Construction",Japan,Kajima Corporation
323,15311.10,"Insurance: Life, Health (stock)",Canada,"Sun Life Financial Services of Canada, Inc."
313,15609.60,Food Services,Britain,Compass Group PLC
314,15583.00,Energy,U.S.,"American Electric Power Company, Inc."
315,15540.50,Health Care,U.S.,"AdvancePCS, Inc."
316,15495.50,Trading,Japan,Nichimen Corporation
317,15490.30,Chemicals,Japan,Mitsubishi Chemical Corporation
318,15487.00,Telecommunications,U.S.,Qwest Communications International Inc.
319,15435.00,General Merchandisers,U.S.,"Federated Department Stores, Inc."
335,14955.00,Utilities: Gas and Electric,U.S.,Exelon Corporation
326,15183.50,Entertainment,Australia,The News Corporation Limited
327,15164.80,Motor Vehicles and Parts,Germany,MAN Aktiengesellschaft
328,15145.00,"Mining, Crude-Oil Production",Britain,Anglo American plc
329,15115.90,Aerospace and Defense,Canada,Bombardier Inc.
330,15075.30,Banks: Commercial and Savings,South Korea,Kookmin Bank
331,15033.50,Banks: Commercial and Savings,Italy,UniCredito Italiano SpA
332,15030.90,Banks: Commercial and Savings,China,Bank Of China
333,14999.30,Network and Other Communications Equipment,Sweden,Telefonaktiebolaget LM Ericsson
334,14979.00,"Engineering, Construction",Sweden,Skanska AB
324,15307.90,Banks: Commercial and Savings,Germany,Bayerische Landesbank
340,14584.00,Pharmaceuticals,U.S.,Wyeth
341,14544.00,Insurance: Property and Casualty (Stock),U.S.,Liberty Mutual Insurance Group
342,14454.70,Specialty Retailers,U.S.,"The Gap, Inc."
343,14424.60,Motor Vehicles and Parts,U.S.,Lear Corporation
344,14424.10,Semiconductors and Other Electronic Components,Canada,Onex Corporation
345,14323.70,Trading,South Korea,Hyundai Corp.
346,14286.00,Airlines,U.S.,UAL Corporation
337,14771.70,Banks: Commercial and Savings,Canada,Royal Bank of Canada
338,14679.20,Banks: Commercial and Savings,Brazil,Banco Do Brasil S.A.
339,14671.60,Diversified Financials,U.S.,"Household International, Inc."
336,14951.70,General Merchandisers,Germany,KarstadtQuelle AG
349,14243.00,zMiscellaneous,U.S.,Cendant Corporation
350,14124.50,"Insurance: Life, Health (stock)",Switzerland,Swiss Life Insurance &amp; Pension Co
347,14266.30,"Computers, Office Equipment",Japan,"Ricoh Company, Ltd."
348,14261.70,Insurance: Property and Casualty (Stock),Japan,Sompo Japan Insurance Inc.
355,13913.00,Health Care,U.S.,Tenet Healthcare Corporation
356,13893.70,zMiscellaneous,Japan,Dentsu Inc.
357,13863.00,Aerospace and Defense,U.S.,General Dynamics Corporation
358,13850.00,Motor Vehicles and Parts,U.S.,Goodyear Tire &amp; Rubber
359,13824.70,"Oil and Gas Equipment, Services",U.S.,Schlumberger Limited
360,13824.00,"Electronics, Electrical Equip.",U.S.,Emerson Electric Co.
372,13537.70,Food and Drug Stores,Australia,Coles Myer Ltd.
373,13508.40,Household and Personal Products,France,L&#039;Or_al
374,13508.10,"Insurance: Life, Health (Mutual)",Japan,Mitsui Mutual Life Insurance Co.
375,13497.20,"Engineering, Construction",Japan,Taisei Corporation
351,14109.60,Banks: Commercial and Savings,Australia,National Australia Bank Limited
352,14086.00,Energy,U.S.,TXU Corp.
353,14074.00,Food Production,U.S.,Bunge Limited
354,13947.00,Industrial and Farm Equipment,U.S.,Deere &amp; Company
365,13700.40,"Electronics, Electrical Equip.",Sweden,Electrolux AB
366,13650.10,"Insurance: Life, Health (stock)",Britain,Old Mutual plc
367,13648.30,Insurance: Property and Casualty (Mutual),France,Caisse Centrale des Assurances Mutuellas Agricoles
368,13568.00,Network and Other Communications Equipment,U.S.,Lucent Technologies Inc.
369,13566.40,Beverages,U.S.,"Anheuser-Busch Companies, Inc."
370,13566.30,Household and Personal Products,U.S.,Kimberly-Clark Corporation
371,13539.40,Banks: Commercial and Savings,China,China Construction Bank
364,13752.30,Utilities: Gas and Electric,France,Gaz de France
384,13218.10,Trading,China,"China Nat&#039;l Cereals, Oils &amp; Foodstuffs Import &amp; Export Corpo"
385,13215.90,Beverages,Britain,Diageo plc
386,13101.50,Telecommunications,South Korea,KT Corprporation
387,13080.30,Utilities: Gas and Electric,Japan,"Tohoku Electric Power Co., Inc."
388,13075.00,Food and Drug Stores,Australia,Woolworths Limited
389,13071.50,"Insurance: Life, Health (stock)",Taiwan,"Cathay Life Insurance Co., Ltd."
361,13812.80,"Building Materials, Glass",France,Lafarge
362,13784.00,Utilities: Gas and Electric,U.S.,PG&amp;E Corp.
363,13762.10,"Mail, Package, and Freight Delivery",Japan,"Nippon Express Co., Ltd."
376,13491.00,General Merchandisers,U.S.,The May Department Stores Company
377,13453.00,Petroleum Refining,Russia,OAO Lukoil
378,13378.70,Semiconductors and Other Electronic Components,Singapore,"Flextronics International, Ltd."
379,13363.20,Food and Drug Stores,Britain,Safeway plc
380,13305.00,Airlines,U.S.,"Delta Air Lines, Inc."
381,13282.30,Health Care,U.S.,"Anthem,Inc."
382,13239.80,"Insurance: Life, Health (stock)",Britain,Legal &amp; General Group Plc
383,13238.00,Chemicals,Netherlands,Akzo Nobel N.V.
393,12942.90,Food and Drug Stores,U.S.,"Winn-Dixie Stores, Inc."
394,12841.00,"Scientific,Photographic and Control Equipment",U.S.,Eastman Kodak Company
395,12837.70,"Mail, Package, and Freight Delivery",Britain,Royal Mail Group plc
396,12815.40,Food Consumer Products,France,Groupe Danone
397,12771.40,Specialty Retailers,Germany,Otto Versand (GmbH &amp; Co.)
398,12717.50,"Engineering, Construction",Japan,Shimizu Corporation
399,12619.30,Airlines,France,Compagnie Nationale Air France
400,12572.00,"Oil and Gas Equipment, Services",U.S.,Halliburton Company
390,13020.70,Telecommunications,Canada,BCE Inc.
391,12971.00,Motor Vehicles and Parts,Canada,"Magna International, Inc."
392,12968.70,Food and Drug Stores,Switzerland,Migros-Genossenschafts-Bund
301,15907.00,Insurance: Property and Casualty (Stock),U.S.,Hartford Financial Services Group Inc.
200,21782.00,Computer Services and Software,U.S.,Electronic Data Systems Corporation
199,22109.20,Insurance: Property and Casualty (Stock),Switzerland,Swiss Reinsurance Company
198,22171.00,Banks: Commercial and Savings,U.S.,Bank One Corporation
197,22274.00,Aerospace and Defense,U.S.,Honeywell International Inc.
195,22391.00,Banks: Commercial and Savings,Britain,Lloyds TSB Group plc
196,22375.60,"Insurance: Life, Health (Mutual)",Britain,The Standard Life Assurance Company0000000000000000000000000
193,22440.00,Telecommunications,U.S.,BellSouth Corporation
192,22459.30,Wholesalers: Electronics and Office Equipment,U.S.,"Ingram Micro, Inc."
191,22506.20,Petroleum Refining,India,Indian Oil Corporation Limited
189,22612.00,Petroleum Refining,Brazil,Petróleo Brasileiro S.A.
190,22563.00,Metals,Japan,Nippon Steel Corporation
187,22753.60,Banks: Commercial and Savings,Japan,"Mitsubishi Tokyo Financial Group,Inc."
188,22673.00,Specialty Retailers,U.S.,Best Buy Co. Inc.
185,22855.00,"Electronics, Electrical Equip.",Switzerland,ABB Ltd.
186,22854.00,Securities,U.S.,"Goldman Sachs Group, Inc."
184,22858.70,Telecommunications,Japan,KDDI Corporation
183,23194.40,Metals,Luxembourg,Arcelor
182,23271.00,Forest and Paper Products,U.S.,Georgia-Pacific Corporation
181,23350.50,Wholesalers: Food and Grocery,U.S.,Sysco Corporation
180,23367.00,Food Production,U.S.,"Tyson Foods, Inc."
179,23453.60,Food Production,U.S.,Archer Daniels Midland Company
178,23481.30,"Computers, Office Equipment",Japan,Canon Inc.
177,23591.00,Banks: Commercial and Savings,U.S.,Wachovia Corp.
176,23807.00,Diversified Financials,U.S.,American Express Company
175,24037.80,Insurance: Property and Casualty (Stock),Japan,Millea Holdings
174,24181.50,Food and Drug Stores,U.S.,CVS Corporation
172,24522.00,Chemicals,U.S.,E.I. du Pont de Nemours
173,24205.00,Banks: Commercial and Savings,France,Soci_t_ G_n_rale
171,24605.70,Entertainment,U.S.,Viacom Inc.
170,24720.70,"Insurance: Life, Health (Mutual)",U.S.,New York Life Insurance Company
169,24744.80,Food and Drug Stores,Japan,"AEON Co., Ltd."
168,24976.00,Forest and Paper Products,U.S.,International Paper Company
167,25020.00,Health Care,U.S.,"UnitedHealth Group, Incorporated"
166,25112.00,Food Consumer Products,U.S.,"PepsiCo, Inc."
164,25559.80,Banks: Commercial and Savings,Germany,DZ Bank Deutsche Zentral-Genossenschaftsbank Aktiengesellsch
165,25329.00,Entertainment,U.S.,The Walt Disney Company
163,25881.70,General Merchandisers,France,Pinault-Printemps-Redoute
161,26228.20,"Insurance: Life, Health (Mutual)",Japan,Meiji Life Insurance Company
162,26058.10,Food and Drug Stores,France,Groupe Auchan
160,26311.60,Banks: Commercial and Savings,Spain,Santander Central Hispano Group
159,26490.90,Specialty Retailers,U.S.,"Lowe&#039;s Companies, Inc."
157,26589.40,Banks: Commercial and Savings,Britain,Barclays Plc
158,26492.30,Petroleum Refining,Japan,Nippon Oil Corporation
155,26764.00,Semiconductors and Other Electronic Components,U.S.,Intel
156,26679.00,Network and Other Communications Equipment,U.S.,"Motorola, Inc."
154,26797.00,"Insurance: Life, Health (stock)",U.S.,"Prudential Financial, Inc."
152,26861.00,Telecommunications,Spain,"Telefonica, S.A."
153,26806.00,Aerospace and Defense,U.S.,Lockheed Martin Corporation
151,26962.40,Food and Drug Stores,Britain,J. Sainsbury plc
150,26976.30,Petroleum Refining,U.S.,Valero Energy Corp
148,27206.60,Food and Drug Stores,Japan,"Ito-Yokado Co., Ltd."
149,27180.00,Telecommunications,U.S.,Sprint Corporation
147,27427.00,Motor Vehicles and Parts,U.S.,Delphi Corporation
146,27470.00,Petroleum Refining,U.S.,Marathon Oil Corporation
145,27609.00,Chemicals,U.S.,The Dow Chemical Company
144,27629.60,Food Consumer Products,U.S.,"ConAgra Foods, Incorporated"
142,28198.50,Banks: Commercial and Savings,Japan,Mizuho Financial Group
143,28007.60,Chemicals,Germany,Bayer AG
141,28212.00,Aerospace and Defense,U.S.,United Technologies Corporation
140,28253.00,Securities,U.S.,"Merrill Lynch &amp; Co., Inc."
138,28341.30,Utilities: Gas and Electric,Italy,Enel
139,28269.50,Aerospace and Defense,Netherlands,European Aeronautic Defence and Space Company EADS N.V.
137,28365.00,Computer Services and Software,U.S.,Microsoft Corporation
136,28378.20,Network and Other Communications Equipment,Finland,Nokia Corporation
134,28473.00,Banks: Commercial and Savings,U.S.,Wells Fargo &amp; Co.
135,28437.50,zMiscellaneous,France,Veolia Environnement SA
133,28622.10,"Building Materials, Glass",France,Compagnie de Saint-Gobain
131,28776.20,Banks: Commercial and Savings,Japan,Sumitomo Mitsui Financial Group
132,28681.10,Food and Drug Stores,U.S.,Walgreen Co.
130,29301.40,Telecommunications,Britain,BT Group plc
129,29444.60,"Insurance: Life, Health (stock)",Netherlands,AEGON N.V.
128,29579.00,Insurance: Property and Casualty (Stock),U.S.,The Allstate Corporation
127,29694.20,Telecommunications,Italy,Olivetti S.p.a.
125,29911.70,Banks: Commercial and Savings,Britain,HBOS plc
126,29865.10,"Electronics, Electrical Equip.",Japan,Mitsubishi Electric Corporation
124,30083.80,"Electronics, Electrical Equip.",Netherlands,Royal Philips Electronics N.V.
122,30545.40,Petroleum Refining,Norway,Den norske stats oljeselskap a.s
123,30457.70,Chemicals,Germany,BASF Aktiengesellschaft
121,30762.00,General Merchandisers,U.S.,Kmart Holding Corporation
120,31272.00,"Mail, Package, and Freight Delivery",U.S.,"United Parcel Service, Inc."
119,31874.20,Pharmaceuticals,Britain,GlaxoSmithKline plc
118,31882.40,Motor Vehicles and Parts,Japan,Mitsubishi Motors Corporation
117,32347.00,General Merchandisers,U.S.,"J.C. Penney Company, Inc."
116,32415.00,Securities,U.S.,Morgan Stanley
115,32960.00,Trading,South Korea,Samsung Corporation
113,33723.00,Industrial and Farm Equipment,Germany,Thyssen Krupp AG
114,33068.50,Motor Vehicles and Parts,Germany,Robert Bosch GmbH
111,34353.30,Motor Vehicles and Parts,France,Renault S.A.
112,34104.00,"Insurance: Life, Health (stock)",U.S.,MetLife Inc.
110,34498.90,Petroleum Refining,Spain,Repsol YPF
108,34683.30,Petroleum Refining,South Korea,SK
109,34590.60,Banks: Commercial and Savings,Netherlands,ABN AMRO Holding N. V.
107,34799.20,Food and Drug Stores,U.S.,Safeway Inc.
106,35281.00,Pharmaceuticals,U.S.,Pfizer Inc.
105,35404.00,"Computers, Office Equipment",U.S.,Dell Computer Corporation
103,35916.00,Food and Drug Stores,U.S.,"Albertson&#039;s, Inc."
104,35818.60,"Insurance: Life, Health (stock)",Britain,Prudential plc
102,36035.00,Banks: Commercial and Savings,Britain,The Royal Bank of Scotland Group plc
101,36298.00,Pharmaceuticals,U.S.,Johnson &amp; Johnson
495,10252.30,zMiscellaneous,Japan,Nippon Yusen Kabushiki Kaisha
496,10218.00,Utilities: Gas and Electric,U.S.,"Dominion Resources, Inc."
497,10201.50,Health Care,U.S.,Health Net Inc.
498,10190.40,"Engineering, Construction",U.S.,Fluor Corporation
499,10180.00,Pharmaceuticals,U.S.,Schering-Plough Corporation
500,10173.10,Industrial and Farm Equipment,Japan,"Kawasaki Heavy Industries, Ltd."
480,10499.10,Aerospace and Defense,France,Thales Group
481,10492.80,Banks: Commercial and Savings,Germany,Kreditanstalt fur Wiederaufbau
482,10481.10,"Engineering, Construction",Japan,"Sekisui House, Ltd."
483,10459.60,Wholesalers: Health Care,Japan,Kuraya Sanseido Inc.
484,10440.00,Diversified Financials,U.S.,"Marsh &amp; McLennan Companies, Inc."
485,10430.90,Banks: Commercial and Savings,U.S.,MBNA Corporation
486,10394.90,Utilities: Gas and Electric,Sweden,Vattenfall AB
487,10346.00,Utilities: Gas and Electric,U.S.,AES Corporation
488,10335.30,Banks: Commercial and Savings,China,Agricultural Bank of China
489,10334.50,Banks: Commercial and Savings,Japan,"Resona Holdings, Inc."
490,10283.00,Motor Vehicles and Parts,U.S.,Dana Corporation
491,10282.20,Energy,Netherlands,N.V. Nederlandse Gasunie
492,10271.70,"Publishing, Printing",Japan,"Toppan Printing Co., Ltd."
493,10257.00,"Insurance: Life, Health (stock)",U.S.,"AFLAC, Inc."
494,10253.80,Utilities: Gas and Electric,U.S.,Xcel Energy Inc.
464,10835.80,Banks: Commercial and Savings,Canada,Canadian Imperial Bank of Commerce
465,10818.20,Wholesalers: Food and Grocery,Germany,Edeka Zentrale AG
466,10801.00,Metals,Britain,Corus Group
467,10794.40,Food and Drug Stores,U.S.,"Great Atlantic &amp; Pacific Tea Company, Inc."
468,10785.80,Motor Vehicles and Parts,Germany,Continental AG
469,10742.70,"Publishing, Printing",Japan,"Dai Nippon Printing Co., Ltd."
470,10701.00,Network and Other Communications Equipment,Canada,Nortel Networks Corporation
471,10698.20,Railroads,Japan,"Kinki Nippon Railway Co., Ltd."
472,10658.00,Aerospace and Defense,U.S.,Textron Inc.
473,10627.90,"Building Materials, Glass",Japan,"Asahi Glass Co., Ltd."
474,10619.00,zMiscellaneous,U.S.,"Marriott International, Inc."
475,10610.90,Diversified Outsourcing Services,U.S.,Manpower Inc.
476,10597.50,Banks: Commercial and Savings,Canada,The Toronto-Dominion Bank
477,10549.00,Utilities: Gas and Electric,U.S.,Southern Company
478,10539.70,Petroleum Refining,Finland,Fortum Corporation
479,10526.60,"Insurance: Life, Health (stock)",Canada,Manulife Financial Corporation
448,11346.50,Computer Services and Software,U.S.,Computer Sciences Corporation
450,11262.50,Motor Vehicles and Parts,Japan,Fuji Heavy Industries Ltd.
451,11261.20,Health Care,U.S.,Humana Inc.
452,11186.10,Railroads,Japan,Central Japan Railway Company
453,11156.50,Health Care,U.S.,PacifiCare Health Systems Inc.
454,11142.00,zMiscellaneous,U.S.,"Waste Management, Inc."
455,11139.10,"Mail, Package, and Freight Delivery",Netherlands,TPG N.V.
456,11077.50,Pharmaceuticals,U.S.,Eli Lilly and Company
457,11074.60,Motor Vehicles and Parts,Japan,Isuzu Motors Limited
458,11054.10,Specialty Retailers,Britain,GUS plc
459,11016.00,"Electronics, Electrical Equip.",U.S.,Whirlpool Corporation
460,11005.30,"Engineering, Construction",Japan,Obayashi Corporation
461,10914.00,Petroleum Refining,Russia,OAO NK Yukos
462,10886.00,Telecommunications,Australia,Telstra Corporation Ltd.
463,10853.10,"Computers, Office Equipment",Japan,Seiko Epson Corporation
432,11633.10,Banks: Commercial and Savings,Canada,Bank of Nova Scotia
433,11609.60,Petroleum Refining,Japan,"Cosmo Oil Co., Ltd."
434,11596.10,Specialty Retailers,U.S.,"Staples, Inc."
435,11586.20,zMiscellaneous,Britain,Wolseley plc
436,11574.30,Computer Services and Software,U.S.,Accenture Ltd.
437,11573.50,Banks: Commercial and Savings,Germany,WestLB
438,11562.00,Utilities: Gas and Electric,U.S.,Edison International
439,11558.00,Energy,U.S.,"Reliant Resources, Inc."
440,11555.30,Motor Vehicles and Parts,Japan,"Aisin Seiki Co., Ltd."
441,11517.30,Food Services,France,Sodexho Alliance
442,11504.60,"Insurance: Life, Health (Mutual)",Japan,The Taiyo Mutual Life Insurance Co.
443,11472.10,Metals,South Korea,POSCO
444,11437.50,Specialty Retailers,U.S.,"Office Depot, Inc."
445,11395.30,zMiscellaneous,France,Pechiney
446,11389.10,Banks: Commercial and Savings,Germany,Eurohypo AG
447,11370.00,"Engineering, Construction",Japan,Tokyu Corporation
418,12108.90,"Insurance: Life, Health (stock)",Canada,Power Corporation of Canada
419,12085.10,Forest and Paper Products,Finland,Stora Enso Oyj
420,12068.50,Banks: Commercial and Savings,Sweden,Nordea AB
421,12056.50,Wholesalers: Health Care,Britain,Alliance Unichem PLC
422,12000.40,Apparel,France,LVMH M_et Hennessy Louis Vuitton
423,11992.40,Banks: Commercial and Savings,Japan,The Norinchukin Bank
424,11990.10,Energy,U.S.,CInergy Corp.
425,11981.20,Specialty Retailers,U.S.,"The TJX Companies, Inc."
426,11950.30,Energy,Italy,Edison SPA
427,11932.00,Petroleum Refining,U.S.,Amerada Hess Corporation
428,11929.50,Telecommunications,Netherlands,Royal KPN N.V.
429,11892.60,Airlines,Britain,British Airways plc
430,11681.90,Telecommunications,Mexico,Carso Global Telecom S.A. de C.V.
431,11664.40,Utilities: Gas and Electric,Japan,"Kyushu Electric Power Co., Inc."
404,12496.00,"Computers, Office Equipment",U.S.,"Sun Microsystems, Inc."
406,12494.60,General Merchandisers,Britain,Marks &amp; Spencer p.l.c.
407,12491.00,Railroads,U.S.,Union Pacific Corporation
408,12460.00,Telecommunications,U.S.,Comcast Corporation
409,12449.50,Apparel,France,Christian Dior S.A.
410,12337.00,Banks: Commercial and Savings,Italy,San Paolo IMI Spa
411,12314.70,"Mining, Crude-Oil Production",Germany,RAG Aktiengesellschaft
412,12276.20,Semiconductors and Other Electronic Components,U.S.,Solectron Corporation
414,12260.60,Health Care,U.S.,"Express Scripts, Inc."
415,12247.40,Utilities: Gas and Electric,U.S.,FirstEnergy Corporation
416,12219.20,"Electronics, Electrical Equip.",Japan,"Sumitomo Electric Industries, Ltd."
417,12135.40,Aerospace and Defense,Britain,BAE Systems
401,12550.00,Petroleum Refining,U.S.,"Sunoco, Inc."
402,12540.00,Metals,Canada,"Alcan , Inc."
403,12503.00,Energy,U.S.,El Paso Corporation
286,16539.20,Motor Vehicles and Parts,Japan,Suzuki Motor Corporation
287,16475.40,Tobacco,Japan,Japan Tobacco Inc.
288,16439.90,"Electronics, Electrical Equip.",Japan,Sharp Corporation
289,16386.30,"Mail, Package, and Freight Delivery",France,La Poste
290,16379.30,"Insurance: Life, Health (stock)",China,China Life Insurance Company
291,16332.00,zMiscellaneous,U.S.,3M Company
292,16282.10,Specialty Retailers,Britain,Kingfisher plc
293,16125.20,Banks: Commercial and Savings,Brazil,Banco Bradesco S.A.
294,16116.00,Diversified Outsourcing Services,Switzerland,"Adecco, SA"
295,16105.40,"Insurance: Life, Health (Mutual)",Japan,The Yasuda Mutual Life Insurance Company
296,16045.40,Airlines,Germany,Deutsche Lufthansa AG
297,15949.30,Insurance: Property and Casualty (Stock),U.S.,Nationwide Mutual Insurance Co.
298,15933.40,"Insurance: Life, Health (Mutual)",Japan,Asahi Mutual Life Insurance Co.
299,15930.60,Food and Drug Stores,U.S.,"Publix Super Markets, Inc."
300,15916.40,"Insurance: Life, Health (Mutual)",U.S.,Northwestern Mutual Life Insurance Company
272,17338.50,Health Care,U.S.,WellPoint Health Networks Inc.
273,17312.80,Entertainment,Germany,Bertelsmann AG
274,17299.00,Airlines,U.S.,AMR Corporation
275,17152.00,Trading,South Korea,"SK Global Co., Ltd."
277,17098.70,Airlines,Japan,Japan Airlines System Corporation
278,17093.90,Trading,Japan,Tomen Corporation
279,17074.90,Utilities: Gas and Electric,South Korea,Korea Electric Power Corporation
280,16962.00,Aerospace and Defense,U.S.,Raytheon Company
281,16929.00,Pharmaceuticals,U.S.,Pharmacia Corporation
282,16889.00,Beverages,U.S.,"Coca-Cola Enterprises, Inc."
283,16827.80,Insurance: Property and Casualty (Stock),U.S.,Loews Corporation
284,16781.00,Securities,U.S.,"Lehman Brothers Holdings, Inc."
285,16587.90,Petroleum Refining,Japan,"Idemitsu Kosan Co., Ltd."
262,17752.00,Petroleum Refining,Japan,Nippon Mining Holdings
263,17684.70,Pharmaceuticals,U.S.,Abbott Laboratories
264,17665.50,Railroads,Germany,Deutsche Bahn AG
265,17655.10,Banks: Commercial and Savings,Belgium,Dexia Group
266,17628.00,Food Consumer Products,U.S.,Sara Lee Corporation
267,17561.50,Wholesalers: Food and Grocery,U.S.,"Fleming Companies, Inc."
268,17555.80,Banks: Commercial and Savings,Italy,Banca Intesa S.p.a.
269,17476.00,Food and Drug Stores,Canada,George Weston Limited
270,17437.50,"Engineering, Construction",France,Vinci S.A.
271,17410.30,Banks: Commercial and Savings,Belgium,"Algemene Maatschappij Voor Nuver, N.V."
252,18119.00,Pharmaceuticals,U.S.,Bristol-Myers Squibb Company
253,18032.00,Pharmaceuticals,Britain,AstraZeneca PLC
254,18012.60,Telecommunications,China,China Telecommunications CorporationCorporation
255,17959.70,Tobacco,Britain,British American Tobacco p.l.c.
256,17951.80,Motor Vehicles and Parts,Japan,Bridgestone Corporation
257,17911.80,"Electronics, Electrical Equip.",Japan,"Sanyo Electric Co., Ltd."
258,17884.40,General Merchandisers,Japan,"The Daiei, Inc."
259,17858.60,Utilities: Gas and Electric,Japan,"Chubu Electric Power Co., Inc."
260,17837.00,Aerospace and Defense,U.S.,Northrop Grumman Corporation
261,17836.00,"Electronics, Electrical Equip.",South Korea,LG Electronics
240,19405.10,Motor Vehicles and Parts,Japan,Mazda Motor Corporation
241,19350.20,Banks: Commercial and Savings,France,Les Caisses d&#039;Epargne et de Pr_voyance
242,19160.40,Wholesalers: Food and Grocery,U.S.,Supervalu Inc.
243,19158.80,Motor Vehicles and Parts,Sweden,AB Volvo
244,19144.50,Motor Vehicles and Parts,Japan,Denso Corporation
245,19096.20,Pharmaceuticals,Switzerland,Roche Holding Ltd.
246,19037.00,Banks: Commercial and Savings,U.S.,"Washington Mutual, Inc."
247,18915.00,Network and Other Communications Equipment,U.S.,"Cisco Systems, Inc."
248,18763.00,Trading,China,China National Chemicals Import &amp; Export Corporation
249,18521.00,Forest and Paper Products,U.S.,Weyerhaeuser Company
250,18395.00,Motor Vehicles and Parts,U.S.,Visteon Corporation
251,18176.90,Banks: Commercial and Savings,France,Credit Lyonnais
226,19917.00,Metals,Japan,"JFE Holdings, Inc."
227,19915.00,Health Care,U.S.,CIGNA Corporation
228,19878.70,Health Care,U.S.,Aetna Inc.
229,19791.00,"Insurance: Life, Health (Mutual)",U.S.,Teachers Insurance and Annuity Association College Retiremen
230,19783.30,Telecommunications,China,China Mobile Communications Corporation
231,19763.40,Banks: Commercial and Savings,Germany,Commerzbank A.G.
232,19729.00,Health Care,U.S.,"HCA, Inc"
233,19699.70,Insurance: Property and Casualty (Stock),Britain,Royal &amp; Sun Alliance
234,19564.00,Beverages,U.S.,The Coca-Cola Company
235,19551.50,Energy,Russia,OAO Gazprom
236,19536.10,"Insurance: Life, Health (stock)",South Korea,Samsung Life Insurance
237,19528.50,Banks: Commercial and Savings,China,Industrial and Commercial Bank of China
238,19496.80,Pharmaceuticals,France,Aventis
239,19478.50,Specialty Retailers,U.S.,"AutoNation, Inc."
214,20822.50,Pharmaceuticals,Switzerland,Novartis Group
215,20686.50,Banks: Commercial and Savings,Japan,"UFJ Holdings, Inc."
216,20618.00,Metals,U.S.,"Alcoa, Inc."
217,20607.00,"Mail, Package, and Freight Delivery",U.S.,FedEx Corporation
218,20563.80,"Scientific,Photographic and Control Equipment",Japan,"Fuji Photo Film Co., Ltd."
219,20508.40,Banks: Commercial and Savings,Netherlands,Rabobank Group
220,20431.00,zMiscellaneous,Germany,TUI AG
221,20412.90,Metals,Norway,Norsk Hydro ASA
222,20247.10,"Insurance: Life, Health (Mutual)",U.S.,Massachusetts Mutual Life Insurance Company
223,20152.00,Industrial and Farm Equipment,U.S.,"Caterpillar, Inc."
224,20103.40,Motor Vehicles and Parts,U.S.,"Johnson Controls, Inc."
225,19932.20,Food and Drug Stores,Belgium,Delhaize Group
201,21510.40,Utilities: Gas and Electric,Britain,Centrica plc
202,21462.00,Utilities: Gas and Electric,Japan,"The Kansai Electric Power Co., Inc."
203,21450.90,"Insurance: Life, Health (stock)",France,CNP Assurances S.A.
204,21430.10,Petroleum Refining,Malaysia,Petroliam Nasional Berhad
205,21394.20,Trading,South Korea,LG International
206,21287.60,Industrial and Farm Equipment,Japan,"Mitsubishi Heavy Industries, Ltd."
207,21237.10,Industrial and Farm Equipment,France,Alstom S.A.
208,21236.20,Wholesalers: Health Care,Germany,Franz Haniel &amp; Cie. GmbH
209,21144.40,Trading,Japan,Toyota Tsusho Corporation
210,21055.90,Railroads,Japan,East Japan Railway Company
211,21033.10,"Engineering, Construction",France,Bouygues SA
212,20966.00,Railroads,France,Societe Nationale des Chemins de Fer Francais
213,20823.20,Banks: Commercial and Savings,Spain,"Banco Bilbao Vizcaya Argentaria, S.A."
91,38971.30,"Electronics, Electrical Equip.",U.S.,Tyco International Ltd.
92,38762.50,Specialty Retailers,U.S.,Costco Wholesale Corporation
93,38531.20,"Electronics, Electrical Equip.",Japan,NEC Corporation
94,38458.50,Motor Vehicles and Parts,South Korea,Hyundai Motor Company
96,37907.80,Trading,Japan,Nissho Iwai Corporation
97,37895.50,"Computers, Office Equipment",Japan,Fujitsu Limited
98,36745.30,Banks: Commercial and Savings,France,Cr_dit Nationale de Cr_dit Agricole
99,36355.80,Banks: Commercial and Savings,Germany,Bayerische Hypo-und Vereinsbank Aktiengesellschaft
100,36304.50,"Insurance: Life, Health (Mutual)",Japan,Sumitomo Life Insurance Company
77,43134.20,"Insurance: Life, Health (Mutual)",Japan,The Dai-ichi Mutual Life Insurance Co.
78,42353.00,Insurance: Property and Casualty (Stock),U.S.,Berkshire Hathaway Inc.
79,42329.70,Banks: Commercial and Savings,Switzerland,UBS AG
80,41676.00,Entertainment,U.S.,AOL Time Warner Inc.
81,41366.00,General Merchandisers,U.S.,Sears Roebuck and Company
82,41114.10,Energy,Germany,RWE Aktiengesellschaft
83,40638.00,Insurance: Property and Casualty (Stock),Switzerland,Zurich Financial Services
84,40387.20,Food and Drug Stores,Britain,Tesco PLC
85,40370.10,Utilities: Gas and Electric,Japan,"The Tokyo Electric Power Co., Inc."
86,40238.00,Household and Personal Products,U.S.,The Procter &amp; Gamble Company
87,39974.90,Motor Vehicles and Parts,Germany,Bayerische Motoren Werke Aktiengesellschaft
88,39956.00,"Mail, Package, and Freight Delivery",Germany,Deutsche Post AG
89,39730.00,Banks: Commercial and Savings,Britain,HSBC Holdings plc
90,39663.00,Diversified Financials,U.S.,Freddie Mac
62,46415.80,"Electronics, Electrical Equip.",Japan,Toshiba Corporation
63,46328.20,Petroleum Refining,Italy,ENI S.p.A.
64,45732.00,Banks: Commercial and Savings,U.S.,Bank of America Corporation
65,45720.30,Utilities: Gas and Electric,France,Electricite De France
66,45636.20,Food Consumer Products,Britain/Netherlands,Unilever N.V./ Unilever PLC
67,45234.80,Wholesalers: Health Care,U.S.,AmerisourceBergen Corp.
68,44941.30,Trading,Germany,E.ON AG
69,44864.40,Petroleum Refining,China,China National Petroleum CorporationCorporation
70,44503.20,Petroleum Refining,China,China Petrochemical Corp.
71,44085.70,Telecommunications,France,France T_l_com SA
72,43917.00,General Merchandisers,U.S.,Target Corporation
73,43597.50,Banks: Commercial and Savings,Belgium/Netherlands,Fortis
74,43574.90,Energy,France,Suez
75,43372.00,Banks: Commercial and Savings,U.S.,J.P. Morgan Chase &amp; Co.
76,43138.00,Telecommunications,U.S.,SBC Communications Inc.
49,51980.00,Insurance: Property and Casualty (Stock),Germany,Münchener Rück Rückversicherungs-Gesellschaft
50,51790.30,Pharmaceuticals,U.S.,"Merck &amp; Co., Inc."
51,51759.50,Food and Drug Stores,U.S.,The Kroger Company
53,51135.70,Wholesalers: Health Care,U.S.,"Cardinal Health, Inc."
54,51127.30,Banks: Commercial and Savings,France,BNP Paribas
55,50759.50,Telecommunications,Germany,Deutsche Telekom AG
56,49653.70,Insurance: Property and Casualty (Mutual),U.S.,State Farm Insurance Cos.
57,49533.30,"Insurance: Life, Health (stock)",Britain,"Aviva,plc"
58,48714.50,Food and Drug Stores,Germany,Metro AG
59,47605.60,"Electronics, Electrical Equip.",South Korea,"Samsung Electronics Co., Ltd."
60,46987.00,Telecommunications,Britain,Vodafone Group plc
61,46727.00,Telecommunications,U.S.,AT&amp;T
36,58384.00,Petroleum Refining,U.S.,ConocoPhillips
37,58247.00,Specialty Retailers,U.S.,"The Home Depot, Inc."
38,57279.10,Food Consumer Products,Switzerland,Nestl_ S.A.
39,57129.20,Wholesalers: Health Care,U.S.,McKesson Corporation
40,56588.00,"Computers, Office Equipment",U.S.,Hewlett-Packard Company
41,56040.80,Motor Vehicles and Parts,Japan,"Nissan Motor Co., Ltd."
42,54977.10,Entertainment,France,Vivendi Universal S.A.
43,54069.00,Aerospace and Defense,U.S.,The Boeing Company
44,53598.90,"Insurance: Life, Health (stock)",Italy,Assicurazioni Generali
45,52901.10,Diversified Financials,U.S.,Fannie Mae
46,52612.50,Motor Vehicles and Parts,Italy,Fiat S.p.A.
47,52133.20,Banks: Commercial and Savings,Germany,Deutsche Bank Aktiengesellschaft
48,52121.70,Banks: Commercial and Savings,Switzerland,Credit Suisse Group
22,75745.20,Trading,Japan,Sumitomo Corporation
23,72164.80,Trading,Japan,Marubeni Corporation
24,67625.00,Telecommunications,U.S.,Verizon Communications Inc.
25,67482.00,Insurance: Property and Casualty (Stock),U.S.,"American International Group,Inc."
26,67228.00,"Electronics, Electrical Equip.",Japan,"Hitachi, Ltd."
27,66463.00,"Mail, Package, and Freight Delivery",U.S.,United States Postal Service
28,65420.40,Motor Vehicles and Parts,Japan,"Honda Motor Co., Ltd."
29,64978.60,Food and Drug Stores,France,Carrefour SA
30,62182.00,Tobacco,U.S.,"Altria Group, Inc."
31,62050.80,"Insurance: Life, Health (stock)",France,AXA
32,61334.60,"Electronics, Electrical Equip.",Japan,Sony Corporation
33,61174.50,"Insurance: Life, Health (Mutual)",Japan,Nippon Life Insurance Company
34,60744.30,"Electronics, Electrical Equip.",Japan,"Matsushita Electric Industrial Co., Ltd."
35,59454.60,Food and Drug Stores,Netherlands,Koninklijke Ahold N.V.
8,131754.20,Motor Vehicles and Parts,Japan,Toyota Motor Corporation
9,131698.00,Diversified Financials,U.S.,General Electric Company
10,109386.10,Trading,Japan,Mitsubishi Corporation
11,108630.70,Trading,Japan,"Mitsui &amp; Co., Ltd."
12,101930.20,Insurance: Property and Casualty (Stock),Germany,Allianz AG
13,100789.00,Banks: Commercial and Savings,U.S.,"Citigroup, Inc."
14,96944.90,Petroleum Refining,France,Total
15,92043.00,Petroleum Refining,U.S.,ChevronTexaco Corporation
16,89644.00,Telecommunications,Japan,Nippon Telegraph &amp; Telephone Corporation
17,88102.30,"Insurance: Life, Health (stock)",Netherlands,ING Groep N.V.
18,85856.40,Trading,Japan,Itochu Corporation
19,83132.00,"Computers, Office Equipment",U.S.,International Business Machines Corporation
20,82203.70,Motor Vehicles and Parts,Germany,Volkswagen AG
21,77205.20,"Electronics, Electrical Equip.",Germany,Siemens Aktiengesellschaft
1,246525.00,General Merchandisers,U.S.,"Wal-Mart Stores, Inc."
2,186763.00,Motor Vehicles and Parts,U.S.,General Motors Corporation
3,182466.00,Petroleum Refining,U.S.,Exxon Mobil Corporation
4,179431.00,Petroleum Refining,Britain/Netherlands,Royal Dutch/Shell Group
5,178721.00,Petroleum Refining,Britain,BP p.l.c.
6,163871.00,Motor Vehicles and Parts,U.S.,Ford Motor Company
7,141421.10,Motor Vehicles and Parts,Germany,DaimlerChrysler AG
