rank,revenues,industry,hqCountry,title
318,16617.00,Aerospace and Defense,U.S.,General Dynamics Corporation
319,16600.40,Food and Drug Stores,U.S.,Rite Aid Corporation
311,16914.00,Insurance: Property and Casualty (Stock),U.S.,Liberty Mutual Insurance Group
312,16848.30,Food and Drug Stores,U.S.,"Publix Super Markets, Inc."
313,16803.00,Insurance: Property and Casualty (Stock),U.S.,Nationwide Mutual Insurance Co.
314,16794.90,Insurance: Property and Casualty (Stock),Japan,Sompo Japan Insurance Inc.
315,16771.40,Health Care,U.S.,"Anthem,Inc."
316,16746.00,Health Care,U.S.,Tenet Healthcare Corporation
317,16695.00,Telecommunications,U.S.,"AT&amp;T Wireless Services, Inc."
304,17145.40,"Insurance: Life, Health (stock)",Britain,Old Mutual plc
305,17140.50,Food Services,U.S.,McDonald&#039;s Corporation
306,17101.80,Airlines,Japan,Japan Airlines System Corporation
307,17059.70,"Insurance: Life, Health (Mutual)",U.S.,Northwestern Mutual Life Insurance Company
308,17045.00,Chemicals,Japan,Mitsubishi Chemical Corporation
309,17000.20,Motor Vehicles and Parts,Germany,MAN Aktiengesellschaft
310,16996.20,Aerospace and Defense,Canada,Bombardier Inc.
340,15681.80,Food and Drug Stores,Australia,Woolworths Limited
333,15812.00,Utilities,U.S.,Exelon Corporation
334,15809.60,Insurance: Property and Casualty (Stock),U.S.,Loews Corporation
335,15760.60,"Computers, Office Equipment",Japan,"Ricoh Company, Ltd."
336,15746.70,Motor Vehicles and Parts,U.S.,Lear Corporation
337,15741.20,"Insurance: Life, Health (stock)",Canada,Sun Life Financial Inc.
338,15729.70,"Insurance: Life, Health (stock)",Britain,Legal &amp; General Group Plc
339,15701.00,"Computers, Office Equipment",U.S.,Xerox Corporation
324,16042.80,Food and Drug Stores,Australia,Coles Myer Ltd.
325,16035.60,"Insurance: Life, Health (stock)",Switzerland,Swiss Life Insurance &amp; Pension Co
326,15930.00,Petroleum Refining,U.S.,"Sunoco, Inc."
328,15870.00,Motor Vehicles and Parts,Canada,"Magna International, Inc."
329,15853.80,Specialty Retailers,U.S.,"The Gap, Inc."
330,15850.60,Pharmaceuticals,U.S.,Wyeth
331,15824.80,Banks: Commercial and Savings,China,China Construction Bank
332,15819.50,Banks: Commercial and Savings,Australia,National Australia Bank Limited
320,16451.10,"Engineering, Construction",Sweden,Skanska AB
321,16376.60,Food Consumer Products,France,Groupe Danone
322,16271.00,"Oil and Gas Equipment, Services",U.S.,Halliburton Company
323,16181.80,Chemicals,South Korea,Hanwha Corporation
349,15361.40,"Electronics, Electrical Equip.",Sweden,Electrolux AB
350,15354.40,Banks: Commercial and Savings,U.S.,U.S. Bancorp
341,15608.00,"Mining, Crude-Oil Production",Australia,BHP Billiton Limited
342,15551.10,Petroleum Refining,Japan,Nippon Mining Holdings
343,15549.40,Banks: Commercial and Savings,Germany,Bayerische Landesbank Girozentrale
344,15534.60,Industrial and Farm Equipment,U.S.,Deere &amp; Company
345,15484.90,zMiscellaneous,Japan,Dentsu Inc.
346,15457.60,"Building Materials, Glass",France,Lafarge
347,15441.00,Energy,U.S.,"American Electric Power Company, Inc."
348,15393.20,Trading,Japan,Itochu Corporation
359,14966.00,Petroleum Refining,Russia,OAO NK Yukos
360,14936.00,Telecommunications,U.S.,Qwest Communications International Inc.
361,14930.20,Metals,South Korea,POSCO
362,14880.20,Food and Drug Stores,Switzerland,Migros-Genossenschafts-Bund
363,14844.20,Banks: Commercial and Savings,Brazil,Banco Do Brasil S.A.
365,14770.70,Chemicals,Netherlands,Akzo Nobel N.V.
366,14767.60,Computer Services and Software,U.S.,Computer Sciences Corporation
367,14757.50,"Mail, Package, and Freight Delivery",Japan,"Nippon Express Co., Ltd."
351,15300.70,Utilities,Britain,National Grid Transco PLC
352,15264.00,General Merchandisers,U.S.,"Federated Department Stores, Inc."
353,15179.50,Banks: Commercial and Savings,Brazil,Banco Bradesco S.A.
354,15139.20,Insurance: Property and Casualty (Stock),U.S.,Travelers Property Casualty Corp.
355,15126.20,Trading,Japan,Sumitomo Corporation
356,15119.00,Motor Vehicles and Parts,U.S.,Goodyear Tire &amp; Rubber Company
357,15112.40,Banks: Commercial and Savings,South Korea,Kookmin Bank
358,15021.60,Banks: Commercial and Savings,China,Bank Of China
380,14357.50,"Engineering, Construction",Japan,Kajima Corporation
381,14348.00,Household and Personal Products,U.S.,Kimberly-Clark Corporation
382,14278.80,"Oil and Gas Equipment, Services",U.S.,Schlumberger Limited
383,14240.30,Banks: Commercial and Savings,Germany,KFW Bankengruppe
384,14211.30,Motor Vehicles and Parts,Japan,"Aisin Seiki Co., Ltd."
385,14161.80,Network and Other Communications Equipment,France,Alcatel S.A.
386,14151.70,"Engineering, Construction",Japan,Taisei Corporation
387,14146.70,Beverages,U.S.,"Anheuser-Busch Companies, Inc."
372,14548.00,Metals,China,Shanghai Baosteel Group Corp.
373,14536.40,Specialty Retailers,Britain,Kingfisher plc
374,14530.40,Semiconductors and Other Electronic Components,Singapore,"Flextronics International, Ltd."
375,14509.80,Airlines,France,Compagnie Nationale Air France
376,14442.00,Banks: Commercial and Savings,U.S.,FleetBoston Financial Corporation
377,14420.90,Telecommunications,Netherlands,Royal KPN N.V.
378,14408.00,Petroleum Refining,U.S.,Amerada Hess Corporation
379,14384.70,Wholesalers: Health Care,Britain,Alliance Unichem PLC
368,14623.20,"Mail, Package, and Freight Delivery",Britain,Royal Mail Holdings plc
369,14599.20,zMiscellaneous,Britain,Hilton Group plc
370,14576.60,Network and Other Communications Equipment,Sweden,Telefonaktiebolaget LM Ericsson
371,14559.20,"Mining, Crude-Oil Production",Germany,RAG Aktiengesellschaft
397,13727.10,"Engineering, Construction",Japan,Shimizu Corporation
398,13724.00,Airlines,U.S.,UAL Corporation
399,13710.70,Aerospace and Defense,Britain,BAE Systems
400,13708.00,Specialty Retailers,Germany,Otto Versand (GmbH &amp; Co.)
389,14116.40,Trading,Japan,Mitsubishi Corporation
390,14108.60,zMiscellaneous,France,Christian Dior S.A.
391,14061.60,General Merchandisers,Britain,Marks &amp; Spencer Group plc
392,13999.00,"Electronics, Electrical Equip.",U.S.,Emerson Electric Co.
393,13858.20,Utilities,Sweden,Vattenfall AB
394,13835.10,Utilities,Japan,"Tohoku Electric Power Co., Inc."
395,13804.60,"Insurance: Life, Health (stock)",Taiwan,"Cathay Life Insurance Co., Ltd."
396,13776.20,Forest and Paper Products,Finland,Stora Enso Oyj
388,14119.00,Telecommunications,Canada,BCE Inc.
302,17282.50,General Merchandisers,Germany,KarstadtQuelle AG
303,17203.90,Banks: Commercial and Savings,Canada,Royal Bank of Canada
301,17287.00,Securities,U.S.,"Lehman Brothers Holdings, Inc."
200,24124.70,Banks: Commercial and Savings,Netherlands,Rabobank Group
199,24276.30,Metals,Norway,Norsk Hydro ASA
198,24474.00,Banks: Commercial and Savings,U.S.,Wachovia Corp.
197,24549.00,Food Production,U.S.,"Tyson Foods, Inc."
195,24573.50,Insurance: Property and Casualty (Stock),Japan,Millea Holdings
196,24559.80,Trading,Japan,Marubeni Corporation
194,24697.40,"Engineering, Construction",France,Bouygues SA
193,24864.00,Pharmaceuticals,Switzerland,Novartis Group
192,24901.00,Specialty Retailers,U.S.,Best Buy Co. Inc.
191,25179.00,Forest and Paper Products,U.S.,International Paper Company
190,25196.60,Telecommunications,Japan,KDDI Corporation
188,25378.00,Banks: Commercial and Savings,Britain,Lloyds TSB Group plc
189,25316.30,Petroleum Refining,India,Indian Oil Corporation Limited
187,25490.70,Railroads,France,Societe Nationale des Chemins de Fer Francais
186,25660.90,Petroleum Refining,Malaysia,Petroliam Nasional Berhad
184,25816.60,Motor Vehicles and Parts,Japan,Mazda Motor Corporation
185,25699.70,"Insurance: Life, Health (Mutual)",U.S.,New York Life Insurance Company
183,25866.00,Diversified Financials,U.S.,American Express Company
182,25902.90,Metals,Japan,Nippon Steel Corporation
181,26016.20,"Insurance: Life, Health (Mutual)",U.S.,Teachers Insurance and Annuity Association College Retiremen
180,26073.60,Wholesalers: Health Care,Germany,Franz Haniel &amp; Cie. GmbH
179,26140.30,Wholesalers: Food and Grocery,U.S.,Sysco Corporation
178,26202.00,Telecommunications,U.S.,Sprint Corporation
177,26385.00,Trading,Japan,"Mitsui &amp; Co., Ltd."
176,26585.30,Entertainment,U.S.,Viacom Inc.
175,26588.00,Food and Drug Stores,U.S.,CVS Corporation
174,26956.80,Banks: Commercial and Savings,Spain,Santander Central Hispano Group
173,26971.00,Food Consumer Products,U.S.,"PepsiCo, Inc."
171,27058.00,Network and Other Communications Equipment,U.S.,"Motorola, Inc."
170,27061.00,Entertainment,U.S.,The Walt Disney Company
168,27331.00,Telecommunications,U.S.,"MCI, Inc."
169,27086.60,Insurance: Property and Casualty (Stock),Switzerland,Swiss Reinsurance Company
166,27570.70,General Merchandisers,France,Pinault-Printemps-Redoute S.A.
167,27526.50,Energy,Russia,OAO Gazprom
165,27591.70,"Computers, Office Equipment",Japan,Canon Inc.
164,27730.00,Chemicals,U.S.,E.I. du Pont de Nemours
163,27745.00,Securities,U.S.,"Merrill Lynch &amp; Co., Inc."
162,27907.00,"Insurance: Life, Health (stock)",U.S.,"Prudential Financial, Inc."
161,28082.50,Banks: Commercial and Savings,Germany,Bayerische Hypo-und Vereinsbank Aktiengesellschaft
159,28335.20,Banks: Commercial and Savings,Japan,Mizuho Financial Group
160,28096.00,Motor Vehicles and Parts,U.S.,Delphi Corporation
157,28560.60,Petroleum Refining,Japan,Nippon Oil Corporation
158,28556.70,Banks: Commercial and Savings,France,Soci_t_ G_n_rale
156,28663.10,Banks: Commercial and Savings,Germany,DZ Bank Deutsche Zentral-Genossenschaftsbank Aktiengesellsch
155,28686.00,Aerospace and Defense,U.S.,Northrop Grumman Corporation
154,28823.00,Health Care,U.S.,"UnitedHealth Group, Incorporated"
152,29034.60,Food and Drug Stores,Britain,J. Sainsbury plc
153,28839.60,Entertainment,France,Vivendi Universal S.A.
151,29300.40,"Electronics, Electrical Equip.",Japan,Mitsubishi Electric Corporation
150,29312.90,Utilities,Britain,Centrica plc
148,29338.70,Metals,Luxembourg,Arcelor
149,29332.70,Food and Drug Stores,Japan,"Ito-Yokado Co., Ltd."
147,29873.90,"Electronics, Electrical Equip.",South Korea,LG Electronics
146,30141.00,Semiconductors and Other Electronic Components,U.S.,Intel Corporation
145,30708.00,Food Production,U.S.,Archer-Daniels-Midland Company
142,30843.00,Banks: Commercial and Savings,Britain,Barclays Plc
143,30805.90,"Insurance: Life, Health (stock)",France,CNP Assurances S.A.
140,31161.20,Food and Drug Stores,Japan,"AEON Co., Ltd."
141,31034.00,Aerospace and Defense,U.S.,United Technologies Corporation
139,31263.00,Specialty Retailers,U.S.,"Lowe&#039;s Companies, Inc."
138,31450.50,Banks: Commercial and Savings,Japan,Sumitomo Mitsui Financial Group
135,31800.00,Banks: Commercial and Savings,U.S.,.
136,31668.60,Telecommunications,Britain,BT Group plc
134,31844.00,Aerospace and Defense,U.S.,Lockheed Martin Corporation
133,31947.40,Railroads,Germany,Deutsche Bahn AG
132,32149.00,Insurance: Property and Casualty (Stock),U.S.,The Allstate Corporation
131,32174.90,"Insurance: Life, Health (stock)",Netherlands,AEGON N.V.
130,32187.00,Computer Services and Software,U.S.,Microsoft Corporation
129,32331.10,Chemicals,Germany,Bayer AG
128,32371.90,Utilities,France,Veolia Environnement SA
127,32488.40,Food and Drug Stores,France,Groupe Auchan
126,32505.40,Food and Drug Stores,U.S.,Walgreen Co.
124,32863.00,"Electronics, Electrical Equip.",Netherlands,Royal Philips Electronics N.V.
125,32632.00,Chemicals,U.S.,The Dow Chemical Company
123,32923.00,General Merchandisers,U.S.,"J.C. Penney Company, Inc."
122,33336.10,Network and Other Communications Equipment,Finland,Nokia Corporation
120,33488.90,"Building Materials, Glass",France,Compagnie de Saint-Gobain
121,33485.00,"Mail, Package, and Freight Delivery",U.S.,"United Parcel Service, Inc."
119,33768.50,Petroleum Refining,South Korea,SK
117,34264.50,Health Care,U.S.,Medco Health Solutions
118,34103.50,Aerospace and Defense,Netherlands,European Aeronautic Defence and Space Company EADS N.V.
116,34529.00,Telecommunications,U.S.,AT&amp;T
115,34933.00,Securities,U.S.,Morgan Stanley
113,35221.60,Telecommunications,Italy,Telecom Italia S.p.A.
114,35050.90,Pharmaceuticals,Britain,GlaxoSmithKline plc
112,35241.80,Petroleum Refining,Norway,Den norske stats oljeselskap a.s
111,35436.00,Food and Drug Stores,U.S.,kuraya
109,35472.60,"Insurance: Life, Health (stock)",Britain,Prudential
110,35443.50,Utilities,Italy,Enel
107,36023.60,Banks: Commercial and Savings,Britain,HBOS plc
108,35552.70,Food and Drug Stores,U.S.,Safeway Inc.
105,36801.30,"Electronics, Electrical Equip.",U.S.,Tyco International Ltd.
106,36261.00,"Insurance: Life, Health (stock)",U.S.,MetLife Inc.
104,36839.00,Diversified Financials,U.S.,Freddie Mac
103,36913.00,"Insurance: Life, Health (Mutual)",Japan,Sumitomo Life Insurance Company
102,37137.00,Petroleum Refining,U.S.,Marathon Oil Corporation
101,37682.10,Banks: Commercial and Savings,Netherlands,ABN AMRO Holding N. V.
497,10841.80,"Engineering, Construction",Japan,"Daiwa House Industry Co., Ltd."
498,10841.30,Telecommunications,Switzerland,Swisscom
499,10830.80,"Engineering, Construction",Japan,Tokyu Corporation
500,10827.20,Banks: Commercial and Savings,Canada,The Toronto-Dominion Bank
482,11327.70,Petroleum Refining,India,Reliance Industries Limited
483,11325.00,Energy,U.S.,TXU Corp.
484,11275.10,"Insurance: Life, Health (stock)",Japan,The Taiyo Life Insurance Co.
485,11258.80,Forest and Paper Products,Finland,UPM-Kymmene Group
486,11251.00,Utilities,U.S.,The Southern Company
487,11238.50,"Insurance: Life, Health (stock)",Canada,Power Corporation of Canada
488,11221.00,Utilities,U.S.,PG&amp;E Corp.
489,11134.00,Household and Personal Products,U.S.,Masco Corporation
490,11111.20,Utilities,Spain,Iberdrola SA
491,11097.60,Chemicals,Japan,Asahi Kasei Corporation
492,11062.50,Health Care,U.S.,Health Net Inc.
493,11051.40,Trading,South Korea,Samsung Corporation
494,11041.20,Banks: Commercial and Savings,Britain,Abbey National plc
495,11033.70,Food and Drug Stores,U.S.,"Great Atlantic &amp; Pacific Tea Company, Inc."
496,11008.50,Health Care,U.S.,PacifiCare Health Systems Inc.
468,11574.00,zMiscellaneous,U.S.,"Waste Management, Inc."
470,11550.60,"Insurance: Life, Health (Mutual)",Japan,Asahi Mutual Life Insurance Co.
471,11544.60,"Engineering, Construction",Japan,"Sekisui House, Ltd."
472,11537.60,Beverages,Britain,Diageo plc
473,11535.80,Banks: Commercial and Savings,Germany,Eurohypo AG
474,11489.90,Railroads,Japan,Kintetsu Corporation
475,11485.50,"Publishing, Printing",Japan,"Toppan Printing Co., Ltd."
476,11479.40,Banks: Commercial and Savings,Denmark,Danske Bank Aktieselskab
477,11447.00,"Insurance: Life, Health (stock)",U.S.,AFLAC
478,11434.00,"Computers, Office Equipment",U.S.,"Sun Microsystems, Inc."
479,11394.00,Insurance: Property and Casualty (Stock),U.S.,Chubb Corporation
480,11366.60,Wholesalers: Health Care,Japan,Kuraya Sanseido Inc.
481,11340.00,Utilities,U.S.,"Public Service Enterprise Group, Inc."
451,11987.90,"Publishing, Printing",Japan,"Dai Nippon Printing Co., Ltd."
452,11962.10,Aerospace and Defense,France,Thales Group
453,11960.00,Banks: Commercial and Savings,Canada,Bank of Nova Scotia
454,11922.40,"Engineering, Construction",Germany,Hochteif A.G.
455,11918.80,"Engineering, Construction",Japan,Obayashi Corporation
456,11904.60,Petroleum Refining,Thailand,PTT Public Company Limited
457,11892.00,Insurance: Property and Casualty (Stock),U.S.,The Progressive Corporation
458,11887.30,"Insurance: Life, Health (stock)",Canada,Manulife Financial Corporation
459,11863.70,Banks: Commercial and Savings,Canada,Canadian Imperial Bank of Commerce
460,11818.00,Computer Services and Software,U.S.,Accenture Ltd.
461,11754.60,Motor Vehicles and Parts,China,Shanghai Automotive Industry Corporation
462,11750.50,Petroleum Refining,India,Hindustan Petroleum Corporation Limited
463,11707.30,Energy,U.S.,"Reliant Energy, Inc."
464,11700.40,Semiconductors and Other Electronic Components,U.S.,Solectron Corporation
465,11684.40,Banks: Commercial and Savings,U.S.,MBNA Corporation
466,11624.90,Trading,Netherlands,SHV Holdings N.V.
467,11588.00,Diversified Financials,U.S.,"Marsh &amp; McLennan Companies, Inc."
437,12358.60,Specialty Retailers,U.S.,"Office Depot, Inc."
438,12352.60,Semiconductors and Other Electronic Components,Canada,Onex Corporation
439,12320.60,Utilities,Japan,"Kyushu Electric Power Co., Inc."
440,12318.70,"Insurance: Life, Health (Mutual)",Japan,"Mitsui Life Insurance Co., Ltd."
441,12317.70,Utilities,U.S.,FirstEnergy Corporation
442,12253.10,Railroads,Japan,Central Japan Railway Company
443,12226.30,Health Care,U.S.,Humana Inc.
444,12194.00,"Building Materials, Glass",Ireland,CRH plc
445,12184.50,Diversified Outsourcing Services,U.S.,Manpower Inc.
446,12176.00,"Electronics, Electrical Equip.",U.S.,Whirlpool Corporation
447,12168.40,Food and Drug Stores,U.S.,"Winn-Dixie Stores, Inc."
448,12156.00,Utilities,U.S.,Edison International
449,12078.00,Utilities,U.S.,"Dominion Resources, Inc."
450,12053.70,Petroleum Refining,India,Bharat Petroleum Corporation Limited
422,12893.10,Petroleum Refining,Finland,Fortum Corporation
423,12805.60,Airlines,Britain,British Airways plc
424,12792.00,Railroads,U.S.,Union Pacific Corporation
425,12785.30,Specialty Retailers,Britain,GUS plc
426,12743.50,Motor Vehicles and Parts,Japan,Fuji Heavy Industries Ltd.
427,12691.50,Petroleum Refining,Japan,"Cosmo Oil Co., Ltd."
428,12662.80,Motor Vehicles and Parts,Japan,Isuzu Motors Limited
429,12653.00,Energy,U.S.,El Paso Corporation
430,12641.60,Telecommunications,Australia,Telstra Corporation Limited
431,12589.80,Energy,U.S.,"Plains All American Pipeline, L.P."
432,12588.60,Petroleum Refining,Spain,"Compania Espanola de Petroleos, S.A."
433,12582.50,Pharmaceuticals,U.S.,Eli Lilly and Company
434,12532.10,Food Services,France,Sodexho Alliance
435,12511.50,"Computers, Office Equipment",Japan,Seiko Epson Corporation
436,12379.40,Shipping,Japan,Nippon Yusen Kabushiki Kaisha
408,13429.50,"Mail, Package, and Freight Delivery",Netherlands,TPG N.V.
409,13343.00,General Merchandisers,U.S.,The May Department Stores Company
410,13327.90,Specialty Retailers,U.S.,"The TJX Companies, Inc."
411,13317.00,"Scientific,Photographic and Control Equipment",U.S.,Eastman Kodak Company
412,13303.10,Banks: Commercial and Savings,China,Agricultural Bank of China
413,13303.00,Airlines,U.S.,"Delta Air Lines, Inc."
414,13294.50,Health Care,U.S.,"Express Scripts, Inc."
415,13290.10,Trading,China,"China Nat&#039;l Cereals, Oils &amp; Foodstuffs Import &amp; Export Corpo"
416,13194.10,Banks: Commercial and Savings,Sweden,Nordea Bank AB
417,13181.20,Specialty Retailers,U.S.,"Staples, Inc."
418,13084.90,zMiscellaneous,Britain,Wolseley plc
419,13054.20,Motor Vehicles and Parts,Germany,Continental AG
420,13001.20,Metals,Britain,Corus Group
421,12973.20,Energy,Netherlands,N.V. Nederlandse Gasunie
401,13659.50,Diversified Financials,U.S.,Countrywide Financial Corporation
402,13658.10,Banks: Commercial and Savings,Italy,San Paolo IMI Spa
403,13654.90,"Electronics, Electrical Equip.",Japan,"Sumitomo Electric Industries, Ltd."
404,13652.00,Metals,Canada,"Alcan , Inc."
405,13515.70,"Insurance: Life, Health (stock)",Australia,AMP Limited
406,13485.40,Telecommunications,South Korea,KT Corporation
407,13473.50,Food and Drug Stores,China,Hutchison Whampoa Limited
297,17430.80,"Mail, Package, and Freight Delivery",Japan,Japan Post
298,17406.30,Wholesalers: Electronics and Office Equipment,U.S.,Tech Data Corporation
299,17330.00,Beverages,U.S.,"Coca-Cola Enterprises, Inc."
300,17316.00,Banks: Commercial and Savings,Germany,Commerzbank A.G.
282,18192.00,zMiscellaneous,U.S.,Cendant Corporation
283,18155.80,Insurance: Property and Casualty (Mutual),France,Caisse Centrale des Assurances Mutuellas Agricoles
284,18109.00,Aerospace and Defense,U.S.,Raytheon Company
285,18092.20,Banks: Commercial and Savings,Italy,UniCredito Italiano SpA
286,18072.00,Food Services,Britain,Compass Group PLC
287,18059.60,Airlines,Germany,Deutsche Lufthansa AG
289,17976.40,Health Care,U.S.,Aetna Inc.
290,17881.40,Tobacco,Japan,Japan Tobacco Inc.
291,17789.10,Banks: Commercial and Savings,Italy,Banca Intesa S.p.a.
292,17669.60,Petroleum Refining,Japan,"Idemitsu Kosan Co., Ltd."
293,17660.00,Motor Vehicles and Parts,U.S.,Visteon Corporation
294,17518.30,General Merchandisers,Japan,"The Daiei, Inc."
295,17493.90,Entertainment,Australia,The News Corporation Limited
296,17440.00,Airlines,U.S.,AMR Corporation
267,18889.10,Banks: Commercial and Savings,Belgium,Dexia Group
268,18878.00,Network and Other Communications Equipment,U.S.,"Cisco Systems, Inc."
269,18849.00,Pharmaceuticals,Britain,AstraZeneca PLC
270,18846.10,Trading,China,Sinochem Corporation
271,18840.50,Utilities,France,Gaz de France
272,18808.00,Health Care,U.S.,CIGNA Corporation
273,18768.00,Utilities,Spain,"Endesa, S.A."
274,18733.00,Insurance: Property and Casualty (Stock),U.S.,Hartford Financial Services Group Inc.
275,18637.00,"Mining, Crude-Oil Production",Britain,Anglo American plc
276,18629.00,Banks: Commercial and Savings,U.S.,"Washington Mutual, Inc."
277,18600.80,Utilities,Japan,"Chubu Electric Power Co., Inc."
278,18391.20,Diversified Outsourcing Services,Switzerland,"Adecco, SA"
279,18294.80,Insurance: Property and Casualty (Stock),Japan,"Mitsui Sumitomo Insurance Co., Ltd."
280,18291.00,Food Consumer Products,U.S.,Sara Lee Corporation
281,18232.00,zMiscellaneous,U.S.,3M
253,19684.10,Tobacco,Britain,British American Tobacco p.l.c.
254,19680.60,Pharmaceuticals,U.S.,Abbott Laboratories
255,19627.10,Industrial and Farm Equipment,France,Alstom S.A.
256,19467.70,Motor Vehicles and Parts,Japan,Suzuki Motor Corporation
257,19464.50,Telecommunications,China,China Telecommunications CorporationCorporation
258,19381.10,Specialty Retailers,U.S.,"AutoNation, Inc."
259,19345.00,Petroleum Refining,Russia,OAO Lukoil
261,19265.60,Energy,U.S.,"The Williams Companies, Inc."
262,19259.10,Insurance: Property and Casualty (Stock),Britain,Royal &amp; Sun Alliance Insurance Group plc
263,19159.00,"Insurance: Life, Health (stock)",South Korea,Samsung Life Insurance
264,19144.90,Banks: Commercial and Savings,Spain,"Banco Bilbao Vizcaya Argentaria, S.A."
265,19114.30,Utilities,South Korea,Korea Electric Power Corporation
266,19014.80,Entertainment,Germany,Bertelsmann AG
238,21012.10,Industrial and Farm Equipment,Japan,"Mitsubishi Heavy Industries, Ltd."
239,20894.00,Pharmaceuticals,U.S.,Bristol-Myers Squibb Company
240,20838.40,Food and Drug Stores,Canada,George Weston Limited
241,20782.10,"Insurance: Life, Health (stock)",China,China Life Insurance(Group) Company
242,20764.70,Telecommunications,China,China Mobile Communications Corporation
243,20757.30,Banks: Commercial and Savings,China,Industrial and Commercial Bank of China
244,20376.30,"Mail, Package, and Freight Delivery",France,La Poste
245,20359.70,Health Care,U.S.,WellPoint Health Networks Inc.
246,20255.00,Forest and Paper Products,U.S.,Georgia-Pacific Corporation
247,20209.70,Wholesalers: Food and Grocery,U.S.,Supervalu Inc.
248,20162.40,Pharmaceuticals,France,Aventis
249,19983.70,"Electronics, Electrical Equip.",Japan,Sharp Corporation
250,19877.30,Motor Vehicles and Parts,Japan,Bridgestone Corporation
251,19873.00,Forest and Paper Products,U.S.,Weyerhaeuser Company
252,19745.50,Banks: Commercial and Savings,Belgium,"Algemene Maatschappij Voor Nuver, N.V."
223,22345.00,Food Production,U.S.,Bunge Limited
224,22304.70,Motor Vehicles and Parts,Japan,Mitsubishi Motors Corporation
225,22203.50,"Electronics, Electrical Equip.",Japan,"Sanyo Electric Co., Ltd."
226,22052.50,Food Consumer Products,U.S.,"ConAgra Foods, Incorporated"
227,21900.00,Metals,Japan,"JFE Holdings, Inc."
228,21808.00,Health Care,U.S.,"HCA, Inc"
229,21728.00,Metals,U.S.,"Alcoa, Inc."
230,21719.90,Food and Drug Stores,Belgium,Delhaize Group
231,21711.90,"Insurance: Life, Health (Mutual)",Britain,The Standard Life Assurance Company0000000000000000000000000
232,21596.00,Computer Services and Software,U.S.,Electronic Data Systems
233,21454.00,Banks: Commercial and Savings,U.S.,Bank One Corporation
234,21363.20,"Engineering, Construction",France,Vinci S.A.
235,21263.00,Telecommunications,U.S.,Comcast Corporation
236,21075.80,"Insurance: Life, Health (Mutual)",U.S.,Massachusetts Mutual Life Insurance Company
237,21044.00,Beverages,U.S.,The Coca-Cola Company
209,22763.00,Industrial and Farm Equipment,U.S.,"Caterpillar, Inc."
210,22730.40,zMiscellaneous,Germany,TUI AG
211,22722.90,Banks: Commercial and Savings,Japan,"UFJ Holdings, Inc."
212,22692.40,Motor Vehicles and Parts,Sweden,AB Volvo
213,22685.10,Motor Vehicles and Parts,Japan,Denso Corporation
214,22667.20,"Scientific,Photographic and Control Equipment",Japan,"Fuji Photo Film Co., Ltd."
215,22646.00,Motor Vehicles and Parts,U.S.,"Johnson Controls, Inc."
216,22635.00,Telecommunications,U.S.,BellSouth Corporation
217,22621.10,Banks: Commercial and Savings,Japan,"Mitsubishi Tokyo Financial Group,Inc."
218,22613.00,Wholesalers: Electronics and Office Equipment,U.S.,"Ingram Micro, Inc."
219,22507.00,Railroads,Japan,East Japan Railway Company
220,22488.10,Utilities,Japan,"The Kansai Electric Power Co., Inc."
221,22487.00,"Mail, Package, and Freight Delivery",U.S.,FedEx Corporation
222,22485.90,Pharmaceuticals,U.S.,"Merck &amp; Co., Inc."
202,23623.00,Securities,U.S.,"Goldman Sachs Group, Inc."
203,23485.00,General Merchandisers,U.S.,Kmart Holding Corporation
204,23483.00,Energy,U.S.,Duke Energy
205,23212.90,Pharmaceuticals,Switzerland,Roche Holding Ltd.
206,23103.00,Aerospace and Defense,U.S.,Honeywell International Inc.
207,23079.00,"Electronics, Electrical Equip.",Switzerland,ABB Ltd.
208,23077.80,Banks: Commercial and Savings,France,Les Caisses d&#039;Epargne et de Pr_voyance
99,37968.60,Petroleum Refining,U.S.,Valero Energy Corp
100,37757.00,Chemicals,Germany,BASF Aktiengesellschaft
85,43440.20,"Electronics, Electrical Equip.",Japan,NEC Corporation
86,43377.00,Household and Personal Products,U.S.,The Procter &amp; Gamble Company
87,42971.00,Utilities,Japan,"The Tokyo Electric Power Co., Inc."
88,42545.60,Specialty Retailers,U.S.,Costco Wholesale Corporation
89,42469.50,Motor Vehicles and Parts,France,Renault S.A.
90,42201.40,"Computers, Office Equipment",Japan,Fujitsu Limited
91,42031.50,Petroleum Refining,Spain,Repsol YPF
92,41862.00,Pharmaceuticals,U.S.,Johnson &amp; Johnson
93,41444.00,"Computers, Office Equipment",U.S.,Dell Inc.
94,41147.60,Motor Vehicles and Parts,Germany,Robert Bosch GmbH
95,41124.00,General Merchandisers,U.S.,Sears Roebuck and Company
96,40843.00,Telecommunications,U.S.,SBC Communications Inc.
97,39188.30,Industrial and Farm Equipment,Germany,ThyssenKrupp AG
98,39100.80,Motor Vehicles and Parts,South Korea,Hyundai Motor Company
71,48163.00,General Merchandisers,U.S.,Target Corporation
72,48065.00,Banks: Commercial and Savings,U.S.,Bank of America Corporation
73,47741.00,Banks: Commercial and Savings,Switzerland,UBS AG
74,46996.50,Motor Vehicles and Parts,Germany,Bayerische Motoren Werke Aktiengesellschaft
75,46651.30,"Mail, Package, and Freight Delivery",Germany,Deutsche Post AG
76,46000.00,Petroleum Refining,Venezuela,"Petroleos de Venezuela, S.A."
77,45950.00,Pharmaceuticals,U.S.,Pfizer Inc.
78,45928.10,Banks: Commercial and Savings,France,Cr_dit Nationale de Cr_dit Agricole
79,45065.60,"Insurance: Life, Health (Mutual)",Japan,The Dai-ichi Mutual Life Insurance Co.
80,44842.50,Energy,France,Suez
81,44363.00,Banks: Commercial and Savings,U.S.,J.P. Morgan Chase &amp; Co.
82,44064.00,"Insurance: Life, Health (Mutual)",Japan,Meiji Yasuda Life Insurance Company
83,43877.00,Entertainment,U.S.,Time Warner Inc.
84,43757.60,Banks: Commercial and Savings,Britain,The Royal Bank of Scotland Group plc
56,53790.80,Food and Drug Stores,U.S.,The Kroger Company
57,53766.90,Diversified Financials,U.S.,Fannie Mae
58,53499.60,Motor Vehicles and Parts,Italy,Fiat S.p.A.
59,52198.10,Telecommunications,France,France T_l_com SA
60,51570.20,Food and Drug Stores,Britain,Tesco PLC
61,51357.00,Insurance: Property and Casualty (Stock),Switzerland,Zurich Financial Services
62,50837.70,Utilities,France,Electricite De France
63,50485.00,Aerospace and Defense,U.S.,The Boeing Company
64,49657.30,Wholesalers: Health Care,U.S.,AmerisourceBergen Corp.
65,49395.50,"Electronics, Electrical Equip.",Japan,Toshiba Corporation
67,48708.90,Trading,Germany,E.ON AG
68,48670.40,Banks: Commercial and Savings,Germany,Deutsche Bank Aktiengesellschaft
69,48406.70,Energy,Germany,RWE Aktiengesellschaft
70,48318.40,Food Consumer Products,Britain/Netherlands,Unilever N.V./ Unilever PLC
42,59719.40,"Insurance: Life, Health (stock)",Britain,"Aviva,plc"
43,59304.40,Petroleum Refining,Italy,ENI S.p.A.
45,58957.10,Banks: Commercial and Savings,Switzerland,Credit Suisse Group
46,58348.00,Utilities,China,State Grid Corporation of China
47,57608.00,Banks: Commercial and Savings,Britain,HSBC Holdings plc
48,57271.80,Banks: Commercial and Savings,France,BNP Paribas
49,56844.50,Telecommunications,Britain,Vodafone Group plc
50,56829.50,Wholesalers: Health Care,U.S.,"Cardinal Health, Inc."
51,56695.20,Banks: Commercial and Savings,Belgium/Netherlands,Fortis
52,56384.50,Petroleum Refining,China,China National Petroleum CorporationCorporation
53,56064.60,Insurance: Property and Casualty (Mutual),U.S.,State Farm Insurance Cos.
54,55062.00,Petroleum Refining,China,China Petrochemical Corp.
55,54400.20,"Electronics, Electrical Equip.",South Korea,"Samsung Electronics Co., Ltd."
27,68529.00,"Mail, Package, and Freight Delivery",U.S.,United States Postal Service
28,67752.00,Telecommunications,U.S.,Verizon Communications Inc.
29,66754.90,"Insurance: Life, Health (stock)",Italy,Assicurazioni Generali
30,66365.70,"Electronics, Electrical Equip.",Japan,Sony Corporation
31,66218.40,"Electronics, Electrical Equip.",Japan,"Matsushita Electric Industrial Co., Ltd."
32,65771.10,Motor Vehicles and Parts,Japan,"Nissan Motor Co., Ltd."
33,65414.60,Food Consumer Products,Switzerland,Nestl_ S.A.
34,64816.00,Specialty Retailers,U.S.,"The Home Depot, Inc."
35,63859.00,Insurance: Property and Casualty (Stock),U.S.,Berkshire Hathaway Inc.
36,63840.70,"Insurance: Life, Health (Mutual)",Japan,Nippon Life Insurance Company
37,63455.80,Food and Drug Stores,Netherlands,Koninklijke Ahold N.V.
38,63195.50,Telecommunications,Germany,Deutsche Telekom AG
40,60704.00,Tobacco,U.S.,"Altria Group, Inc."
41,60656.90,Food and Drug Stores,Germany,Metro AG
12,112937.00,Petroleum Refining,U.S.,ChevronTexaco Corporation
13,111912.20,"Insurance: Life, Health (stock)",France,AXA
14,99468.00,Petroleum Refining,U.S.,ConocoPhillips
15,98636.60,Motor Vehicles and Parts,Germany,Volkswagen AG
16,98229.10,Telecommunications,Japan,Nippon Telegraph &amp; Telephone Corporation
17,95893.30,"Insurance: Life, Health (stock)",Netherlands,ING Group
18,94713.00,Banks: Commercial and Savings,U.S.,"Citigroup, Inc."
19,89131.00,"Computers, Office Equipment",U.S.,International Business Machines Corporation
20,81303.00,Insurance: Property and Casualty (Stock),U.S.,"American International Group,Inc."
21,80501.00,"Electronics, Electrical Equip.",Germany,Siemens Aktiengesellschaft
22,79773.80,Food and Drug Stores,France,Carrefour SA
23,76423.30,"Electronics, Electrical Equip.",Japan,"Hitachi, Ltd."
24,73061.00,"Computers, Office Equipment",U.S.,Hewlett-Packard Company
25,72263.70,Motor Vehicles and Parts,Japan,"Honda Motor Co., Ltd."
26,69506.10,Wholesalers: Health Care,U.S.,McKesson Corporation
1,263009.00,General Merchandisers,U.S.,"Wal-Mart Stores, Inc."
2,232571.00,Petroleum Refining,Britain,BP p.l.c.
3,222883.00,Petroleum Refining,U.S.,Exxon Mobil Corporation
4,201728.00,Petroleum Refining,Britain/Netherlands,Royal Dutch/Shell Group
5,195324.00,Motor Vehicles and Parts,U.S.,General Motors Corporation
6,164505.00,Motor Vehicles and Parts,U.S.,Ford Motor Company
7,156602.20,Motor Vehicles and Parts,Germany,DaimlerChrysler AG
8,153111.00,Motor Vehicles and Parts,Japan,Toyota Motor Corporation
9,134187.00,Diversified Financials,U.S.,General Electric Company
10,118441.40,Petroleum Refining,France,Total
11,114949.90,Insurance: Property and Casualty (Stock),Germany,Allianz AG
