rank,revenues,industry,hqCountry,title
308,19552.00,Aerospace and Defense,U.S.,General Dynamics Corporation
309,19543.30,Metals,China,Shanghai Baosteel Group Corp.
310,19543.20,Wholesalers: Food and Grocery,U.S.,Supervalu Inc.
311,19527.80,Banks: Commercial and Savings,Italy,UniCredito Italiano SpA
312,19103.80,Banks: Commercial and Savings,Canada,Royal Bank of Canada
313,19068.10,Trading,Japan,Sumitomo Corporation
307,19566.00,Food Consumer Products,U.S.,Sara Lee Corporation
326,18590.50,Motor Vehicles and Parts,Germany,MAN Aktiengesellschaft
327,18527.90,Trading,Japan,Itochu Corporation
328,18463.60,Banks: Commercial and Savings,Germany,Commerzbank A.G.
329,18434.80,"Insurance: Life, Health (stock)",Switzerland,Swiss Life Holding
330,18370.40,Motor Vehicles and Parts,U.S.,Goodyear Tire &amp; Rubber Company
331,18329.40,Chemicals,Saudi Arabia,Saudi Basic Industries Corporation
332,18178.70,Food Consumer Products,U.S.,"ConAgra Foods, Incorporated"
319,18813.30,Insurance: Property and Casualty (Stock),Japan,"Mitsui Sumitomo Insurance Co., Ltd."
320,18739.00,Tobacco,Japan,Japan Tobacco Inc.
321,18709.90,Pharmaceuticals,France,Sanofi-Aventis
322,18686.40,Food and Drug Stores,U.S.,"Publix Super Markets, Inc."
323,18683.80,"Insurance: Life, Health (stock)",Canada,Power Corporation of Canada
324,18657.00,Motor Vehicles and Parts,U.S.,Visteon Corporation
325,18645.00,Airlines,U.S.,AMR Corporation
314,19064.70,Food Services,U.S.,McDonald&#039;s Corporation
315,19047.90,Banks: Commercial and Savings,China,China Construction Bank Corporation
316,18928.80,Utilities,China,"China Southern Power Grid Co., Ltd."
317,18870.30,Specialty Retailers,Germany,Otto GmbH &amp; Co. KG
318,18817.00,Petroleum Refining,Japan,Nippon Mining Holdings
349,17126.00,Petroleum Refining,U.S.,Amerada Hess Corporation
350,17099.20,Metals,Britain,Corus Group plc
348,17194.80,Industrial and Farm Equipment,France,Alstom
341,17816.50,zMiscellaneous,Britain,Wolseley plc
342,17806.30,"Insurance: Life, Health (Mutual)",U.S.,Northwestern Mutual Life Insurance Company
343,17782.20,General Merchandisers,Germany,KarstadtQuelle AG
344,17677.10,Insurance: Property and Casualty (Stock),Japan,Sompo Japan Insurance Inc.
346,17358.00,Pharmaceuticals,U.S.,Wyeth
347,17280.80,Food and Drug Stores,China,Hutchison Whampoa Limited
333,18176.00,Health Care,U.S.,CIGNA Corporation
334,18158.00,Beverages,U.S.,"Coca-Cola Enterprises, Inc."
335,18155.20,Banks: Commercial and Savings,Italy,Banca Intesa S.p.a.
337,18006.40,"Mail, Package, and Freight Delivery",Japan,Japan Post
338,17966.10,Network and Other Communications Equipment,Sweden,Telefonaktiebolaget LM Ericsson
339,17960.40,Banks: Commercial and Savings,China,Bank Of China
340,17954.90,"Building Materials, Glass",France,Lafarge
352,17022.70,Trading,Netherlands,SHV Holdings N.V.
353,17020.50,General Merchandisers,Japan,"The Daiei, Inc."
354,17018.90,Motor Vehicles and Parts,Japan,"Aisin Seiki Co., Ltd."
355,16960.00,Motor Vehicles and Parts,U.S.,Lear Corporation
356,16879.70,"Computers, Office Equipment",Japan,"Ricoh Company, Ltd."
357,16816.40,Food and Drug Stores,U.S.,Rite Aid Corporation
358,16705.80,"Insurance: Life, Health (stock)",Canada,Sun Life Financial Inc.
374,15962.00,Banks: Commercial and Savings,U.S.,"Washington Mutual, Inc."
375,15908.20,Semiconductors and Other Electronic Components,Singapore,"Flextronics International, Ltd."
376,15899.00,Banks: Commercial and Savings,Brazil,Banco Bradesco S.A.
377,15892.00,"Engineering, Construction",Japan,Taisei Corporation
378,15849.10,Computer Services and Software,U.S.,Computer Sciences Corporation
379,15839.00,Aerospace and Defense,Canada,Bombardier Inc.
351,17039.50,Food Consumer Products,France,Groupe Danone
367,16338.40,Food and Drug Stores,Switzerland,Migros-Genossenschafts-Bund
368,16314.00,"Mail, Package, and Freight Delivery",Japan,"Nippon Express Co., Ltd."
369,16304.70,Wholesalers: Health Care,Britain,Alliance Unichem PLC
370,16267.00,Specialty Retailers,U.S.,"The Gap, Inc."
371,16239.50,"Electronics, Electrical Equip.",Taiwan,"Hon Hai Precision Industry Co., Ltd."
372,16192.00,"Electronics, Electrical Equip.",Japan,"Sumitomo Electric Industries, Ltd."
373,16023.30,Petroleum Refining,Thailand,PTT Public Company Limited
360,16536.70,Insurance: Property and Casualty (Stock),Britain,Royal &amp; Sun Alliance Insurance Group plc
361,16522.80,"Mail, Package, and Freight Delivery",Britain,Royal Mail Holdings plc
362,16508.20,"Engineering, Construction",Sweden,Skanska AB
363,16435.10,Banks: Commercial and Savings,Germany,Bayerische Landesbank Girozentrale
364,16424.90,"Electronics, Electrical Equip.",Sweden,AB Electrolux
365,16418.90,zMiscellaneous,France,Christian Dior S.A.
366,16391.00,Airlines,U.S.,UAL Corporation
394,15400.90,Household and Personal Products,U.S.,Kimberly-Clark Corporation
395,15334.80,Petroleum Refining,U.S.,Premcor Inc.
396,15296.50,Petroleum Refining,Japan,"Cosmo Oil Co., Ltd."
397,15284.60,Banks: Commercial and Savings,China,Agricultural Bank of China
398,15273.50,"Building Materials, Glass",Ireland,CRH plc
399,15254.70,Network and Other Communications Equipment,France,Alcatel
400,15218.90,Banks: Commercial and Savings,Germany,KFW Bankengruppe
359,16664.90,Aerospace and Defense,Britain,BAE Systems plc
385,15668.20,Motor Vehicles and Parts,Germany,Continental AG
386,15650.00,Petroleum Refining,Spain,"Compania Espanola de Petroleos, S.A."
387,15630.00,General Merchandisers,U.S.,"Federated Department Stores, Inc."
388,15615.00,"Electronics, Electrical Equip.",U.S.,Emerson Electric Co.
390,15499.90,Wholesalers: Health Care,Japan,Mediceo Holdings Co. Ltd.
391,15433.10,Utilities,Sweden,Vattenfall AB
392,15417.40,Forest and Paper Products,Finland,Stora Enso Oyj
393,15406.30,Chemicals,South Korea,Hanwha Corporation
380,15780.80,Chemicals,Netherlands,Akzo Nobel N.V.
381,15722.00,"Computers, Office Equipment",U.S.,Xerox Corporation
382,15720.20,Utilities,Britain,National Grid Transco PLC
383,15714.90,"Mail, Package, and Freight Delivery",Netherlands,TNT N.V.
384,15700.60,"Engineering, Construction",Japan,Kajima Corporation
306,19701.00,General Merchandisers,U.S.,Kmart Holding Corporation
305,19734.10,Specialty Retailers,U.S.,"Autonation, Inc."
304,19750.40,Motor Vehicles and Parts,Japan,Mitsubishi Motors Corporation
303,19754.00,Insurance: Property and Casualty (Stock),U.S.,Liberty Mutual Insurance Group
302,19790.30,Wholesalers: Electronics and Office Equipment,U.S.,Tech Data Corporation
301,19817.80,Airlines,Japan,Japan Airlines Corporation
200,26553.40,Motor Vehicles and Parts,U.S.,"Johnson Controls, Inc."
199,26651.30,Telecommunications,France,Vivendi Universal S.A.
198,26722.00,Forest and Paper Products,U.S.,International Paper Company
197,26978.70,Insurance: Property and Casualty (Stock),Japan,Millea Holdings
195,27140.10,Banks: Commercial and Savings,Germany,Bayerische Hypo-und Vereinsbank Aktiengesellschaft
196,27054.80,Entertainment,U.S.,Viacom Inc.
194,27170.10,Telecommunications,Japan,KDDI
193,27175.50,"Insurance: Life, Health (Mutual)",U.S.,New York Life Insurance Company
192,27428.00,Telecommunications,U.S.,Sprint Corporation
191,27433.00,Specialty Retailers,U.S.,Best Buy Co. Inc.
190,27436.10,Railroads,France,Societe Nationale des Chemins de Fer Francais
188,27995.00,Chemicals,U.S.,E.I. du Pont de Nemours
187,28067.00,Banks: Commercial and Savings,U.S.,Wachovia Corporation
186,28247.00,Pharmaceuticals,Switzerland,Novartis Group
184,28278.70,Banks: Commercial and Savings,Japan,Mizuho Financial Group
185,28273.70,Trading,Japan,Marubeni Corporation
183,28348.00,"Insurance: Life, Health (stock)",U.S.,"Prudential Financial, Inc."
182,28427.80,Food and Drug Stores,Britain,J. Sainsbury plc
181,28513.20,Banks: Commercial and Savings,Netherlands,Rabobank Group
180,28622.00,Motor Vehicles and Parts,U.S.,Delphi Corporation
178,28810.00,Petroleum Refining,Russia,OAO Lukoil0
179,28643.10,Motor Vehicles and Parts,Sweden,AB Volvo
176,29045.10,Insurance: Property and Casualty (Stock),Switzerland,Swiss Reinsurance Company
177,28925.00,Banks: Commercial and Savings,Britain,Lloyds TSB Group plc
175,29106.50,"Engineering, Construction",France,Bouygues SA
173,29174.90,Banks: Commercial and Savings,France,Les Caisses d&#039;Epargne et de Pr_voyance
174,29115.00,Diversified Financials,U.S.,American Express Company
172,29261.00,Food Consumer Products,U.S.,"PepsiCo, Inc."
171,29335.40,Wholesalers: Food and Grocery,U.S.,Sysco Corporation
170,29643.20,Petroleum Refining,India,Indian Oil Corporation Limited
168,29803.00,Railroads,Germany,Deutsche Bahn AG
167,29839.00,Securities,U.S.,"The Goldman Sachs Group, Inc."
165,30114.80,General Merchandisers,France,"PPR, SA"
166,29868.00,Aerospace and Defense,U.S.,Northrop Grumman Corporation
164,30244.50,Wholesalers: Health Care,Germany,Franz Haniel &amp; Cie. GmbH
163,30251.00,Industrial and Farm Equipment,U.S.,"Caterpillar, Inc."
162,30537.00,Telecommunications,U.S.,AT&amp;T Corp.
161,30594.30,Food and Drug Stores,U.S.,CVS Corporation
160,30687.70,Utilities,France,Veolia Environnement SA
159,30752.00,Entertainment,U.S.,The Walt Disney Company
158,31000.20,"Insurance: Life, Health (Mutual)",Japan,Sumitomo Life Insurance Company
157,31536.90,Metals,Japan,Nippon Steel Corporation
155,31803.60,Banks: Commercial and Savings,Spain,Santander Central Hispano Group
156,31735.40,"Electronics, Electrical Equip.",Japan,Mitsubishi Electric Corporation
154,32071.50,"Computers, Office Equipment",Japan,Canon Inc.
152,32411.20,Banks: Commercial and Savings,France,Soci_t_ G_n_rale
153,32261.90,Banks: Commercial and Savings,Germany,DZ Bank Deutsche Zentral-Genossenschaftsbank Aktiengesellsch
151,32467.00,Securities,U.S.,"Merrill Lynch &amp; Co., Inc."
150,32564.00,Diversified Financials,U.S.,Freddie Mac
149,32735.00,Trading,Japan,Mitsubishi Corporation
148,32805.90,Trading,Japan,"Mitsui &amp; Co., Ltd."
147,33318.20,Banks: Commercial and Savings,Japan,Sumitomo Mitsui Financial Group
145,33631.90,Food and Drug Stores,Japan,"Ito-Yokado Co., Ltd."
146,33536.90,Utilities,Britain,Centrica plc
144,33876.00,Banks: Commercial and Savings,U.S.,Wells Fargo &amp; Company
142,34150.70,Petroleum Refining,Japan,Nippon Oil Corporation
143,33936.00,Insurance: Property and Casualty (Stock),U.S.,The Allstate Corporation
140,34672.70,Telecommunications,Britain,BT Group plc
141,34209.00,Semiconductors and Other Electronic Components,U.S.,Intel Corporation
139,35089.50,Energy,Russia,OAO Gazprom
138,35349.00,Network and Other Communications Equipment,U.S.,"Motorola, Inc."
136,35463.40,"Insurance: Life, Health (stock)",Netherlands,AEGON N.V.
137,35351.90,Health Care,U.S.,"Medco Health Solutions, Inc."
135,35526.00,Aerospace and Defense,U.S.,Lockheed Martin Corporation
134,35822.90,Food and Drug Stores,U.S.,Safeway Inc.
133,36064.80,Petroleum Refining,Malaysia,Petroliam Nasional Berhad
132,36099.00,General Merchandisers,U.S.,"Sears, Roebuck and Company"
131,36151.40,Food Production,U.S.,Archer-Daniels-Midland Company
130,36401.20,Network and Other Communications Equipment,Finland,Nokia Corporation
128,36582.00,"Mail, Package, and Freight Delivery",U.S.,"United Parcel Service, Inc."
127,36835.00,Computer Services and Software,U.S.,Microsoft Corporation
124,37011.90,Chemicals,Germany,Bayer AG
126,36942.90,"Insurance: Life, Health (stock)",France,CNP Assurances S.A.
122,37304.20,Pharmaceuticals,Britain,GlaxoSmithKline plc
123,37218.00,Health Care,U.S.,"UnitedHealth Group, Incorporated"
121,37370.10,Food and Drug Stores,France,Groupe Auchan
120,37445.00,Aerospace and Defense,U.S.,United Technologies Corporation
119,37508.20,Food and Drug Stores,U.S.,Walgreen Co.
117,37691.60,Petroleum Refining,South Korea,SK Corp
118,37531.70,Metals,Luxembourg,Arcelor S.A.
115,37757.50,"Electronics, Electrical Equip.",South Korea,LG Electronics
116,37709.60,"Electronics, Electrical Equip.",Netherlands,Royal Philips Electronics N.V.
113,38835.10,"Insurance: Life, Health (Mutual)",Japan,Meiji Yasuda Life Insurance Company
111,39228.20,Telecommunications,Italy,Telecom Italia S.p.A.
112,38943.60,Food and Drug Stores,Japan,"AEON Co., Ltd."
110,39347.20,Banks: Commercial and Savings,Britain,Barclays Plc
109,39503.10,Aerospace and Defense,Netherlands,European Aeronautic Defence and Space Company EADS N.V.
108,39535.00,"Insurance: Life, Health (stock)",U.S.,"MetLife, Inc."
107,39549.00,Securities,U.S.,Morgan Stanley
106,39831.50,"Building Materials, Glass",France,Compagnie de Saint-Gobain
104,40161.00,Chemicals,U.S.,The Dow Chemical Company
103,41042.00,"Electronics, Electrical Equip.",U.S.,Tyco International Ltd.
102,41098.00,Telecommunications,U.S.,SBC Communications Inc.
101,42319.00,Banks: Commercial and Savings,Netherlands,ABN AMRO Holding N.V.
490,12618.40,Banks: Commercial and Savings,Australia,Australia &amp; New Zealand Banking
491,12580.00,Semiconductors and Other Electronic Components,U.S.,Texas Instruments Incorporated
492,12549.70,Energy,U.S.,"Constellation Energy Group, Inc."
493,12516.00,zMiscellaneous,U.S.,"Waste Management, Inc."
494,12504.20,Banks: Commercial and Savings,Canada,Bank of Nova Scotia
495,12496.00,Health Care,U.S.,Tenet Healthcare Corporation
496,12471.50,Motor Vehicles and Parts,Japan,"Yamaha Motor Co., Ltd."
497,12443.80,Beverages,Netherlands,Heineken Holding N.V.
498,12433.40,Household and Personal Products,Sweden,Svenska Cellulosa Aktiebolaget SCA
499,12433.00,"Mining, Crude-Oil Production",Canada,EnCana Corporation
500,12431.00,Household and Personal Products,U.S.,Masco Corporation
476,12949.00,Utilities,U.S.,FirstEnergy Corp.
477,12943.30,Banks: Commercial and Savings,Australia,Westpac Banking Corporation
478,12903.20,Semiconductors and Other Electronic Components,U.S.,Solectron Corporation
479,12892.00,"Electronics, Electrical Equip.",France,Schneider Electric SA
480,12890.30,Banks: Commercial and Savings,Denmark,Danske Bank Aktieselskab
481,12859.70,Homebuilders,U.S.,Centex Corporation
482,12828.80,Utilities,Spain,Iberdrola SA
483,12819.00,Chemicals,Japan,Asahi Kasei Corporation
484,12814.70,Energy,U.S.,"The Williams Companies, Inc."
485,12796.30,Aerospace and Defense,France,Thales Group
486,12719.50,Homebuilders,Japan,"Sekisui House, Ltd."
487,12709.40,Homebuilders,Japan,"Daiwa House Industry Co., Ltd."
488,12661.80,Banks: Commercial and Savings,Canada,Canadian Imperial Bank of Commerce
489,12635.20,Utilities,Britain,Scottish Power plc
460,13548.30,Banks: Commercial and Savings,Germany,WestLB
461,13459.20,Motor Vehicles and Parts,Japan,Fuji Heavy Industries Ltd.
462,13433.80,Metals,Japan,Kobe Steel Ltd.
463,13368.00,Telecommunications,U.S.,"Nextel Communications, Inc."
464,13350.30,Industrial and Farm Equipment,Japan,Komatsu Ltd.
465,13281.00,"Insurance: Life, Health (stock)",U.S.,AFLAC Incorporated
466,13270.20,Specialty Retailers,U.S.,OfficeMax Incorporated
467,13258.60,"Publishing, Printing",Japan,"Dai Nippon Printing Co., Ltd."
468,13220.00,"Electronics, Electrical Equip.",U.S.,Whirlpool Corporation
469,13177.20,Insurance: Property and Casualty (Stock),U.S.,The Chubb Corporation
470,13173.90,Household and Personal Products,Germany,Henkel KGaA
471,13152.90,"Publishing, Printing",Japan,"Toppan Printing Co., Ltd."
472,13114.90,Railroads,Japan,Central Japan Railway Company
473,13107.80,Utilities,Japan,"Kyushu Electric Power Co., Inc."
474,13104.30,Health Care,U.S.,Humana Inc.
475,13069.70,"Engineering, Construction",Japan,Obayashi Corporation
445,13857.90,Pharmaceuticals,U.S.,Eli Lilly and Company
446,13844.30,Trading,South Korea,SK Networks Company Limited
447,13829.00,"Scientific,Photographic and Control Equipment",U.S.,Eastman Kodak Company
448,13825.40,Motor Vehicles and Parts,China,China First Automotive Works Group
449,13816.90,Energy,France,AREVA Group
450,13811.20,"Engineering, Construction",Japan,Shimizu Corporation
451,13809.00,Telecommunications,U.S.,Qwest Communications International Inc.
452,13782.10,Insurance: Property and Casualty (Stock),U.S.,The Progressive Corporation
453,13768.60,"Computers, Office Equipment",Japan,Seiko Epson Corporation
454,13751.70,"Mining, Crude-Oil Production",India,"Oil &amp; Natural Gas Corporation, Ltd."
455,13673.60,Computer Services and Software,U.S.,Accenture Ltd.
456,13647.80,"Building Materials, Glass",Japan,"Asahi Glass Co., Ltd."
457,13614.80,Semiconductors and Other Electronic Components,Canada,Onex Corporation
458,13580.60,Banks: Commercial and Savings,Sweden,Nordea Bank AB
459,13564.70,Specialty Retailers,U.S.,"Office Depot, Inc."
428,14441.00,General Merchandisers,U.S.,The May Department Stores Company
429,14436.90,Petroleum Refining,India,Bharat Petroleum Corporation Limited
430,14418.50,Wholesalers: Food and Grocery,Germany,Edeka Zentrale AG
431,14414.10,Airlines,Britain,British Airways plc
432,14366.10,Specialty Retailers,Britain,GUS plc
433,14357.00,Energy,U.S.,American electric Power Company
434,14189.40,Trading,China,"China Nat&#039;l Cereals, Oils &amp; Foodstuffs Import &amp; Export Corpo"
435,14152.90,"Engineering, Construction",Spain,"Actividades de Construccion y Servicios, S.A."
436,14114.90,Petroleum Refining,India,Hindustan Petroleum Corporation Limited
437,14108.00,Metals,U.S.,United States Steel Corporation
438,14060.90,Specialty Retailers,Britain,Kingfisher plc
439,14050.70,Diversified Financials,U.S.,Countrywide Financial Corporation
440,13980.00,Utilities,U.S.,"Dominion Resources, Inc."
441,13952.50,Banks: Commercial and Savings,Germany,Eurohypo AG
442,13919.20,Trading,South Korea,Samsung Corporation
443,13899.80,Food Services,France,Sodexho Alliance
444,13897.20,Motor Vehicles and Parts,Japan,Isuzu Motors Limited
412,14930.00,Temporary Help,U.S.,Manpower Inc.
413,14913.50,Specialty Retailers,U.S.,"The TJX Companies, Inc."
414,14901.10,Telecommunications,South Korea,KT Corporation
415,14899.00,Banks: Commercial and Savings,Italy,San Paolo IMI Spa
416,14841.50,Telecommunications,Canada,BCE Inc.
417,14841.00,Petroleum Refining,India,Reliance Industries Limited
418,14828.10,Telecommunications,Netherlands,Royal KPN N.V.
419,14768.50,Banks: Commercial and Savings,Brazil,Banco Do Brasil S.A.
420,14705.70,Banks: Commercial and Savings,U.S.,U.S. Bancorp
421,14652.60,General Merchandisers,Britain,Marks &amp; Spencer Group plc
422,14600.80,"Insurance: Life, Health (stock)",Australia,AMP Limited
423,14584.20,Insurance: Property and Casualty (Stock),U.S.,Loews Corporation
424,14515.00,Utilities,U.S.,Exelon Corporation
425,14508.50,Petroleum Refining,Finland,Fortum Corporation
426,14465.00,Utilities,Mexico,Comision Federal De Electricidad
427,14448.40,Specialty Retailers,U.S.,"Staples, Inc."
401,15193.10,Telecommunications,Australia,Telstra Corporation Limited
402,15189.50,Petroleum Refining,Taiwan,Chinese Petroleum Corp.
403,15185.70,"Hotels, Casinos, Resorts",Britain,William Hill PLC
404,15117.20,Energy,Netherlands,N.V. Nederlandse Gasunie
405,15114.70,Health Care,U.S.,"Express Scripts, Inc."
406,15083.90,Banks: Commercial and Savings,Australia,Commonwealth Bank of Australia
407,15066.30,"Engineering, Construction",Germany,Hochtief A.G.
408,15002.00,Airlines,U.S.,"Delta Air Lines, Inc."
409,14994.20,Utilities,Japan,"Tohoku Electric Power Co., Inc."
410,14944.30,Shipping,Japan,Nippon Yusen Kabushiki Kaisha
411,14934.20,Beverages,U.S.,"Anheuser-Busch Companies, Inc."
290,20307.00,Telecommunications,U.S.,Comcast Corporation
291,20292.00,Banks: Commercial and Savings,Belgium,Dexia Group
292,20245.00,Aerospace and Defense,U.S.,Raytheon Company
293,20237.20,Insurance: Property and Casualty (Mutual),France,Caisse Centrale des Assurances Mutuellas Agricoles
295,20011.00,zMiscellaneous,U.S.,3M
296,19986.10,Industrial and Farm Equipment,U.S.,Deere &amp; Company
297,19979.00,zMiscellaneous,U.S.,Cendant Corporation
298,19904.10,Health Care,U.S.,Aetna Inc.
299,19876.00,Forest and Paper Products,U.S.,Georgia-Pacific Corporation
300,19849.00,Utilities,Japan,"Chubu Electric Power Co., Inc."
276,20929.10,Metals,South Korea,POSCO
277,20914.20,Utilities,South Korea,Korea Electric Power Corporation
278,20892.10,"Insurance: Life, Health (stock)",Britain,Old Mutual plc
279,20855.40,"Insurance: Life, Health (stock)",Canada,Manulife Financial Corporation
280,20815.10,Health Care,U.S.,"WellPoint, Inc."
282,20802.00,Entertainment,U.S.,News Corporation
283,20653.00,Motor Vehicles and Parts,Canada,"Magna International, Inc."
284,20558.00,Insurance: Property and Casualty (Stock),U.S.,Nationwide Mutual Insurance Co.
285,20473.10,Pharmaceuticals,U.S.,Abbott Laboratories
286,20466.00,"Engineering, Construction",U.S.,Halliburton Company
287,20380.70,Trading,China,Sinochem Corporation
288,20372.30,Chemicals,Japan,Mitsubishi Chemical Corporation
289,20334.50,Food and Drug Stores,Australia,Woolworths Limited
261,21769.80,"Insurance: Life, Health (stock)",Britain,Legal &amp; General Group Plc
262,21561.80,Telecommunications,China,China Telecommunications CorporationCorporation
263,21556.90,"Insurance: Life, Health (stock)",Japan,"T&amp;D Holdings, Inc."
264,21450.80,Banks: Commercial and Savings,Japan,"UFJ Holdings, Inc."
265,21441.20,Temporary Help,Switzerland,"Adecco, S.A."
266,21434.90,Petroleum Refining,Japan,"Idemitsu Kosan Co., Ltd."
267,21426.00,Pharmaceuticals,Britain,AstraZeneca PLC
268,21335.50,Banks: Commercial and Savings,Spain,"Banco Bilbao Vizcaya Argentaria, S.A."
269,21313.90,Banks: Commercial and Savings,Australia,National Australia Bank Limited
270,21250.00,Securities,U.S.,"Lehman Brothers Holdings, Inc."
271,21163.80,Entertainment,Germany,Bertelsmann AG
272,21103.80,Food Services,Britain,Compass Group PLC
273,21100.40,Airlines,Germany,Deutsche Lufthansa AG
274,21033.00,Computer Services and Software,U.S.,Electronic Data Systems
275,20975.50,Energy,U.S.,"Plains All American Pipeline, L.P."
247,22615.00,Telecommunications,U.S.,"MCI, Inc."
248,22602.90,Utilities,Russia,Unified Energy System of Russia
249,22548.20,Utilities,France,Gaz de France
250,22350.00,Motor Vehicles and Parts,Japan,Bridgestone Corporation
251,22347.90,"Insurance: Life, Health (stock)",South Korea,Samsung Life Insurance
252,22264.30,Food and Drug Stores,Britain,William Morrison Supermarkets PLC
253,22197.00,Metals,Netherlands,Mittal Steel Company N.V.
254,22045.00,Network and Other Communications Equipment,U.S.,"Cisco Systems, Inc."
255,22010.90,Motor Vehicles and Parts,Japan,Suzuki Motor Corporation
256,21969.80,Utilities,Spain,"Endesa, S.A."
257,21962.00,Beverages,U.S.,The Coca-Cola Company
258,21886.00,Industrial and Farm Equipment,Switzerland,ABB Ltd.
258,21886.00,Pharmaceuticals,U.S.,Bristol-Myers Squibb Company
260,21792.50,"Hotels, Casinos, Resorts",Britain,Hilton Group plc
231,23293.90,zMiscellaneous,Germany,TUI AG
232,23254.90,"Mining, Crude-Oil Production",Germany,RAG Aktiengesellschaft
233,23229.70,"Mail, Package, and Freight Delivery",France,La Poste
234,23226.00,Petroleum Refining,U.S.,"Sunoco, Inc."
235,23184.40,Food and Drug Stores,Australia,Coles Myer Ltd.
236,23159.20,"Insurance: Life, Health (Mutual)",U.S.,Massachusetts Mutual Life Insurance Company
237,23118.80,"Electronics, Electrical Equip.",Japan,"Sanyo Electric Co., Ltd."
238,23015.40,Food and Drug Stores,Canada,George Weston Limited
239,22938.60,Pharmaceuticals,U.S.,"Merck &amp; Co., Inc."
240,22934.00,Insurance: Property and Casualty (Stock),U.S.,"The St. Paul Travelers Companies, Inc."
241,22887.00,"Mining, Crude-Oil Production",Australia,BHP Billiton Limited
242,22793.00,Food and Drug Stores,Belgium,Delhaize Group
243,22779.00,Energy,U.S.,Duke Energy
244,22729.00,Telecommunications,U.S.,BellSouth Corporation
245,22693.00,Insurance: Property and Casualty (Stock),U.S.,The Hartford Financial Services Group Inc.
246,22665.00,Forest and Paper Products,U.S.,Weyerhaeuser Company
216,24552.90,Metals,Norway,Norsk Hydro ASA
217,24457.50,Banks: Commercial and Savings,Japan,"Mitsubishi Tokyo Financial Group,Inc."
218,24401.10,Banks: Commercial and Savings,Belgium,"Algemene Maatschappij Voor Nuver, N.V."
219,24317.70,Utilities,Japan,"The Kansai Electric Power Co., Inc."
220,24201.30,Tobacco,Britain,British American Tobacco p.l.c.
221,24106.00,Industrial and Farm Equipment,Japan,"Mitsubishi Heavy Industries, Ltd."
222,24011.30,Airlines,France,Air France-KLM
223,23960.00,Metals,U.S.,"Alcoa, Inc."
224,23957.60,Telecommunications,China,China Mobile Communications Corporation
225,23632.60,"Electronics, Electrical Equip.",Japan,Sharp Corporation
226,23610.50,Railroads,Japan,East Japan Railway Company
227,23516.40,"Scientific,Photographic and Control Equipment",Japan,"Fuji Photo Film Co., Ltd."
228,23502.00,Health Care,U.S.,HCA Inc
229,23444.60,Banks: Commercial and Savings,China,Industrial and Commercial Bank of China
230,23411.30,"Insurance: Life, Health (Mutual)",U.S.,Teachers Insurance and Annuity Association College Retiremen
202,26087.60,Metals,Japan,"JFE Holdings, Inc."
203,26052.70,Motor Vehicles and Parts,Japan,Denso Corporation
204,25801.10,Health Care,U.S.,"Caremark Rx, Inc."
205,25678.00,General Merchandisers,U.S.,"J.C. Penney Company, Inc."
206,25601.00,Aerospace and Defense,U.S.,Honeywell International Inc.
207,25462.10,Wholesalers: Electronics and Office Equipment,U.S.,"Ingram Micro, Inc."
208,25168.00,Food Production,U.S.,Bunge Limited
209,25166.30,Pharmaceuticals,Switzerland,Roche Holding Ltd.
210,25106.30,"Engineering, Construction",France,Vinci
211,25081.40,Motor Vehicles and Parts,Japan,Mazda Motor Corporation
212,24980.60,"Insurance: Life, Health (stock)",China,China Life Insurance(Group) Company
213,24930.00,"Mining, Crude-Oil Production",Britain,Anglo American plc
214,24885.00,Metals,Canada,"Alcan , Inc."
215,24710.00,"Mail, Package, and Freight Delivery",U.S.,FedEx Corporation
201,26441.00,Food Production,U.S.,"Tyson Foods, Inc."
93,45530.40,Utilities,Italy,Enel S.p.a.
94,45444.00,Petroleum Refining,U.S.,Marathon Oil Corporation
95,45440.00,Petroleum Refining,Norway,Den norske stats oljeselskap a.s
96,45175.50,"Computers, Office Equipment",Japan,NEC Corporation
97,44857.50,Petroleum Refining,Spain,Repsol YPF
98,44468.80,"Insurance: Life, Health (Mutual)",Japan,The Dai-ichi Mutual Life Insurance Co.
99,44316.00,"Computers, Office Equipment",Japan,Fujitsu Limited
100,42869.00,Entertainment,U.S.,Time Warner Inc.
78,50951.90,Energy,Germany,RWE Aktiengesellschaft
79,50670.10,Energy,France,Suez
80,50639.70,Motor Vehicles and Parts,France,Renault S.A.
81,49960.70,Food Consumer Products,Britain/Netherlands,Unilever N.V./ Unilever PLC
82,49934.00,General Merchandisers,U.S.,Target Corporation
83,49759.20,Motor Vehicles and Parts,Germany,Robert Bosch GmbH
84,49205.00,"Computers, Office Equipment",U.S.,Dell Inc.
85,48756.10,Industrial and Farm Equipment,Germany,ThyssenKrupp AG
86,48107.00,Specialty Retailers,U.S.,Costco Wholesale Corporation
87,47755.70,Banks: Commercial and Savings,Britain,HBOS plc
88,47348.00,Pharmaceuticals,U.S.,Johnson &amp; Johnson
89,47055.80,"Insurance: Life, Health (stock)",Britain,Prudential plc
90,46962.70,Utilities,Japan,"The Tokyo Electric Power Co., Inc."
91,46686.60,Chemicals,Germany,BASF Aktiengesellschaft
92,46358.20,Motor Vehicles and Parts,South Korea,Hyundai Motor Company
62,58818.90,Insurance: Property and Casualty (Mutual),U.S.,State Farm Insurance Cos.
63,58652.10,Telecommunications,France,France T_l_com SA
64,58367.20,Utilities,France,Electricite De France
65,56931.00,Banks: Commercial and Savings,U.S.,J.P. Morgan Chase &amp; Co.
66,56917.80,Banks: Commercial and Savings,Switzerland,UBS AG
67,56434.40,Food and Drug Stores,U.S.,The Kroger Company
68,55669.50,Banks: Commercial and Savings,Germany,Deutsche Bank Aktiengesellschaft
69,55652.10,Energy,Germany,E.ON AG
70,55388.40,"Mail, Package, and Freight Delivery",Germany,Deutsche Post AG
71,55142.20,Motor Vehicles and Parts,Germany,Bayerische Motoren Werke Aktiengesellschaft
72,54303.50,"Electronics, Electrical Equip.",Japan,Toshiba Corporation
73,53918.60,Petroleum Refining,U.S.,Valero Energy Corporation
74,53179.00,Wholesalers: Health Care,U.S.,AmerisourceBergen Corp.
75,52921.00,Pharmaceuticals,U.S.,Pfizer Inc.
76,52553.00,Aerospace and Defense,U.S.,Boeing
77,51407.00,Household and Personal Products,U.S.,The Procter &amp; Gamble Company
48,65130.60,Wholesalers: Health Care,U.S.,"Cardinal Health, Inc."
49,64675.60,Food and Drug Stores,Netherlands,Koninklijke Ahold N.V.
50,64440.00,Tobacco,U.S.,"Altria Group, Inc."
52,63324.00,Banks: Commercial and Savings,U.S.,Bank of America Corporation
53,62971.40,Telecommunications,Britain,Vodafone Group plc
54,62458.70,Food and Drug Stores,Britain,Tesco PLC
56,60520.80,"Insurance: Life, Health (Mutual)",Japan,Nippon Life Insurance Company
57,59972.90,Motor Vehicles and Parts,Italy,Fiat S.p.A.
58,59750.00,Banks: Commercial and Savings,Britain,The Royal Bank of Scotland Group plc
59,59678.00,Insurance: Property and Casualty (Stock),Switzerland,Zurich Financial Services
60,59053.80,Banks: Commercial and Savings,France,Cr_dit Nationale de Cr_dit Agricole
61,58825.00,Banks: Commercial and Savings,Switzerland,Credit Suisse Group
34,73094.00,Specialty Retailers,U.S.,"The Home Depot, Inc."
35,73025.20,"Insurance: Life, Health (stock)",Britain,"Aviva,plc"
36,72550.00,Banks: Commercial and Savings,Britain,HSBC Holdings plc
37,71988.90,Telecommunications,Germany,Deutsche Telekom AG
38,71563.30,Telecommunications,U.S.,Verizon Communications Inc.
39,71555.90,"Electronics, Electrical Equip.",South Korea,"Samsung Electronics Co., Ltd."
40,71290.20,Utilities,China,State Grid Corporation of China
42,70159.30,Food and Drug Stores,Germany,Metro AG
43,69825.70,Food Consumer Products,Switzerland,Nestl_ S.A.
44,68996.00,"Mail, Package, and Freight Delivery",U.S.,United States Postal Service
45,68654.40,Banks: Commercial and Savings,France,BNP Paribas
46,67723.80,Petroleum Refining,China,China National Petroleum CorporationCorporation
47,66618.00,"Electronics, Electrical Equip.",Japan,Sony Corporation
20,96293.00,"Computers, Office Equipment",U.S.,International Business Machines Corporation
21,91493.20,"Electronics, Electrical Equip.",Germany,Siemens Aktiengesellschaft
22,90381.70,Food and Drug Stores,France,Carrefour SA
23,83993.90,"Electronics, Electrical Equip.",Japan,"Hitachi, Ltd."
24,83267.60,"Insurance: Life, Health (stock)",Italy,Assicurazioni Generali
25,81077.70,"Electronics, Electrical Equip.",Japan,"Matsushita Electric Industrial Co., Ltd."
26,80514.60,Wholesalers: Health Care,U.S.,McKesson Corporation
27,80486.60,Motor Vehicles and Parts,Japan,"Honda Motor Co., Ltd."
28,79905.00,"Computers, Office Equipment",U.S.,Hewlett-Packard Company
29,79799.60,Motor Vehicles and Parts,Japan,"Nissan Motor Co., Ltd."
30,75518.10,Banks: Commercial and Savings,Belgium/Netherlands,Fortis SA/NV
31,75076.70,Petroleum Refining,China,China Petrochemical Corp.
32,74382.00,Insurance: Property and Casualty (Stock),U.S.,Berkshire Hathaway Inc.
33,74227.70,Petroleum Refining,Italy,ENI S.p.A.
8,172233.00,Motor Vehicles and Parts,U.S.,Ford Motor Company
9,152866.00,Diversified Financials,U.S.,General Electric Company
10,152609.50,Petroleum Refining,France,Total S.A.
11,147967.00,Petroleum Refining,U.S.,Chevron Corporation
12,121663.00,Petroleum Refining,U.S.,ConocoPhillips
13,121606.30,"Insurance: Life, Health (stock)",France,AXA
14,118937.20,Insurance: Property and Casualty (Stock),Germany,Allianz AG
15,110648.70,Motor Vehicles and Parts,Germany,Volkswagen AG
16,108276.00,Banks: Commercial and Savings,U.S.,"Citigroup, Inc."
17,105886.40,"Insurance: Life, Health (stock)",Netherlands,ING Group
18,100545.30,Telecommunications,Japan,Nippon Telegraph &amp; Telephone Corporation
19,97987.00,Insurance: Property and Casualty (Stock),U.S.,"American International Group,Inc."
1,287989.00,General Merchandisers,U.S.,"Wal-Mart Stores, Inc."
2,285059.00,Petroleum Refining,Britain,BP p.l.c.
3,270772.00,Petroleum Refining,U.S.,Exxon Mobil Corporation
4,268690.00,Petroleum Refining,Britain/Netherlands,Royal Dutch/Shell Group
5,193517.00,Motor Vehicles and Parts,U.S.,General Motors Corporation
6,176687.50,Motor Vehicles and Parts,Germany,DaimlerChrysler AG
7,172616.30,Motor Vehicles and Parts,Japan,Toyota Motor Corporation
