rank,revenues,industry,hqCountry,title
307,20865.50,Chemicals,Saudi Arabia,Saudi Basic Industries Corporation
308,20806.20,Wholesalers: Other,Britain,Wolseley plc
309,20744.80,Food and Drug Stores,U.S.,"Publix Super Markets, Inc."
305,21004.20,General Merchandisers,Germany,Karstadt Quelle AG
306,20994.00,"Oil and Gas Equipment, Services",U.S.,Halliburton Company
325,19842.50,"Building Materials, Glass",France,Lafarge S.A.
326,19727.00,Food Consumer Products,U.S.,Sara Lee Corporation
327,19723.00,Motor Vehicles and Parts,U.S.,Goodyear Tire &amp; Rubber Company
328,19592.10,Trading,Japan,Itochu Corporation
318,20460.20,Food Services,U.S.,McDonald&#039;s Corporation
319,20311.60,Network and Other Communications Equipment,Sweden,Telefonaktiebolaget LM Ericsson
320,20228.30,Aerospace and Defense,Britain,BAE Systems plc
321,20222.00,Pharmaceuticals,U.S.,Bristol-Myers Squibb Company
323,19959.90,Banks: Commercial and Savings,Brazil,Banco do Brasil S.A.
324,19863.60,Food and Drug Stores,U.S.,Supervalu Inc.
312,20712.00,Airlines,U.S.,AMR Corporation
313,20659.00,Metals,Canada,"Alcan , Inc."
314,20613.00,Telecommunications,U.S.,BellSouth Corporation
315,20542.10,Wholesalers: Electronics and Office Equipment,U.S.,Tech Data Corporation
316,20537.00,Computer Services and Software,U.S.,Electronic Data Systems
317,20485.20,"Mail, Package, and Freight Delivery",Italy,Poste Italiane SpA
310,20742.00,"Mining, Crude-Oil Production",Britain,Rio Tinto Group
311,20721.00,Banks: Commercial and Savings,Germany,Commerzbank A.G.
345,18725.10,Motor Vehicles and Parts,Japan,Mitsubishi Motors Corporation
346,18706.00,Beverages,U.S.,"Coca-Cola Enterprises, Inc."
347,18645.90,Banks: Commercial and Savings,Italy,Banca Intesa S.p.a.
348,18608.60,Insurance: Property and Casualty (Stock),Japan,"Mitsui Sumitomo Insurance Co., Ltd."
349,18606.00,Chemicals,U.S.,Lyondell Chemical Company
338,18994.00,Utilities,Japan,"Chubu Electric Power Co., Inc."
339,18968.00,General Merchandisers,U.S.,"J.C. Penney Company, Inc."
340,18944.00,Utilities,U.S.,Duke Energy Corporation
341,18825.70,Trading,Netherlands,SHV Holdings N.V.
342,18773.30,Petroleum Refining,India,Reliance Industries Limited
343,18755.80,Pharmaceuticals,U.S.,Wyeth
344,18729.70,Motor Vehicles and Parts,Japan,"Aisin Seiki Co., Ltd."
331,19468.50,"Insurance: Life, Health (stock)",Taiwan,Cathay Financial Holdings Company
332,19468.00,Specialty Retailers,U.S.,"Autonation, Inc."
333,19425.70,Airlines,Japan,Japan Airlines Corporation
334,19389.50,Petroleum Refining,Austria,OMV Group
336,19220.80,"Insurance: Life, Health (Mutual)",U.S.,Northwestern Mutual Life Insurance Company
337,19100.00,Petroleum Refining,Japan,"Cosmo Oil Co., Ltd."
352,18429.00,Metals,Britain,Corus Group plc
353,18311.70,Energy,Netherlands,Gasunie Trade &amp; Supply B.V.
354,18229.70,Motor Vehicles and Parts,Germany,MAN Aktiengesellschaft
355,18096.60,Utilities,Britain,Scottish &amp; Southern Energy Plc
356,18087.60,"Insurance: Life, Health (stock)",Canada,Sun Life Financial Inc.
329,19530.60,"Hotels, Casinos, Resorts",Britain,William Hill PLC
330,19471.00,zMiscellaneous,U.S.,Cendant Corporation
351,18536.90,Diversified Financials,U.S.,Countrywide Financial Corporation
372,17305.00,"Electronics, Electrical Equip.",U.S.,Emerson Electric Co.
373,17286.20,"Insurance: Life, Health (stock)",Switzerland,Swiss Life Holding
374,17279.60,Utilities,Sweden,Vattenfall AB
375,17271.00,Food and Drug Stores,U.S.,Rite Aid Corporation
376,17193.60,Motor Vehicles and Parts,Germany,Continental AG
350,18576.60,Banks: Commercial and Savings,Australia,Commonwealth Bank of Australia
365,17742.20,Tobacco,Japan,Japan Tobacco Inc.
366,17727.70,"Electronics, Electrical Equip.",Japan,"Sumitomo Electric Industries, Ltd."
367,17670.00,Petroleum Refining,Russia,Rosneft Oil Company
368,17613.80,Petroleum Refining,India,Bharat Petroleum Corporation Limited
369,17379.00,Airlines,U.S.,UAL Corporation
370,17374.80,Energy,U.S.,"Constellation Energy Group, Inc."
371,17321.20,"Electronics, Electrical Equip.",Sweden,AB Electrolux
357,18086.80,Apparel,France,Christian Dior S.A.
360,18041.00,Utilities,U.S.,"Dominion Resources, Inc."
361,17954.20,"Building Materials, Glass",Ireland,CRH plc
362,17896.40,Banks: Commercial and Savings,Germany,Bayerische Landesbank Girozentrale
363,17858.60,Specialty Retailers,Germany,Otto GmbH &amp; Co. KG
364,17853.10,Banks: Commercial and Savings,South Korea,Kookmin Bank
397,16748.70,Telecommunications,South Korea,KT Corporation
389,16965.00,"Engineering, Construction",Germany,Hochtief A.G.
390,16947.80,Tobacco,Britain,British American Tobacco p.l.c.
391,16914.70,"Computers, Office Equipment",Japan,"Ricoh Company, Ltd."
392,16885.20,Banks: Commercial and Savings,Italy,San Paolo IMI Spa
393,16852.60,Industrial and Farm Equipment,France,Alstom
394,16840.50,Utilities,Britain,National Grid plc
395,16825.00,Utilities,Mexico,Comision Federal De Electricidad
396,16801.00,"Mining, Crude-Oil Production",Canada,EnCana Corporation
383,17042.90,Telecommunications,Australia,Telstra Corporation Limited
384,17040.20,Shipping,Japan,Nippon Yusen Kabushiki Kaisha
385,17000.50,"Mail, Package, and Freight Delivery",Japan,Japan Post
386,16976.00,Motor Vehicles and Parts,U.S.,Visteon Corporation
387,16974.70,"Mail, Package, and Freight Delivery",Netherlands,TNT N.V.
388,16973.20,Wholesalers: Health Care,Japan,"Mediceo Paltac Holdings Co., Ltd."
377,17165.60,Banks: Commercial and Savings,China,Agricultural Bank of China
378,17106.40,Petroleum Refining,India,Hindustan Petroleum Corporation Limited
379,17094.40,Computer Services and Software,U.S.,Accenture Ltd.
380,17089.20,Motor Vehicles and Parts,U.S.,Lear Corporation
381,17068.50,Chemicals,South Korea,Hanwha Corporation
382,17059.40,Insurance: Property and Casualty (Stock),Japan,Sompo Japan Insurance Inc.
400,16678.80,"Engineering, Construction",Sweden,Skanska AB
399,16684.00,Health Care: Insurance and Managed Care,U.S.,CIGNA Corporation
398,16719.20,Telecommunications,Mexico,América Telecom.S.A. de C.V.
303,21093.80,Insurance: Property and Casualty (Mutual),France,Caisse Centrale des Assurances Mutuellas Agricoles
304,21089.00,Trading,China,Sinochem Corporation
302,21161.00,Insurance: Property and Casualty (Stock),U.S.,Liberty Mutual Insurance Group
301,21167.00,zMiscellaneous,U.S.,3M Company
199,29167.10,Banks: Commercial and Savings,China,Industrial and Commercial Bank of China
200,28862.00,Aerospace and Defense,U.S.,Honeywell International Inc.
196,29434.00,"Mining, Crude-Oil Production",Britain,Anglo American plc
197,29363.00,"Mail, Package, and Freight Delivery",U.S.,FedEx Corporation
195,29587.00,"Mining, Crude-Oil Production",Australia,BHP Billiton Limited
194,30029.80,Insurance: Property and Casualty (Stock),Japan,Millea Holdings
193,30080.00,Diversified Financials,U.S.,American Express Company
191,30548.40,"Engineering, Construction",France,Bouygues SA
192,30281.90,Wholesalers: Other,U.S.,Sysco Corporation
190,30721.00,Aerospace and Defense,U.S.,Northrop Grumman Corporation
189,30848.00,Specialty Retailers,U.S.,Best Buy Co. Inc.
188,31132.40,Railroads,Germany,Deutsche Bahn AG
187,31176.00,Petroleum Refining,U.S.,"Sunoco, Inc."
186,31177.30,Energy,U.S.,"Plains All American Pipeline, L.P."
185,31368.40,Utilities,France,Veolia Environnement SA
184,31421.50,Banks: Commercial and Savings,Japan,Mizuho Financial Group
183,31659.30,Banks: Commercial and Savings,Netherlands,Rabobank Group
182,31708.00,"Insurance: Life, Health (stock)",U.S.,"Prudential Financial, Inc."
181,31833.40,"Electronics, Electrical Equip.",Japan,Mitsubishi Electric Corporation
180,31944.00,Entertainment,U.S.,The Walt Disney Company
179,32172.50,Wholesalers: Health Care,Germany,Franz Haniel &amp; Cie. GmbH
177,32212.00,Pharmaceuticals,Switzerland,Novartis Group
178,32183.60,Motor Vehicles and Parts,Sweden,AB Volvo
176,32420.00,Securities,U.S.,"Lehman Brothers Holdings, Inc."
175,32562.00,Food Consumer Products,U.S.,"PepsiCo, Inc."
173,32991.30,Health Care: Other,U.S.,"Caremark Rx, Inc."
174,32725.00,Banks: Commercial and Savings,Japan,Sumitomo Mitsui Financial Group
172,33452.10,"Insurance: Life, Health (Mutual)",Britain,The Standard Life Assurance Company
171,33632.40,"Insurance: Life, Health (Mutual)",Japan,Meiji Yasuda Life Insurance Company
170,34091.60,"Computers, Office Equipment",Japan,Canon Inc.
167,34554.50,Banks: Commercial and Savings,Germany,DZ Bank Deutsche Zentral-Genossenschaftsbank Aktiengesellsch
168,34501.80,Metals,Japan,Nippon Steel Corporation
166,34625.70,"Insurance: Life, Health (Mutual)",Japan,Sumitomo Life Insurance Company
165,34680.00,Telecommunications,U.S.,Sprint Nextel Corporation
163,34804.20,Chemicals,Germany,Bayer AG
164,34717.30,Food and Drug Stores,Japan,"Seven &amp; I Holdings Co., Ltd."
162,34808.30,Telecommunications,Britain,BT Group plc
160,35383.00,Insurance: Property and Casualty (Stock),U.S.,The Allstate Corporation
159,35429.20,Pharmaceuticals,France,Sanofi-Aventis
158,35908.00,Banks: Commercial and Savings,U.S.,Wachovia Corporation
157,35943.80,Food Production,U.S.,Archer-Daniels-Midland Company
156,36339.00,Industrial and Farm Equipment,U.S.,"Caterpillar, Inc."
155,36349.30,Trading,Japan,"Mitsui &amp; Co., Ltd."
154,36526.00,Diversified Financials,U.S.,Freddie Mac
153,36537.00,Petroleum Refining,India,Indian Oil Corporation Limited
152,36843.00,Network and Other Communications Equipment,U.S.,"Motorola, Inc."
151,37006.20,Food and Drug Stores,U.S.,CVS Corporation
150,37213.00,Aerospace and Defense,U.S.,Lockheed Martin Corporation
149,37694.40,"Insurance: Life, Health (stock)",Netherlands,AEGON N.V.
148,37870.90,Health Care: Other,U.S.,"Medco Health Solutions, Inc."
147,37925.60,Banks: Commercial and Savings,Japan,"Mitsubishi UFJ Financial Group, Inc."
146,38416.00,Food and Drug Stores,U.S.,Safeway Inc.
145,38579.10,"Electronics, Electrical Equip.",Netherlands,Royal Philips Electronics N.V.
144,38826.00,Semiconductors and Other Electronic Components,U.S.,Intel Corporation
142,39480.60,Food and Drug Stores,Japan,"AEON Co., Ltd."
143,39366.10,Pharmaceuticals,Britain,GlaxoSmithKline plc
141,39764.50,Telecommunications,Italy,Telecom Italia S.p.A.
140,39788.00,Computer Services and Software,U.S.,Microsoft Corporation
139,40397.00,Food and Drug Stores,U.S.,"Albertson&#039;s, Inc."
137,40521.30,Metals,Luxembourg,Arcelor S.A.
138,40407.00,Banks: Commercial and Savings,U.S.,Wells Fargo &amp; Company
136,41780.00,"Electronics, Electrical Equip.",U.S.,Tyco International Ltd.
135,42073.20,Food and Drug Stores,France,Groupe Auchan
134,42201.60,Food and Drug Stores,U.S.,Walgreen Co.
133,42319.40,"Computers, Office Equipment",Japan,Fujitsu Limited
132,42320.50,Utilities,Italy,Enel S.p.a.
131,42484.50,Network and Other Communications Equipment,Finland,Nokia Corporation
130,42503.10,Aerospace and Defense,Netherlands,European Aeronautic Defence and Space Company EADS N.V.
129,42581.00,"Mail, Package, and Freight Delivery",U.S.,"United Parcel Service, Inc."
128,42615.40,"Computers, Office Equipment",Japan,NEC Corporation
127,42633.20,Trading,Japan,Mitsubishi Corporation
126,42725.00,Aerospace and Defense,U.S.,United Technologies Corporation
125,43243.00,Specialty Retailers,U.S.,"Lowe&#039;s Companies, Inc."
124,43391.00,Securities,U.S.,"The Goldman Sachs Group, Inc."
123,43626.40,"Building Materials, Glass",France,Compagnie de Saint-Gobain
122,43652.00,Entertainment,U.S.,Time Warner Inc.
121,43862.00,Telecommunications,U.S.,AT&amp;T Inc.
120,44280.40,Petroleum Refining,Malaysia,Petroliam Nasional Berhad
118,45071.20,Petroleum Refining,Japan,Nippon Oil Corporation
119,44597.80,"Insurance: Life, Health (Mutual)",Japan,The Dai-ichi Mutual Life Insurance Co.
117,45136.00,Health Care: Insurance and Managed Care,U.S.,"WellPoint, Inc."
115,46284.00,Petroleum Refining,Russia,OAO Lukoil
116,45365.00,Health Care: Insurance and Managed Care,U.S.,UnitedHealth Group Incorporated
114,46307.00,Chemicals,U.S.,The Dow Chemical Company
113,46418.30,Utilities,Japan,"The Tokyo Electric Power Co., Inc."
111,47142.60,Petroleum Refining,South Korea,SK Corp
112,46983.00,"Insurance: Life, Health (stock)",U.S.,"MetLife, Inc."
110,47783.00,Securities,U.S.,"Merrill Lynch &amp; Company, Inc."
109,48474.90,"Insurance: Life, Health (stock)",France,CNP Assurances S.A.
107,49124.00,General Merchandisers,U.S.,Sears Holdings Corporation
105,50346.20,Energy,Germany,RWE Aktiengesellschaft
106,49580.80,Food Consumer Products,Britain/Netherlands,Unilever N.V./ Unilever PLC
103,50634.30,Banks: Commercial and Savings,Britain,Barclays Plc
104,50514.00,Pharmaceuticals,U.S.,Johnson &amp; Johnson
102,50824.40,Energy,Russia,OAO Gazprom
101,51353.00,Pharmaceuticals,U.S.,Pfizer Inc.
488,14082.30,Insurance: Property and Casualty (Stock),U.S.,The Chubb Corporation
489,14057.40,Motor Vehicles and Parts,U.S.,Paccar Inc.
490,14039.00,Metals,U.S.,United States Steel Corporation
491,13971.50,Motor Vehicles and Parts,Japan,Isuzu Motors Limited
492,13931.00,"Computers, Office Equipment",U.S.,"Apple Computer, Inc."
493,13909.20,General Merchandisers,Britain,Marks &amp; Spencer Group plc
494,13903.00,Telecommunications,U.S.,Qwest Communications International Inc.
495,13870.30,Homebuilders,U.S.,Lennar Corporation
496,13863.70,Homebuilders,U.S.,"D.R. Horton, Inc."
497,13863.50,"Building Materials, Glass",Japan,"Asahi Glass Co., Ltd."
498,13755.80,Banks: Commercial and Savings,India,State Bank of India
499,13748.50,Chemicals,Japan,"Sumitomo Chemical Co., Ltd."
500,13739.70,Apparel,U.S.,"Nike, Inc."
472,14483.30,Beverages,Belgium,Inbev NV
473,14418.10,Health Care: Insurance and Managed Care,U.S.,Humana Inc.
474,14395.50,Semiconductors and Other Electronic Components,Canada,Onex Corporation
475,14365.20,Motor Vehicles and Parts,China,Shanghai Automotive Industry Corporation
476,14363.00,"Insurance: Life, Health (stock)",U.S.,AFLAC Incorporated
477,14317.20,"Oil and Gas Equipment, Services",U.S.,Schlumberger Limited
478,14317.00,"Electronics, Electrical Equip.",U.S.,Whirlpool Corporation
479,14303.40,Insurance: Property and Casualty (Stock),U.S.,The Progressive Corporation
480,14278.90,Specialty Retailers,U.S.,"Office Depot, Inc."
481,14277.90,"Insurance: Life, Health (stock)",Britain,Friends Provident plc
482,14268.00,"Scientific,Photographic and Control Equipment",U.S.,Eastman Kodak Company
483,14196.30,Energy,France,AREVA Group
484,14172.00,Utilities,Britain,Scottish Power plc
485,14138.90,"Engineering, Construction",China,China Railway Construction Corporation
486,14122.40,"Engineering, Construction",China,China State Construction Engineering Corporation
487,14118.50,Specialty Retailers,Britain,GUS plc
455,14895.50,Homebuilders,U.S.,"Pulte Homes, Inc."
456,14878.50,Household and Personal Products,Germany,Henkel KGaA
457,14831.20,Telecommunications,Netherlands,Royal KPN N.V.
458,14819.50,"Building Materials, Glass",Switzerland,Holcim Ltd.
459,14819.00,Food Services,France,Sodexho Alliance
460,14798.90,Banks: Commercial and Savings,Sweden,Nordea Bank AB
461,14726.30,Metals,Japan,Kobe Steel Ltd.
462,14662.10,Utilities,Japan,"Tohoku Electric Power Co., Inc."
463,14653.80,Trading,China,"China Nat&#039;l Cereals, Oils &amp; Foodstuffs Import &amp; Export Corpo"
464,14645.30,Pharmaceuticals,U.S.,Eli Lilly and Company
465,14623.60,Computer Services and Software,U.S.,Computer Sciences Corporation
466,14585.50,Utilities,Spain,Iberdrola SA
467,14570.50,Trading,South Korea,SK Networks Company Limited
468,14536.40,Entertainment,U.S.,CBS Corporation
469,14511.70,"Electronics, Electrical Equip.",France,Schneider Electric SA
470,14510.80,Motor Vehicles and Parts,China,China First Automotive Works Group
471,14483.80,Specialty Retailers,Britain,Kingfisher plc
439,15363.30,Insurance: Property and Casualty (Stock),U.S.,Loews Corporation
440,15327.60,Banks: Commercial and Savings,Canada,The Toronto-Dominion Bank
441,15293.70,"Engineering, Construction",China,China Railway Engineering Corporation
442,15188.70,Airlines,Britain,British Airways plc
443,15153.60,"Mining, Crude-Oil Production",Russia,Surgutneftegas
444,15129.50,Aerospace and Defense,Italy,Finmeccanica SpA
445,15113.70,Trading,South Korea,Samsung Corporation
446,15054.20,Banks: Commercial and Savings,Canada,Bank of Nova Scotia
447,15052.30,"Engineering, Construction",Spain,"Actividades de Construccion y Servicios, S.A."
448,15035.70,Beverages,U.S.,"Anheuser-Busch Companies, Inc."
449,15032.40,Industrial and Farm Equipment,Japan,Komatsu Ltd.
450,14956.50,Telecommunications,Mexico,Carso Global Telecom S.A. de C.V.
451,14934.50,"Building Materials, Glass",Mexico,"Cemex, S.A. de C.V."
452,14927.90,General Merchandisers,Japan,"The Daiei, Inc."
453,14903.00,Aerospace and Defense,Canada,Bombardier Inc.
454,14900.50,"Computers, Office Equipment",Taiwan,"Quanta Computer, Inc."
424,15916.40,Wholesalers: Other,Germany,Edeka Zentrale AG
425,15902.60,Household and Personal Products,U.S.,Kimberly-Clark Corporation
426,15844.50,"Mail, Package, and Freight Delivery",Japan,"Nippon Express Co., Ltd."
427,15835.00,Securities,Japan,"Nomura Holdings, Inc."
428,15827.40,Banks: Commercial and Savings,Germany,KFW Bankengruppe
429,15790.80,Tobacco,Spain,"Altadis, S.A."
430,15715.30,Banks: Commercial and Savings,Australia,Westpac Banking Corporation
431,15701.00,"Computers, Office Equipment",U.S.,Xerox Corporation
432,15679.80,"Engineering, Construction",Japan,Kajima Corporation
433,15566.00,Semiconductors and Other Electronic Components,Singapore,"Flextronics International, Ltd."
434,15515.70,Food Consumer Products,U.S.,"ConAgra Foods, Incorporated"
435,15465.10,Homebuilders,U.S.,Centex Corporation
436,15431.90,Banks: Commercial and Savings,Canada,Canadian Imperial Bank of Commerce
437,15405.00,Utilities,U.S.,Exelon Corporation
438,15403.50,"Engineering, Construction",Japan,Taisei Corporation
408,16386.30,Forest and Paper Products,Finland,Stora Enso Oyj
409,16357.80,Food and Drug Stores,Switzerland,Migros-Genossenschafts-Bund
410,16339.70,Banks: Commercial and Savings,Spain,"Banco Bilbao Vizcaya Argentaria, S.A."
411,16321.10,Network and Other Communications Equipment,France,Alcatel
412,16286.00,"Mining, Crude-Oil Production",U.S.,Occidental Petroleum Corporation
413,16266.00,Health Care: Other,U.S.,"Express Scripts, Inc."
414,16191.00,Airlines,U.S.,"Delta Air Lines, Inc."
417,16153.70,"Mail, Package, and Freight Delivery",Britain,Royal Mail Holdings plc
418,16153.30,Chemicals,Netherlands,Akzo Nobel N.V.
419,16080.40,Temporary Help,U.S.,Manpower Inc.
420,16078.90,Specialty Retailers,U.S.,"Staples, Inc."
421,16057.90,Specialty Retailers,U.S.,"The TJX Companies, Inc."
422,16023.00,Specialty Retailers,U.S.,"The Gap, Inc."
423,15940.40,Banks: Commercial and Savings,Australia,Australia &amp; New Zealand Banking Group Limited
401,16668.30,Wholesalers: Health Care,Britain,Alliance Unichem PLC
402,16609.20,"Mining, Crude-Oil Production",India,"Oil and Natural Gas Corporation, Ltd."
403,16596.00,Banks: Commercial and Savings,U.S.,U.S. Bancorp
404,16535.90,Banks: Commercial and Savings,Germany,WestLB
405,16506.40,Telecommunications,Canada,BCE Inc.
406,16473.00,Petroleum Refining,U.S.,Tesoro Corporation
407,16455.30,Food Consumer Products,France,Groupe Danone
289,22011.90,Pharmaceuticals,U.S.,"Merck &amp; Co., Inc."
290,21962.10,"Insurance: Life, Health (stock)",Canada,Power Corporation of Canada
291,21939.30,Food and Drug Stores,Britain,William Morrison Supermarkets PLC
292,21930.50,Industrial and Farm Equipment,U.S.,Deere &amp; Company
293,21894.00,Aerospace and Defense,U.S.,Raytheon Company
294,21832.00,Insurance: Property and Casualty (Stock),U.S.,Nationwide Mutual Insurance Co.
295,21588.80,"Insurance: Life, Health (stock)",Japan,"T&amp;D Holdings, Inc."
296,21501.40,Metals,China,Baosteel Group Corporation
297,21326.00,Banks: Commercial and Savings,U.S.,"Washington Mutual, Inc."
298,21290.00,Aerospace and Defense,U.S.,General Dynamics Corporation
299,21276.60,Chemicals,Japan,Mitsubishi Chemical Holdings Corporation
300,21171.30,"Electronics, Electrical Equip.",Japan,"Sanyo Electric Co., Ltd."
273,22811.00,Motor Vehicles and Parts,Canada,"Magna International, Inc."
274,22799.90,Trading,Japan,Sumitomo Corporation
275,22798.80,"Insurance: Life, Health (Mutual)",U.S.,Massachusetts Financial Group
276,22779.10,Utilities,Japan,"The Kansai Electric Power Co., Inc."
277,22770.60,Banks: Commercial and Savings,China,China Construction Bank Corporation
278,22742.70,Temporary Help,Switzerland,"Adecco, S.A."
279,22735.80,Telecommunications,China,China Telecommunications Corporation
280,22650.70,Utilities,Spain,"Endesa, S.A."
281,22642.00,Industrial and Farm Equipment,Switzerland,ABB Ltd.
282,22446.90,Airlines,Germany,Deutsche Lufthansa AG
283,22337.80,Pharmaceuticals,U.S.,Abbott Laboratories
284,22336.50,Banks: Commercial and Savings,Denmark,Danske Bank Aktieselskab
285,22255.00,Telecommunications,U.S.,Comcast Corporation
286,22230.70,Banks: Commercial and Savings,Italy,UniCredito Italiano SpA
287,22229.50,Entertainment,Germany,Bertelsmann AG
288,22075.00,General Merchandisers,France,"PPR, SA"
258,23560.20,"Scientific,Photographic and Control Equipment",Japan,"Fuji Photo Film Co., Ltd."
259,23474.80,Food and Drug Stores,China,Hutchison Whampoa Limited
260,23468.70,Food Services,Britain,Compass Group PLC
261,23364.90,zMiscellaneous,Germany,TUI AG
262,23347.00,General Merchandisers,U.S.,"Federated Department Stores, Inc."
263,23255.00,Petroleum Refining,U.S.,Hess Corp.
264,23162.00,Food and Drug Stores,Belgium,Delhaize Group
265,23109.00,Petroleum Refining,Thailand,PTT Public Company Limited
266,23105.00,Utilities,China,"China Southern Power Grid Co., Ltd."
267,23104.00,Beverages,U.S.,The Coca-Cola Company
268,23000.00,Forest and Paper Products,U.S.,Weyerhaeuser Company
269,22920.40,Banks: Commercial and Savings,Brazil,Banco Bradesco S.A.
270,22896.90,Railroads,Japan,East Japan Railway Company
271,22885.00,Health Care: Insurance and Managed Care,U.S.,Aetna Inc.
272,22879.30,Banks: Commercial and Savings,Belgium,KBC Group N.V.
246,24365.00,Insurance: Property and Casualty (Stock),U.S.,"The St. Paul Travelers Companies, Inc."
247,24275.00,Food Production,U.S.,Bunge Limited
248,24271.00,"Hotels, Casinos, Resorts",Britain,Ladbrokes plc
249,24257.60,Motor Vehicles and Parts,Japan,Suzuki Motor Corporation
250,24145.60,Banks: Commercial and Savings,Canada,Royal Bank of Canada
251,24035.70,Food and Drug Stores,Australia,Woolworths Limited
252,24017.50,"Mail, Package, and Freight Delivery",France,La Poste
253,23950.00,Pharmaceuticals,Britain,AstraZeneca PLC
255,23860.10,Banks: Commercial and Savings,China,Bank of China Limited
256,23859.00,Entertainment,U.S.,News Corporation
257,23615.30,Petroleum Refining,Japan,Nippon Mining Holdings
231,26014.00,Food Production,U.S.,"Tyson Foods, Inc."
232,25947.20,Food and Drug Stores,Canada,George Weston Limited
233,25916.80,"Insurance: Life, Health (Mutual)",U.S.,Teachers Insurance and Annuity Association College Retiremen
234,25797.00,Forest and Paper Products,U.S.,International Paper Company
235,25788.90,Motor Vehicles and Parts,Japan,Mazda Motor Corporation
236,25677.80,Metals,South Korea,POSCO
237,25370.00,Petroleum Refining,Japan,"Idemitsu Kosan Co., Ltd."
238,25062.70,Utilities,Britain,Centrica plc
239,25061.30,Telecommunications,France,Vivendi
240,24841.00,Utilities,South Korea,Korea Electric Power Corporation
241,24801.00,Network and Other Communications Equipment,U.S.,"Cisco Systems, Inc."
242,24705.00,"Electronics, Electrical Equip.",Japan,Sharp Corporation
243,24660.80,Industrial and Farm Equipment,Japan,"Mitsubishi Heavy Industries, Ltd."
244,24455.00,Health Care: Other,U.S.,HCA Inc
245,24440.20,Motor Vehicles and Parts,Japan,Bridgestone Corporation
214,27762.10,"Mining, Crude-Oil Production",Germany,RAG Aktiengesellschaft
215,27732.20,Trading,Japan,Marubeni Corporation
216,27408.80,Food and Drug Stores,Australia,Coles Myer Ltd.
217,27389.20,"Insurance: Life, Health (stock)",China,China Life Insurance(Group) Company
218,27365.90,Metals,Japan,"JFE Holdings, Inc."
219,27201.00,Motor Vehicles and Parts,U.S.,Delphi Corporation
220,27083.00,Insurance: Property and Casualty (Stock),U.S.,The Hartford Financial Services Group Inc.
221,27034.10,Telecommunications,Japan,KDDI Corporation
222,27032.80,Metals,Norway,Norsk Hydro ASA
223,26991.50,"Engineering, Construction",France,Vinci
224,26692.30,"Insurance: Life, Health (stock)",South Korea,Samsung Life Insurance
225,26601.00,Metals,U.S.,"Alcoa, Inc."
226,26471.40,Banks: Commercial and Savings,Australia,National Australia Bank Limited
227,26446.50,"Insurance: Life, Health (stock)",Canada,Manulife Financial Corporation
228,26098.90,Airlines,France,Air France-KLM
229,26086.40,Railroads,France,Societe Nationale des Chemins de Fer Francais
230,26084.10,"Insurance: Life, Health (stock)",Britain,Old Mutual plc
201,28808.30,Wholesalers: Electronics and Office Equipment,U.S.,Ingram Micro Inc.
202,28777.80,Telecommunications,China,China Mobile Communications Corporation
203,28649.00,Food and Drug Stores,Britain,J. Sainsbury plc
204,28495.60,Pharmaceuticals,Switzerland,Roche Holding Ltd.
205,28491.00,Chemicals,U.S.,E.I. du Pont de Nemours
206,28350.10,"Electronics, Electrical Equip.",Taiwan,"Hon Hai Precision Industry Co., Ltd."
207,28160.40,Motor Vehicles and Parts,Japan,Denso Corporation
208,28132.00,Metals,Netherlands,Mittal Steel Company N.V.
209,28092.80,Insurance: Property and Casualty (Stock),Switzerland,Swiss Reinsurance Company
210,28051.00,"Insurance: Life, Health (Mutual)",U.S.,New York Life Insurance Company
211,28019.50,Motor Vehicles and Parts,U.S.,"Johnson Controls, Inc."
212,27826.00,Utilities,France,Gaz de France
213,27768.10,Utilities,Russia,Unified Energy System of Russia
95,52935.20,Specialty Retailers,U.S.,Costco Wholesale Corporation
96,52742.90,Energy,France,Suez
97,52620.00,General Merchandisers,U.S.,Target Corporation
98,52498.00,Securities,U.S.,Morgan Stanley
99,52207.60,Motor Vehicles and Parts,Germany,Robert Bosch GmbH
100,51365.10,Motor Vehicles and Parts,France,Renault S.A.
87,56028.00,"Electronics, Electrical Equip.",Japan,Toshiba Corporation
88,55908.00,"Computers, Office Equipment",U.S.,Dell Inc.
89,55407.00,Banks: Commercial and Savings,Britain,Lloyds TSB Group plc
90,55260.70,Industrial and Farm Equipment,Germany,ThyssenKrupp AG
91,54848.00,Aerospace and Defense,U.S.,The Boeing Company
92,54589.60,Wholesalers: Health Care,U.S.,AmerisourceBergen Corp.
93,53848.80,Banks: Commercial and Savings,Spain,Santander Central Hispano Group
94,53113.30,Chemicals,Germany,BASF Aktiengesellschaft
71,60932.90,Telecommunications,France,France Télécom SA
72,60574.10,"Electronics, Electrical Equip.",South Korea,LG Corporation
73,60552.90,Food and Drug Stores,U.S.,The Kroger Company
75,59989.80,"Mail, Package, and Freight Delivery",Germany,Deutsche Post AG
76,59223.90,Insurance: Property and Casualty (Mutual),U.S.,State Farm Insurance Cos.
77,58958.00,Petroleum Refining,U.S.,Marathon Oil Corporation
78,57973.10,Motor Vehicles and Parts,Germany,Bayerische Motoren Werke Aktiengesellschaft
79,57833.90,Motor Vehicles and Parts,Italy,Fiat S.p.A.
80,57434.90,Motor Vehicles and Parts,South Korea,Hyundai Motor Company
81,56741.00,Household and Personal Products,U.S.,The Procter &amp; Gamble Company
82,56614.90,Banks: Commercial and Savings,Netherlands,ABN AMRO Holding N.V.
83,56427.30,Food and Drug Stores,Netherlands,Koninklijke Ahold N.V.
84,56423.60,Petroleum Refining,Spain,"Repsol YPF,S.A."
85,56384.80,"Insurance: Life, Health (stock)",Britain,Legal &amp; General Group Plc
55,72814.30,Food and Drug Stores,Germany,Metro AG
55,72814.30,Banks: Commercial and Savings,Belgium,Dexia Group
57,72193.50,Banks: Commercial and Savings,Switzerland,Credit Suisse Group
58,71164.30,Banks: Commercial and Savings,Britain,The Royal Bank of Scotland Group plc
59,71127.60,Food and Drug Stores,Britain,Tesco PLC
61,69907.00,"Mail, Package, and Freight Delivery",U.S.,United States Postal Service
62,69148.00,Tobacco,U.S.,"Altria Group, Inc."
63,67186.00,Insurance: Property and Casualty (Stock),Switzerland,Zurich Financial Services
64,66313.20,Energy,Germany,E.ON AG
65,66025.60,"Electronics, Electrical Equip.",Japan,Sony Corporation
66,65314.20,Telecommunications,Britain,Vodafone Group Plc
69,61158.30,"Insurance: Life, Health (Mutual)",Japan,Nippon Life Insurance Company
70,61032.70,Petroleum Refining,Norway,Den norske stats oljeselskap a.s
41,83273.80,Motor Vehicles and Parts,Japan,"Nissan Motor Co., Ltd."
42,81663.00,Insurance: Property and Casualty (Stock),U.S.,Berkshire Hathaway Inc.
43,81511.00,Specialty Retailers,U.S.,"The Home Depot, Inc."
44,81362.00,Petroleum Refining,U.S.,Valero Energy Corporation
45,79902.00,Banks: Commercial and Savings,U.S.,J.P. Morgan Chase &amp; Co.
46,78716.60,"Electronics, Electrical Equip.",South Korea,"Samsung Electronics Co., Ltd."
47,78557.70,"Electronics, Electrical Equip.",Japan,"Matsushita Electric Industrial Co., Ltd."
48,76227.60,Banks: Commercial and Savings,Germany,Deutsche Bank Aktiengesellschaft
49,75798.80,Banks: Commercial and Savings,Britain,HBOS plc
50,75111.90,Telecommunications,U.S.,Verizon Communications Inc.
51,74915.10,Wholesalers: Health Care,U.S.,"Cardinal Health, Inc."
52,74744.70,"Insurance: Life, Health (stock)",Britain,Prudential plc
54,74061.80,Telecommunications,Germany,Deutsche Telekom AG
28,92579.40,"Insurance: Life, Health (stock)",Britain,"Aviva,plc"
29,91134.00,"Computers, Office Equipment",U.S.,International Business Machines Corporation
30,88050.00,Wholesalers: Health Care,U.S.,McKesson Corporation
31,87510.70,Motor Vehicles and Parts,Japan,"Honda Motor Co., Ltd."
32,86984.30,Utilities,China,State Grid Corporation of China
33,86696.00,"Computers, Office Equipment",U.S.,Hewlett-Packard Company
34,85687.20,Banks: Commercial and Savings,France,BNP Paribas
35,85618.00,Petroleum Refining,Venezuela,"Petroleos de Venezuela, S.A."
36,84707.60,Banks: Commercial and Savings,Switzerland,UBS AG
37,83980.00,Banks: Commercial and Savings,U.S.,Bank of America Corporation
38,83596.30,"Electronics, Electrical Equip.",Japan,"Hitachi, Ltd."
39,83556.50,Petroleum Refining,China,China National Petroleum Corporation
13,138235.30,"Insurance: Life, Health (stock)",Netherlands,ING Group
14,131045.00,Banks: Commercial and Savings,U.S.,"Citigroup, Inc."
15,129839.20,"Insurance: Life, Health (stock)",France,AXA
16,121406.00,Insurance: Property and Casualty (Stock),Germany,Allianz AG
17,118376.60,Motor Vehicles and Parts,Germany,Volkswagen AG
18,112351.40,Banks: Commercial and Savings,Belgium/Netherlands,Fortis SA/NV
20,108905.00,Insurance: Property and Casualty (Stock),U.S.,"American International Group,Inc."
21,101403.80,"Insurance: Life, Health (stock)",Italy,Assicurazioni Generali SpA
22,100098.70,"Electronics, Electrical Equip.",Germany,Siemens Aktiengesellschaft
23,98784.90,Petroleum Refining,China,China Petrochemical Corp.
24,94869.30,Telecommunications,Japan,Nippon Telegraph &amp; Telephone Corporation
25,94454.50,Food and Drug Stores,France,Carrefour SA
26,93494.00,Banks: Commercial and Savings,Britain,HSBC Holdings plc
27,92603.30,Petroleum Refining,Italy,ENI S.p.A.
1,339938.00,Petroleum Refining,U.S.,Exxon Mobil Corporation
2,315654.00,General Merchandisers,U.S.,"Wal-Mart Stores, Inc."
3,306731.00,Petroleum Refining,Netherlands,Royal Dutch Shell plc
4,267600.00,Petroleum Refining,Britain,BP p.l.c.
5,192604.00,Motor Vehicles and Parts,U.S.,General Motors Corporation
6,189481.00,Petroleum Refining,U.S.,Chevron Corporation
7,186106.30,Motor Vehicles and Parts,Germany,DaimlerChrysler AG
8,185805.00,Motor Vehicles and Parts,Japan,Toyota Motor Corporation
9,177210.00,Motor Vehicles and Parts,U.S.,Ford Motor Company
10,166683.00,Petroleum Refining,U.S.,ConocoPhillips
11,157153.00,Diversified Financials,U.S.,General Electric Company
12,152360.70,Petroleum Refining,France,Total S.A.
