rank,revenues,industry,hqCountry,title
307,26067.00,Motor Vehicles and Parts,Canada,"Magna International, Inc."
308,26017.00,Insurance: Property and Casualty (Stock),U.S.,"The Travelers Companies, Inc."
309,25961.00,Insurance: Property and Casualty (Stock),U.S.,Liberty Mutual Holding Company Inc.
305,26160.00,Motor Vehicles and Parts,U.S.,Delphi Corporation
306,26113.40,Food and Drug Stores,Belgium,Delhaize Group
322,25054.10,Trading,Japan,Itochu Corporation
323,24928.20,zMiscellaneous,Japan,Fujifilm Holdings Corporaton
324,24808.00,Petroleum Refining,Taiwan,"CPC Corporation, Taiwan"
325,24644.60,Network and Other Communications Equipment,France,Alcatel-Lucent
326,24463.50,Banks: Commercial and Savings,Australia,Australia &amp; New Zealand Banking Group Limited
327,24462.00,zMiscellaneous,U.S.,3M Company
321,25268.20,"Insurance: Life, Health (Mutual)",U.S.,Massachusetts Financial Group
317,25654.80,Chemicals,Japan,Mitsubishi Chemical Holdings Corporation
318,25531.00,Banks: Commercial and Savings,U.S.,"Washington Mutual, Inc."
319,25314.70,Banks: Commercial and Savings,Australia,Commonwealth Bank of Australia
320,25290.00,Health Care: Insurance and Managed Care,U.S.,Humana Inc.
310,25960.20,Food and Drug Stores,Britain,William Morrison Supermarkets PLC
311,25916.00,Insurance: Property and Casualty (Stock),U.S.,The Hartford Financial Services Group Inc.
312,25914.20,Pharmaceuticals,U.S.,Abbott Laboratories
314,25810.70,Insurance: Property and Casualty (Mutual),France,Groupama S.A.
315,25706.90,Metals,India,Tata Steel Ltd.
316,25675.20,Entertainment,Germany,Bertelsmann AG
344,23664.50,"Computers, Office Equipment",Taiwan,"Quanta Computer, Inc."
345,23646.00,Motor Vehicles and Parts,Japan,"Aisin Seiki Co., Ltd."
339,23909.50,Utilities,Spain,Iberdrola SA
340,23812.10,Food and Drug Stores,Switzerland,"Alliance Boots, GMbH"
341,23732.00,"Engineering, Construction",China,China Railway Group
342,23691.40,"Electronics, Electrical Equip.",France,Schneider Electric SA
343,23673.70,Railroads,Japan,East Japan Railway Company
332,24197.70,Pharmaceuticals,U.S.,"Merck &amp; Co., Inc."
333,24109.40,"Building Materials, Glass",France,Lafarge S.A.
334,24082.20,Industrial and Farm Equipment,U.S.,Deere &amp; Company
335,24032.00,"Mining, Crude-Oil Production",India,"Oil and Natural Gas Corporation, Ltd."
336,24008.20,Banks: Commercial and Savings,Canada,Bank of Nova Scotia
337,24006.00,"Computers, Office Equipment",U.S.,"Apple , Inc."
338,23926.70,Industrial and Farm Equipment,France,Alstom
349,23497.10,Trading,China,Noble Group Limited
350,23485.70,Motor Vehicles and Parts,Japan,Mitsubishi Motors Corporation
351,23479.00,Utilities,Britain,National Grid plc
328,24417.70,Food and Drug Stores,U.S.,Rite Aid Corporation
329,24372.50,Chemicals,South Korea,Hanwha Corporation
330,24309.40,Telecommunications,Japan,Softbank Corporation
331,24244.60,Energy,Netherlands,GasTerra B.V.
346,23604.30,zMiscellaneous,France,Christian Dior S.A.
347,23548.90,Utilities,Japan,"The Kansai Electric Power Co., Inc."
348,23517.70,"Mail, Package, and Freight Delivery",Italy,Poste Italiane SpA
367,22901.70,Banks: Commercial and Savings,Canada,The Toronto-Dominion Bank
368,22783.00,Chemicals,Germany,Evonik Industries A.G.
369,22748.00,Motor Vehicles and Parts,Germany,Continental AG
370,22688.60,Motor Vehicles and Parts,Germany,MAN Aktiengesellschaft
359,23230.70,Food Services,U.S.,McDonald's Corporation
360,23193.60,Food and Drug Stores,U.S.,"Publix Super Markets, Inc."
361,23115.00,Banks: Commercial and Savings,Japan,The Norinchukin Bank
363,22992.50,"Computers, Office Equipment",Taiwan,ASUSTek Computer Inc.
364,22962.00,Insurance: Property and Casualty (Stock),U.S.,Nationwide Mutual Insurance Co.
365,22942.90,Wholesalers: Food and Grocery,Germany,Edeka Zentrale AG
366,22935.00,Airlines,U.S.,AMR Corporation
352,23442.10,Diversified Financials,U.S.,Countrywide Financial Corporation
353,23423.10,Wholesalers: Electronics and Office Equipment,U.S.,Tech Data Corporation
354,23415.40,Banks: Commercial and Savings,Sweden,Nordea Bank AB
356,23335.00,"Engineering, Construction",China,China Railway Construction Corporation
357,23302.40,"Mining, Crude-Oil Production",Russia,Surgutneftegas
358,23276.50,zMiscellaneous,U.S.,Schlumberger Limited
385,22127.80,"Engineering, Construction",China,China State Construction Engineering Corporation
386,21853.30,Semiconductors and Other Electronic Components,Canada,Onex Corporation
387,21687.00,Telecommunications,South Korea,KT Corporation
388,21675.00,Petroleum Refining,U.S.,Tesoro Corporation
389,21658.00,"Building Materials, Glass",Mexico,"Cemex, S.A. de C.V."
390,21506.00,Banks: Commercial and Savings,Britain,Standard Chartered Bank PLC
378,22482.70,Industrial and Farm Equipment,South Korea,Hyundai Heavy Industries
379,22426.00,Aerospace and Defense,U.S.,Raytheon Company
380,22402.20,Banks: Commercial and Savings,India,State Bank of India
381,22399.80,Pharmaceuticals,U.S.,Wyeth
382,22284.00,Forest and Paper Products,U.S.,International Paper Company
383,22248.90,"Electronics, Electrical Equip.",Japan,"Sumitomo Electric Industries, Ltd."
384,22135.00,Information Technology Services,U.S.,Electronic Data Systems Corporation
372,22632.20,Shipping,Japan,Nippon Yusen Kabushiki Kaisha
373,22606.80,Motor Vehicles and Parts,China,Shanghai Automotive Industry Corporation
374,22596.60,"Insurance: Life, Health (Mutual)",U.S.,Northwestern Mutual Life Insurance Company
375,22572.00,"Electronics, Electrical Equip.",U.S.,Emerson Electric Co.
376,22544.20,"Building Materials, Glass",Switzerland,Holcim Ltd.
377,22518.50,"Engineering, Construction",Germany,Hochtief A.G.
371,22656.70,Tobacco,Japan,Japan Tobacco Inc.
395,21343.80,Petroleum Refining,Taiwan,Formosa Petrochemical Corporation
396,21253.30,Utilities,Sweden,Vattenfall AB
397,21247.30,Specialty Retailers,Germany,Otto GmbH &amp; Co. KG
398,21202.40,Trading,China,"COFCO, Limited"
399,21193.20,Energy,U.S.,"Constellation Energy Group, Inc."
400,21157.40,Banks: Commercial and Savings,Canada,Canadian Imperial Bank of Commerce
391,21456.40,Utilities,Japan,"Chubu Electric Power Co., Inc."
392,21452.70,Information Technology Services,U.S.,Accenture Ltd.
393,21446.00,"Mining, Crude-Oil Production",Canada,EnCana Corporation
394,21353.90,Specialty Retailers,Germany,Arcandor AG
304,26340.00,General Merchandisers,U.S.,"Macy's, Inc."
303,26391.10,Motor Vehicles and Parts,China,China FAW Group Corporation
301,26713.80,Pipelines,U.S.,"Enterprise GP Holdings, L.P."
302,26568.00,Petroleum Refining,Japan,"Cosmo Oil Co., Ltd."
199,36756.70,Banks: Commercial and Savings,Germany,KFW Bankengruppe
200,36622.00,Network and Other Communications Equipment,U.S.,"Motorola, Inc."
198,36769.00,Insurance: Property and Casualty (Stock),U.S.,The Allstate Corporation
197,37007.20,"Electronics, Electrical Equip.",Netherlands,Royal Philips Electronics N.V.
196,37142.70,Banks: Commercial and Savings,Germany,Commerzbank A.G.
194,37526.20,Banks: Commercial and Savings,Canada,Royal Bank of Canada
195,37241.00,Food Consumer Products,U.S.,Kraft Foods Inc.
193,37541.00,Utilities,France,Gaz de France
191,37842.00,Food Production,U.S.,Bunge Limited
192,37747.00,"Electronics, Electrical Equip.",U.S.,Tyco International Ltd.
190,38051.00,Tobacco,U.S.,"Altria Group, Inc."
189,38059.90,"Computers, Office Equipment",Japan,Canon Inc.
188,38334.00,Semiconductors and Other Electronic Components,U.S.,Intel Corporation
187,38903.70,Banks: Commercial and Savings,China,Bank of China Limited
184,39474.00,Food Consumer Products,U.S.,"PepsiCo, Inc."
182,39610.00,Banks: Commercial and Savings,Japan,Mizuho Financial Group
183,39498.00,"Mining, Crude-Oil Production",Australia,BHP Billiton Limited
181,39800.00,Pharmaceuticals,Switzerland,Novartis AG
180,39863.40,"Insurance: Life, Health (Mutual)",Japan,The Dai-ichi Mutual Life Insurance Co.
179,39930.90,Wholesalers: Health Care,Germany,Franz Haniel & Cie. GmbH
178,39977.40,Pharmaceuticals,France,Sanofi-Aventis
177,40023.00,Specialty Retailers,U.S.,Best Buy Co. Inc.
176,40146.00,Telecommunications,U.S.,Sprint Nextel Corporation
175,40314.80,Pharmaceuticals,Switzerland,Roche Holding Ltd.
173,40485.90,Banks: Commercial and Savings,Japan,Sumitomo Mitsui Financial Group
174,40429.90,"Computers, Office Equipment",Japan,NEC Corporation
172,40720.70,"Engineering, Construction",France,Bouygues SA
171,41306.90,Banks: Commercial and Savings,China,China Construction Bank Corporation
170,41862.00,Aerospace and Defense,U.S.,Lockheed Martin Corporation
169,41969.10,"Engineering, Construction",France,Vinci
168,42101.00,Petroleum Refining,U.S.,"Sunoco, Inc."
166,42251.70,Telecommunications,Britain,BT Group plc
167,42229.50,Motor Vehicles and Parts,Sweden,AB Volvo
165,42267.20,Metals,Japan,Nippon Steel Corporation
164,42286.00,Food and Drug Stores,U.S.,Safeway Inc.
163,42854.60,Railroads,Germany,Deutsche Bahn AG
162,43104.00,Diversified Financials,U.S.,Freddie Mac
160,43393.90,Telecommunications,Italy,Telecom Italia S.p.A.
161,43355.00,Diversified Financials,U.S.,Fannie Mae
159,43439.60,"Insurance: Life, Health (stock)",China,China Life Insurance(Group) Company
158,44018.00,Food Production,U.S.,Archer-Daniels-Midland Company
157,44048.00,Food and Drug Stores,U.S.,Supervalu Inc.
156,44506.20,Health Care: Pharmacy and Other Services,U.S.,"Medco Health Solutions, Inc."
154,44706.50,Food and Drug Stores,Japan,"AEON Co., Ltd."
155,44664.10,Chemicals,Germany,Bayer AG
153,44749.90,Utilities,France,Veolia Environnement SA
151,45447.10,Pharmaceuticals,Britain,GlaxoSmithKline plc
152,44958.00,Industrial and Farm Equipment,U.S.,"Caterpillar, Inc."
150,46615.00,Entertainment,U.S.,Time Warner Inc.
149,46679.50,"Computers, Office Equipment",Japan,Fujitsu Limited
148,47055.20,Telecommunications,China,China Mobile Communications Corporation
147,47387.90,Banks: Commercial and Savings,Netherlands,Rabobank Group
146,47980.00,Utilities,Japan,"The Tokyo Electric Power Co., Inc."
145,48283.00,Specialty Retailers,U.S.,"Lowe's Companies, Inc."
144,48305.00,Banks: Commercial and Savings,Italy,Intesa Sanpaolo S.p.A.
143,48418.00,Pharmaceuticals,U.S.,Pfizer Inc.
142,49692.00,"Mail, Package, and Freight Delivery",U.S.,"United Parcel Service, Inc."
141,49768.00,Food and Drug Stores,Japan,"Seven & I Holdings Co., Ltd."
140,50252.30,Trading,Japan,"Mitsui & Co., Ltd."
138,50703.00,General Merchandisers,U.S.,Sears Holdings Corporation
139,50464.90,Food and Drug Stores,France,Groupe Auchan
137,50738.60,Food and Drug Stores,Netherlands,Koninklijke Ahold N.V.
135,51192.50,Petroleum Refining,Thailand,PTT Public Company Limited
136,51122.00,Computer Software,U.S.,Microsoft Corporation
134,51449.00,Banks: Commercial and Savings,Spain,"Banco Bilbao Vizcaya Argentaria, S.A."
133,51525.50,Banks: Commercial and Savings,China,Industrial and Commercial Bank of China
132,51827.70,"Electronics, Electrical Equip.",Taiwan,"Hon Hai Precision Industry Co., Ltd."
130,52808.50,Trading,Japan,Mitsubishi Corporation
129,53150.00,"Insurance: Life, Health (stock)",U.S.,"MetLife, Inc."
128,53513.00,Chemicals,U.S.,The Dow Chemical Company
127,53550.10,Aerospace and Defense,Netherlands,European Aeronautic Defence and Space Company EADS N.V.
126,53593.00,Banks: Commercial and Savings,U.S.,Wells Fargo & Company
125,53762.00,Food and Drug Stores,U.S.,Walgreen Co.
123,54759.00,Aerospace and Defense,U.S.,United Technologies Corporation
121,55163.00,Insurance: Property and Casualty (Stock),Switzerland,Zurich Financial Services
122,55006.40,Food Consumer Products,Britain/Netherlands,Unilever N.V./ Unilever PLC
120,55528.00,Banks: Commercial and Savings,U.S.,Wachovia Corporation
118,55988.40,Banks: Commercial and Savings,Japan,"Mitsubishi UFJ Financial Group, Inc."
119,55684.00,Motor Vehicles and Parts,France,Renault S.A.
117,57049.20,Petroleum Refining,Japan,Nippon Oil Corporation
116,57427.00,Petroleum Refining,India,Indian Oil Corporation Limited
115,57859.20,"Insurance: Life, Health (Mutual)",Japan,Nippon Life Insurance Company
114,58383.20,Energy,Germany,RWE Aktiengesellschaft
113,59003.00,Securities,U.S.,"Lehman Brothers Holdings, Inc."
111,59225.70,Banks: Commercial and Savings,Britain,Lloyds TSB Group plc
112,59071.40,"Insurance: Life, Health (stock)",France,CNP Assurances S.A.
109,59778.00,Utilities,Italy,Enel S.p.a.
110,59433.00,"Building Materials, Glass",France,Compagnie de Saint-Gobain
108,60044.00,Petroleum Refining,U.S.,Marathon Oil Corporation
107,61095.00,Pharmaceuticals,U.S.,Johnson & Johnson
106,61133.00,"Computers, Office Equipment",U.S.,Dell Inc.
105,61134.30,Health Care: Insurance and Managed Care,U.S.,"WellPoint, Inc."
104,61611.60,Insurance: Property and Casualty (Mutual),U.S.,State Farm Insurance Cos.
103,62382.70,"Insurance: Life, Health (stock)",Netherlands,AEGON N.V.
102,63367.00,General Merchandisers,U.S.,Target Corporation
101,63401.10,Motor Vehicles and Parts,Germany,Robert Bosch GmbH
492,17072.60,Chemicals,Netherlands,LyondellBasell Industries AF S.C.A.
493,17057.00,Beverages,Britain,SABMiller plc
494,17037.40,Shipping,Japan,"Mitsui O.S.K. Lines, Ltd."
495,16873.00,Metals,U.S.,United States Steel Corporation
496,16871.00,Forest and Paper Products,U.S.,Weyerhaeuser Company
497,16854.70,Motor Vehicles and Parts,Japan,Isuzu Motors Limited
498,16829.80,Aerospace and Defense,France,Thales Group
499,16787.90,"Computers, Office Equipment",China,Lenovo Group Limited
500,16691.00,"Engineering, Construction",U.S.,Fluor Corporation
476,17576.90,Metals,China,Aluminum Corporation of China
478,17566.60,Airlines,Britain,British Airways plc
479,17517.60,Motor Vehicles and Parts,Japan,Toyota Industries Corporation
480,17514.70,"Engineering, Construction",China,China Metallurgical Group Corp.
481,17506.00,Aerospace and Defense,Canada,Bombardier Inc.
482,17432.80,Banks: Commercial and Savings,Ireland,Bank of Ireland Group
483,17342.20,Chemicals,Germany,The Linde Group
484,17331.30,Petroleum Refining,Portugal,"Galp Energia, SGPS, S.A."
485,17313.50,Motor Vehicles and Parts,Germany,ZF Friedrichshafen AG
486,17290.20,Telecommunications,Netherlands,Royal KPN N.V.
487,17246.00,Telecommunications,U.S.,"The DirecTV Group, Inc."
488,17240.90,"Engineering, Construction",France,Eiffage SA
489,17228.00,"Computers, Office Equipment",U.S.,Xerox Corporation
490,17216.00,Wholesalers: Food and Grocery,U.S.,CHS Inc.
491,17197.10,Beverages,Netherlands,Heineken Holding N.V.
458,18266.00,Household and Personal Products,U.S.,Kimberly-Clark Corporation
459,18243.10,"Electronics, Electrical Equip.",Japan,"Sanyo Electric Co., Ltd."
460,18106.40,General Merchandisers,Britain,Marks &amp; Spencer Group plc
461,18084.50,Banks: Commercial and Savings,South Korea,Kookmin Bank
462,17996.00,Computer Software,U.S.,Oracle Corporation
463,17984.40,Insurance: Property and Casualty (Stock),Spain,"Mapfre, S.A."
464,17981.70,Telecommunications,Mexico,Carso Global Telecom S.A.B. de C.V.
465,17950.60,"Automotive Retailing, Services",U.S.,"Autonation, Inc."
466,17920.00,Insurance: Property and Casualty (Stock),U.S.,Loews Corporation
467,17916.20,Insurance: Property and Casualty (Mutual),Italy,Premafin Finanziaria SPA
468,17895.20,Household and Personal Products,Germany,Henkel KGaA
469,17876.00,"Mining, Crude-Oil Production",U.S.,"Freeport-McMoRan Copper &amp; Gold, Inc."
470,17821.50,Diversified Financials,Belgium,Compagnie Nationale A Portefeuille S.A.
471,17810.80,Banks: Commercial and Savings,Sweden,Skandinaviska Enskilda Banken
472,17690.80,Metals,Norway,Norsk Hydro ASA
473,17672.70,Food Services,France,Sodexo
474,17623.00,Health Care: Insurance and Managed Care,U.S.,CIGNA Corporation
475,17584.90,Trading,South Korea,Samsung C&amp;T Corp.
444,18925.00,Utilities,U.S.,Exelon Corporation
445,18914.50,Food and Drug Stores,Switzerland,Migros-Genossenschafts-Bund
446,18841.00,"Mail, Package, and Freight Delivery",Britain,Royal Mail Holdings plc
447,18836.10,Banks: Commercial and Savings,Austria,Erste Bank der oesterreichischen Sparkassen AG
448,18815.00,Telecommunications,Australia,Telstra Corporation Limited
449,18744.00,Specialty Retailers,Britain,Kingfisher plc
450,18717.80,Insurance: Property and Casualty (Stock),Japan,"Mitsui Sumitomo Insurance Co., Ltd."
451,18672.30,Metals,Japan,Kobe Steel Ltd.
452,18647.10,Specialty Retailers,U.S.,"The TJX Companies, Inc."
453,18633.50,Pharmaceuticals,U.S.,Eli Lilly and Company
454,18481.90,Banks: Commercial and Savings,Canada,Bank of Montreal
455,18481.00,Chemicals,Netherlands,Akzo Nobel N.V.
456,18439.10,Petroleum Refining,U.S.,Murphy Oil Corporation
457,18377.80,Health Care: Pharmacy and Other Services,U.S.,"Express Scripts, Inc."
426,19990.70,"Engineering, Construction",China,China Communications Construction Group
427,19977.00,Pharmaceuticals,U.S.,Bristol-Myers Squibb Company
428,19869.00,Aerospace and Defense,Italy,Finmeccanica SpA
429,19860.00,General Merchandisers,U.S.,"J.C. Penney Company, Inc."
430,19788.80,Petroleum Refining,Canada,Petro-Canada
431,19751.20,Beverages,Belgium,Inbev NV
432,19745.30,Wholesalers: Health Care,Japan,"Mediceo Paltac Holdings Co., Ltd."
433,19731.00,"Insurance: Life, Health (stock)",Canada,Sun Life Financial Inc.
434,19641.00,Industrial and Farm Equipment,Japan,Komatsu Ltd.
435,19530.60,Airlines,Japan,Japan Airlines Corporation
436,19451.00,"Electronics, Electrical Equip.",U.S.,Whirlpool Corporation
437,19445.00,"Automotive Retailing, Services",China,Jardine Matheson Holdings Limited
438,19439.30,"Computers, Office Equipment",Japan,"Ricoh Company, Ltd."
439,19372.70,Specialty Retailers,U.S.,"Staples, Inc."
440,19267.10,"Engineering, Construction",Spain,Fomento de Construcciones y Contratas S.A.
441,19154.00,Airlines,U.S.,"Delta Air Lines, Inc."
442,19131.60,"Insurance: Life, Health (stock)",Switzerland,Swiss Life Holding
443,18965.50,Banks: Commercial and Savings,U.S.,Capital One Financial Corporation
410,20538.00,Motor Vehicles and Parts,U.S.,Goodyear Tire &amp; Rubber Company
411,20534.50,"Engineering, Construction",Sweden,Skanska AB
412,20517.30,Metals,China,China Minmetals Corporation
413,20500.30,Temporary Help,U.S.,Manpower Inc.
414,20437.70,Banks: Commercial and Savings,Britain,Nationwide Building Society
415,20403.20,"Insurance: Life, Health (stock)",Japan,"T&amp;D Holdings, Inc."
416,20394.00,Pipelines,U.S.,"Plains All American Pipeline, L.P."
417,20308.00,Banks: Commercial and Savings,U.S.,U.S. Bancorp
419,20232.70,"Insurance: Life, Health (stock)",Britain,Standard Life plc
420,20206.00,"Mining, Crude-Oil Production",U.S.,Occidental Petroleum Corporation
422,20143.00,Airlines,U.S.,UAL Corporation
423,20127.60,Food Consumer Products,France,Groupe Danone
424,20061.90,"Engineering, Construction",Spain,"Grupo Ferrovial, S.A."
425,20042.70,Tobacco,Britain,British American Tobacco p.l.c.
401,20949.60,Food Services,Britain,Compass Group PLC
402,20944.10,Banks: Commercial and Savings,Australia,Westpac Banking Corporation
403,20936.00,Beverages,U.S.,Coca-Cola Enterprises Inc.
404,20866.50,Trading,Netherlands,SHV Holdings N.V.
405,20840.40,Shipping,China,China Ocean Shipping Group
406,20784.50,Banks: Commercial and Savings,Russia,Savings Bank of the Russian Federation
407,20727.90,Forest and Paper Products,Finland,Stora Enso Oyj
408,20658.30,Utilities,Mexico,Comision Federal De Electricidad
409,20637.30,"Mining, Crude-Oil Production",China,China National Offshore Oil Corp.
299,26858.00,Health Care: Pharmacy and Other Services,U.S.,HCA Inc
300,26811.40,"Insurance: Life, Health (stock)",Taiwan,Cathay Financial Holdings Company
286,28034.70,Specialty Retailers,China,Hutchison Whampoa Limited
287,27872.80,Petroleum Refining,India,Bharat Petroleum Corporation Limited
288,27856.40,Telecommunications,China,China Telecommunications Corporation
289,27784.60,Network and Other Communications Equipment,Sweden,Telefonaktiebolaget LM Ericsson
290,27717.90,Petroleum Refining,India,Hindustan Petroleum Corporation Limited
291,27599.60,Health Care: Insurance and Managed Care,U.S.,Aetna Inc.
292,27558.10,Semiconductors and Other Electronic Components,Singapore,"Flextronics International, Ltd."
293,27556.20,Food and Drug Stores,Australia,"Coles Group, Ltd."
294,27526.00,"Insurance: Life, Health (Mutual)",U.S.,Teachers Insurance and Annuity Association College Retiremen
295,27432.80,Petroleum Refining,Austria,OMV Group
296,27294.00,Aerospace and Defense,U.S.,General Dynamics Corporation
297,27278.10,Banks: Commercial and Savings,Germany,Bayerische Landesbank Girozentrale
298,26900.00,Food Production,U.S.,"Tyson Foods, Inc."
272,29084.00,"Mining, Crude-Oil Production",Switzerland,Xstrata plc
274,28867.20,Temporary Help,Switzerland,"Adecco, S.A."
275,28857.00,Beverages,U.S.,The Coca-Cola Company
276,28793.00,Motor Vehicles and Parts,Japan,Bridgestone Corporation
277,28733.10,"Building Materials, Glass",Ireland,CRH plc
278,28728.60,Banks: Commercial and Savings,South Korea,"Shinhan Financial Group Co., Ltd."
279,28678.70,Banks: Commercial and Savings,South Korea,"Woori Finance Holdings Co., Ltd."
280,28655.00,Entertainment,U.S.,News Corporation
281,28627.50,Aerospace and Defense,Britain,BAE Systems plc
282,28604.70,Banks: Commercial and Savings,Brazil,Banco do Brasil S.A.
284,28107.30,General Merchandisers,France,"PPR, SA"
285,28047.70,Industrial and Farm Equipment,Japan,"Mitsubishi Heavy Industries, Ltd."
258,30018.30,Utilities,Spain,"Endesa, S.A."
259,29938.70,Metals,China,Baosteel Group Corporation
260,29928.80,zMiscellaneous,Germany,TUI AG
261,29927.30,"Electronics, Electrical Equip.",Japan,Sharp Corporation
262,29843.90,Petroleum Refining,Japan,"Idemitsu Kosan Co., Ltd."
263,29700.00,"Mining, Crude-Oil Production",Britain,Rio Tinto Group
264,29643.30,Telecommunications,France,Vivendi
265,29559.00,Pharmaceuticals,Britain,AstraZeneca PLC
266,29532.00,"Mining, Crude-Oil Production",Britain,Anglo American plc
267,29476.70,Petroleum Refining,South Korea,GS Holdings Corp.
268,29279.60,"Insurance: Life, Health (Mutual)",U.S.,New York Life Insurance Company
269,29245.90,"Insurance: Life, Health (Mutual)",Japan,Sumitomo Life Insurance Company
271,29089.00,"Insurance: Life, Health (stock)",Canada,Power Corporation of Canada
244,31490.00,Diversified Financials,U.S.,GMAC LLC
245,31355.20,Utilities,South Korea,Korea Electric Power Corporation
246,30996.20,Metals,Japan,"JFE Holdings, Inc."
247,30905.40,"Insurance: Life, Health (stock)",South Korea,Samsung Life Insurance
248,30895.00,Telecommunications,U.S.,Comcast Corporation
249,30748.00,Metals,U.S.,"Alcoa, Inc."
250,30687.60,Airlines,Germany,Deutsche Lufthansa AG
251,30668.80,Motor Vehicles and Parts,Japan,Suzuki Motor Corporation
252,30653.00,Chemicals,U.S.,E.I. du Pont de Nemours and Company
253,30618.20,Utilities,Britain,Scottish &amp; Southern Energy Plc
254,30558.50,Food and Drug Stores,Canada,George Weston Limited
255,30435.60,Motor Vehicles and Parts,Japan,Mazda Motor Corporation
256,30306.00,Industrial and Farm Equipment,Switzerland,ABB Ltd.
257,30203.60,Trading,China,Sinochem Corporation
230,33089.60,"Insurance: Life, Health (stock)",Canada,Manulife Financial Corporation
231,32778.90,Utilities,Britain,Centrica plc
232,32487.10,Insurance: Property and Casualty (Stock),Japan,Millea Holdings
233,32427.30,Railroads,France,Societe Nationale des Chemins de Fer Francais
234,32316.00,Diversified Financials,U.S.,American Express Company
235,32242.00,"Mining, Crude-Oil Production",Brazil,Companhia Vale Do Rio Doce
236,32144.10,Trading,Japan,Sumitomo Corporation
237,32032.00,Aerospace and Defense,U.S.,Northrop Grumman Corporation
238,31982.00,Banks: Commercial and Savings,Denmark,Danske Bank Aktieselskab
239,31946.90,"Mail, Package, and Freight Delivery",France,La Poste
240,31924.00,Petroleum Refining,U.S.,Hess Corp.
241,31594.40,zMiscellaneous,Britain,Wolseley plc
242,31542.00,"Insurance: Life, Health (Mutual)",Japan,Meiji Yasuda Life Insurance Company
243,31490.70,Telecommunications,Japan,KDDI Corporation
217,35042.10,Wholesalers: Food and Grocery,U.S.,Sysco Corporation
218,34922.00,Network and Other Communications Equipment,U.S.,"Cisco Systems, Inc."
219,34678.00,Motor Vehicles and Parts,U.S.,"Johnson Controls, Inc."
220,34589.00,Aerospace and Defense,U.S.,Honeywell International Inc.
221,34401.00,"Insurance: Life, Health (stock)",U.S.,"Prudential Financial, Inc."
222,34129.70,Airlines,France,Air France-KLM
223,34059.30,Banks: Commercial and Savings,China,Agricultural Bank of China
224,34013.80,Metals,South Korea,POSCO
225,33917.30,"Insurance: Life, Health (stock)",Britain,Old Mutual plc
226,33861.20,Utilities,China,"China Southern Power Grid Co., Ltd."
227,33677.60,Chemicals,Saudi Arabia,Saudi Basic Industries Corporation
228,33442.00,Food and Drug Stores,Australia,Woolworths Limited
229,33359.50,Banks: Commercial and Savings,Germany,DZ Bank Deutsche Zentral-Genossenschaftsbank Aktiengesellsch
204,36118.50,Banks: Commercial and Savings,Brazil,Banco Bradesco S.A.
206,35914.90,Petroleum Refining,India,Reliance Industries Limited
207,35882.00,Entertainment,U.S.,The Walt Disney Company
208,35797.40,Food and Drug Stores,Britain,J. Sainsbury plc
209,35729.70,Insurance: Property and Casualty (Stock),Switzerland,Swiss Reinsurance Company
210,35462.10,"Electronics, Electrical Equip.",Japan,Mitsubishi Electric Corporation
211,35410.00,Banks: Commercial and Savings,Australia,National Australia Bank Limited
212,35245.40,Motor Vehicles and Parts,Japan,Denso Corporation
213,35223.70,Banks: Commercial and Savings,Belgium,KBC Group N.V.
214,35214.00,"Mail, Package, and Freight Delivery",U.S.,FedEx Corporation
215,35139.50,Petroleum Refining,Japan,Nippon Mining Holdings
216,35047.10,Wholesalers: Electronics and Office Equipment,U.S.,Ingram Micro Inc.
94,66358.00,"Insurance: Life, Health (stock)",Britain,Prudential plc
95,66218.20,Petroleum Refining,Malaysia,Petroliam Nasional Berhad
96,66074.30,Wholesalers: Health Care,U.S.,AmerisourceBergen Corp.
97,64982.50,Energy,France,Suez
99,64400.20,Specialty Retailers,U.S.,Costco Wholesale Corporation
100,64217.00,Securities,U.S.,"Merrill Lynch &amp; Co., Inc."
201,36481.40,Trading,Japan,Marubeni Corporation
202,36416.10,"Insurance: Life, Health (stock)",Britain,Legal &amp; General Group Plc
203,36184.00,Petroleum Refining,Russia,Rosneft Oil Company
88,69886.30,Network and Other Communications Equipment,Finland,Nokia Corporation
89,68799.40,Metals,Germany,ThyssenKrupp AG
90,67205.00,Petroleum Refining,Russia,OAO Lukoil
91,67145.20,"Electronics, Electrical Equip.",Japan,Toshiba Corporation
92,67006.40,Petroleum Refining,Spain,"Repsol YPF,S.A."
93,66387.00,Aerospace and Defense,U.S.,The Boeing Company
80,76329.50,Food and Drug Stores,U.S.,CVS Caremark Corporation
81,75431.00,Health Care: Insurance and Managed Care,U.S.,UnitedHealth Group Incorporated
82,74899.80,Motor Vehicles and Parts,South Korea,Hyundai Motor Company
83,74778.00,"Mail, Package, and Freight Delivery",U.S.,United States Postal Service
85,71201.50,Telecommunications,Britain,Vodafone Group Plc
86,70716.90,Petroleum Refining,South Korea,"SK Holdings Co., Ltd."
87,70234.70,Food and Drug Stores,U.S.,The Kroger Company
65,84740.00,Specialty Retailers,U.S.,"The Home Depot, Inc."
67,82095.60,"Electronics, Electrical Equip.",South Korea,LG Corporation
69,81317.00,"Insurance: Life, Health (stock)",Britain,"Aviva,plc"
70,80346.70,Banks: Commercial and Savings,Britain,Barclays Plc
71,80112.30,Motor Vehicles and Parts,Italy,Fiat S.p.A.
72,79411.80,"Electronics, Electrical Equip.",Japan,"Matsushita Electric Industrial Co., Ltd."
73,79321.50,Chemicals,Germany,BASF Aktiengesellschaft
74,78206.30,Banks: Commercial and Savings,Switzerland,Credit Suisse Group
75,77682.20,"Electronics, Electrical Equip.",Japan,Sony Corporation
77,77029.60,Banks: Commercial and Savings,Italy,UniCredit Group
78,76675.30,Motor Vehicles and Parts,Germany,Bayerische Motoren Werke Aktiengesellschaft
79,76476.00,Household and Personal Products,U.S.,The Procter &amp; Gamble Company
51,94703.00,Food and Drug Stores,Britain,Tesco PLC
52,94355.60,Energy,Germany,E.ON AG
53,93775.00,Telecommunications,U.S.,Verizon Communications Inc.
54,93526.90,Telecommunications,Japan,Nippon Telegraph &amp; Telephone Corporation
55,90472.40,"Mail, Package, and Freight Delivery",Germany,Deutsche Post AG
56,90267.10,Food and Drug Stores,Germany,Metro AG
58,89295.20,Banks: Commercial and Savings,Spain,Santander Central Hispano Group
59,89223.90,Petroleum Refining,Norway,Statoil Hydro ASA
60,88363.90,Wholesalers: Health Care,U.S.,"Cardinal Health, Inc."
61,87968.00,Securities,U.S.,"The Goldman Sachs Group, Inc."
62,87879.00,Securities,U.S.,Morgan Stanley
64,85569.50,Telecommunications,Germany,Deutsche Telekom AG
37,106444.00,"Electronics, Electrical Equip.",Germany,Siemens Aktiengesellschaft
38,106006.50,"Electronics, Electrical Equip.",South Korea,"Samsung Electronics Co., Ltd."
39,105216.00,Metals,Luxembourg,ArcelorMittal
40,105102.40,Motor Vehicles and Parts,Japan,"Honda Motor Co., Ltd."
41,104286.00,"Computers, Office Equipment",U.S.,Hewlett-Packard Company
44,101703.00,Wholesalers: Health Care,U.S.,McKesson Corporation
45,100267.30,Banks: Commercial and Savings,Britain,HBOS plc
46,98786.00,Information Technology Services,U.S.,International Business Machines Corporation
47,98641.50,Energy,Russia,OAO Gazprom
48,98306.50,"Electronics, Electrical Equip.",Japan,"Hitachi, Ltd."
49,96758.00,Petroleum Refining,U.S.,Valero Energy Corporation
50,94782.10,Motor Vehicles and Parts,Japan,"Nissan Motor Co., Ltd."
24,132885.10,Utilities,China,State Grid Corporation of China
25,129798.30,Petroleum Refining,China,China National Petroleum Corporation
26,122643.80,Banks: Commercial and Savings,Germany,Deutsche Bank Aktiengesellschaft
27,120564.70,Petroleum Refining,Italy,ENI S.p.A.
28,119190.00,Banks: Commercial and Savings,U.S.,Bank of America Corporation
29,118928.00,Telecommunications,U.S.,AT&amp;T Inc.
30,118245.00,Insurance: Property and Casualty (Stock),U.S.,Berkshire Hathaway Inc.
31,117206.10,Banks: Commercial and Savings,Switzerland,UBS AG
32,116353.00,Banks: Commercial and Savings,U.S.,J.P. Morgan Chase &amp; Co.
33,115584.70,Food and Drug Stores,France,Carrefour SA
34,113812.60,"Insurance: Life, Health (stock)",Italy,Assicurazioni Generali SpA
35,110064.00,Insurance: Property and Casualty (Stock),U.S.,"American International Group,Inc."
36,108392.00,Banks: Commercial and Savings,Britain,The Royal Bank of Scotland Group plc
10,178558.00,Petroleum Refining,U.S.,ConocoPhillips
11,177167.10,Motor Vehicles and Parts,Germany,Daimler AG
12,176656.00,Diversified Financials,U.S.,General Electric Company
13,172468.00,Motor Vehicles and Parts,U.S.,Ford Motor Company
14,164877.00,Banks: Commercial and Savings,Belgium/Netherlands,Fortis SA/NV
15,162762.30,"Insurance: Life, Health (stock)",France,AXA
16,159259.60,Petroleum Refining,China,China Petrochemical Corp.
17,159229.00,Banks: Commercial and Savings,U.S.,"Citigroup, Inc."
18,149054.10,Motor Vehicles and Parts,Germany,Volkswagen AG
19,147648.40,Banks: Commercial and Savings,Belgium,Dexia Group
20,146500.00,Banks: Commercial and Savings,Britain,HSBC Holdings plc
21,140726.50,Banks: Commercial and Savings,France,BNP Paribas
22,140618.40,Insurance: Property and Casualty (Stock),Germany,Allianz AG
1,378799.00,General Merchandisers,U.S.,"Wal-Mart Stores, Inc."
2,372824.00,Petroleum Refining,U.S.,Exxon Mobil Corporation
3,355782.00,Petroleum Refining,Netherlands,Royal Dutch Shell plc
4,291438.00,Petroleum Refining,Britain,BP p.l.c.
5,230200.80,Motor Vehicles and Parts,Japan,Toyota Motor Corporation
6,210783.00,Petroleum Refining,U.S.,Chevron Corporation
7,201516.00,Banks: Commercial and Savings,Netherlands,ING Group
8,187279.50,Petroleum Refining,France,Total S.A.
9,182347.00,Motor Vehicles and Parts,U.S.,General Motors Corporation
