rank,revenues,industry,hqCountry,title
314,28119.00,Metals,U.S.,"Alcoa, Inc."
315,28111.50,Banks: Commercial and Savings,Germany,Bayerische Landesbank Girozentrale
316,28047.60,Petroleum Refining,Switzerland,Petroplus Holdings AG
317,28031.00,Petroleum Refining,U.S.,Tesoro Corporation
318,28027.40,"Mining, Crude-Oil Production",China,China National Offshore Oil Corp.
319,27960.80,"Engineering, Construction",Germany,Hochtief A.G.
306,28451.90,Petroleum Refining,Taiwan,"CPC Corporation, Taiwan"
307,28437.60,Construction and Farm Machinery,U.S.,Deere &amp; Company
308,28374.00,Health Care: Pharmacy and Other Services,U.S.,HCA Inc
309,28341.40,"Electronics, Electrical Equip.",Japan,Sharp Corporation
310,28309.40,Banks: Commercial and Savings,Russia,Savings Bank of the Russian Federation
311,28247.30,Petroleum Refining,India,Hindustan Petroleum Corporation Limited
312,28141.10,Tobacco,Japan,Japan Tobacco Inc.
313,28130.00,Food Production,U.S.,"Tyson Foods, Inc."
335,26445.60,Trading,China,"COFCO, Limited"
328,27162.90,zMiscellaneous,U.S.,Schlumberger Limited
329,26846.10,Railroads,Japan,East Japan Railway Company
330,26801.50,"Electronics, Electrical Equip.",France,Schneider Electric SA
331,26667.20,Metals,China,China Minmetals Corporation
332,26607.50,Telecommunications,Japan,Softbank Corporation
333,26605.60,Utilities,Britain,National Grid plc
334,26461.00,Industrial Machinery,France,Alstom
321,27874.40,Food and Drug Stores,Belgium,Delhaize Group
322,27858.30,"Building Materials, Glass",France,Lafarge S.A.
323,27769.30,Petroleum Refining,Taiwan,Formosa Petrochemical Corporation
324,27767.60,Utilities,Japan,"The Kansai Electric Power Co., Inc."
325,27680.50,Petroleum Refining,Canada,Suncor Energy Inc.
326,27512.50,Petroleum Refining,U.S.,Murphy Oil Corporation
327,27430.30,Shipping,China,China Ocean Shipping Group
344,25908.70,Food and Drug Stores,Britain,William Morrison Supermarkets PLC
345,25705.00,Tobacco,U.S.,Philip Morris International Inc.
347,25646.70,Entertainment,Germany,Bertelsmann AG
348,25313.80,Information Technology Services,U.S.,Accenture Ltd.
349,25281.90,"Insurance: Life, Health (stock)",Japan,"T&amp;D Holdings, Inc."
350,25281.00,"Electronics, Electrical Equip.",U.S.,Emerson Electric Co.
320,27942.00,"Mining, Crude-Oil Production",Switzerland,Xstrata plc
336,26311.00,"Mining, Crude-Oil Production",Britain,Anglo American plc
337,26289.50,Food and Drug Stores,U.S.,Rite Aid Corporation
338,26248.30,Apparel,France,Christian Dior S.A.
339,26129.00,"Mail, Package, and Freight Delivery",Italy,Poste Italiane SpA
340,26054.50,Petroleum Refining,Canada,Petro-Canada
341,25982.80,"Engineering, Construction",China,China Communications Construction Group Ltd.
342,25966.70,"Computers, Office Equipment",Taiwan,"Quanta Computer, Inc."
343,25944.50,Banks: Commercial and Savings,Canada,Bank of Nova Scotia
354,25070.20,Banks: Commercial and Savings,Canada,The Toronto-Dominion Bank
351,25269.00,zMiscellaneous,U.S.,3M Company
352,25242.50,Motor Vehicles and Parts,Japan,Mazda Motor Corporation
353,25206.80,Semiconductors and Other Electronic Components,Canada,Onex Corporation
364,24522.50,Wholesalers: Health Care,Japan,"Mediceo Paltac Holdings Co., Ltd."
365,24480.00,"Mining, Crude-Oil Production",U.S.,Occidental Petroleum Corporation
366,24477.00,Insurance: Property and Casualty (Stock),U.S.,"The Travelers Companies, Inc."
367,24419.50,"Insurance: Life, Health (stock)",South Korea,Samsung Life Insurance
356,24984.50,Utilities,Japan,"Chubu Electric Power Co., Inc."
357,24957.20,Utilities,Sweden,Vattenfall AB
358,24892.00,General Merchandisers,U.S.,"Macy's, Inc."
359,24882.20,Motor Vehicles and Parts,China,Shanghai Automotive Industry Corporation
360,24859.20,Network and Other Communications Equipment,France,Alcatel-Lucent
361,24829.00,zMiscellaneous,U.S.,International Paper Company
362,24782.10,"Insurance: Life, Health (stock)",South Korea,Hanwha Corporation
363,24577.70,Banks: Commercial and Savings,India,State Bank of India
355,25003.80,Industrial Machinery,South Korea,Hyundai Heavy Industries
379,23795.10,Food and Drug Stores,Switzerland,Migros-Genossenschafts-Bund
380,23767.30,"Engineering, Construction",China,China Metallurgical Group Corp.
381,23766.00,Airlines,U.S.,AMR Corporation
382,23754.00,Metals,U.S.,United States Steel Corporation
383,23717.60,Chemicals,Germany,Evonik Industries A.G.
384,23704.00,Motor Vehicles and Parts,Canada,"Magna International, Inc."
369,24231.60,zMiscellaneous,Japan,Fujifilm Holdings Corporaton
370,24196.10,Utilities,Mexico,Comision Federal De Electricidad
371,24188.10,Shipping,Japan,Nippon Yusen Kabushiki Kaisha
372,24163.60,Metals,China,Sinosteel Corporation
373,24109.60,Food and Drug Stores,U.S.,"Publix Super Markets, Inc."
374,24080.50,Wholesalers: Electronics and Office Equipment,U.S.,Tech Data Corporation
375,24033.70,Metals,China,"Hebei Iron &amp; Steel Group Co., Ltd."
378,23850.30,Pharmaceuticals,U.S.,"Merck &amp; Co., Inc."
368,24275.20,Motor Vehicles and Parts,Germany,MAN Aktiengesellschaft
393,23247.30,"Building Materials, Glass",Switzerland,Holcim Ltd.
394,23185.90,Insurance: Property and Casualty (Stock),Spain,"Mapfre, S.A."
395,23174.00,Aerospace and Defense,U.S.,Raytheon Company
396,23162.50,"Mining, Crude-Oil Production",Canada,"Husky Energy, Inc."
397,23083.80,Specialty Retailers,U.S.,"Staples, Inc."
398,23081.80,Insurance: Property and Casualty (Stock),Switzerland,Swiss Reinsurance Company
399,23036.90,Aerospace and Defense,Italy,Finmeccanica SpA
385,23664.40,Motor Vehicles and Parts,China,China FAW Group Corporation
386,23663.30,Metals,U.S.,Nucor Corporation
387,23568.30,Beverages,Belgium,Anheuser-Busch InBev SA
388,23522.40,Food Services,U.S.,McDonald's Corporation
389,23438.00,Banks: Commercial and Savings,Britain,Standard Chartered PLC
390,23396.10,"Mining, Crude-Oil Production",Britain,BG Group plc
391,23349.30,Wholesalers: Food and Grocery,Germany,Edeka Zentrale AG
392,23292.40,Metals,Germany,Heraeus Holding GmbH
305,28712.50,Utilities,South Korea,Korea Electric Power Corporation
304,28855.00,Insurance: Property and Casualty (Stock),U.S.,Liberty Mutual Holding Company Inc.
303,28946.40,Health Care: Insurance and Managed Care,U.S.,Humana Inc.
302,28956.60,Chemicals,Japan,Mitsubishi Chemical Holdings Corporation
301,28983.90,Food and Drug Stores,Switzerland,"Alliance Boots, GMbH"
200,37953.00,"Mail, Package, and Freight Delivery",U.S.,FedEx Corporation
199,37976.20,Metals,South Korea,POSCO
198,38062.00,Motor Vehicles and Parts,U.S.,"Johnson Controls, Inc."
197,38082.50,"Insurance: Life, Health (Mutual)",Japan,Meiji Yasuda Life Insurance Company
195,38806.70,"Electronics, Electrical Equip.",Netherlands,Royal Philips Electronics N.V.
196,38481.70,"Insurance: Life, Health (stock)",France,CNP Assurances S.A.
194,38903.20,Metals,Japan,"JFE Holdings, Inc."
192,39370.20,Banks: Commercial and Savings,Germany,KFW Bankengruppe
193,39140.10,Utilities,Britain,Centrica plc
190,39610.60,"Computers, Office Equipment",Japan,Canon Inc.
191,39540.00,Network and Other Communications Equipment,U.S.,"Cisco Systems, Inc."
189,39839.10,Trading,Japan,Marubeni Corporation
188,40001.00,Wholesalers: Health Care,Germany,Franz Haniel & Cie. GmbH
186,40202.90,Chemicals,Saudi Arabia,Saudi Basic Industries Corporation
187,40116.70,Food and Drug Stores,Netherlands,Koninklijke Ahold N.V.
185,41083.00,Utilities,China,"China Southern Power Grid Co., Ltd."
183,41459.00,Pharmaceuticals,Switzerland,Novartis AG
184,41094.00,Petroleum Refining,U.S.,Hess Corporation
182,41962.30,"Computers, Office Equipment",Japan,NEC Corporation
181,42179.00,Pharmaceuticals,France,Sanofi-Aventis
180,42195.70,Food and Drug Stores,Australia,Woolworths Limited
178,42855.10,Utilities,Britain,Scottish & Southern Energy Plc
179,42731.00,Aerospace and Defense,U.S.,Lockheed Martin Corporation
177,42867.00,Food Consumer Products,U.S.,Kraft Foods Inc.
175,43251.00,Food Consumer Products,U.S.,"PepsiCo, Inc."
174,43984.20,Banks: Commercial and Savings,Brazil,Banco do Brasil S.A.
173,44104.00,Food and Drug Stores,U.S.,Safeway Inc.
171,44267.50,Pharmaceuticals,Switzerland,Roche Holding Ltd.
170,44457.20,Trading,China,Sinochem Corporation
169,44564.00,Food and Drug Stores,U.S.,Supervalu Inc.
168,44654.00,Pharmaceuticals,Britain,GlaxoSmithKline plc
167,45015.00,Specialty Retailers,U.S.,Best Buy Co. Inc.
166,45118.10,Telecommunications,Italy,Telecom Italia S.p.A.
164,45296.00,Banks: Commercial and Savings,Switzerland,Credit Suisse Group
165,45214.70,Banks: Commercial and Savings,Netherlands,Rabobank Group
163,46057.20,Motor Vehicles and Parts,Sweden,AB Volvo
161,46714.30,"Computers, Office Equipment",Japan,Fujitsu Limited
160,46770.00,General Merchandisers,U.S.,Sears Holdings Corporation
159,46984.00,Entertainment,U.S.,Time Warner Inc.
157,47479.00,Metals,Japan,Nippon Steel Corporation
158,46985.00,Petroleum Refining,Russia,Rosneft Oil Company
156,47881.50,"Engineering, Construction",France,Bouygues SA
155,48063.20,Banks: Commercial and Savings,China,Agricultural Bank of China
153,48230.00,Specialty Retailers,U.S.,"Lowe's Companies, Inc."
154,48181.60,Chemicals,Germany,Bayer AG
152,48296.00,Pharmaceuticals,U.S.,Pfizer Inc.
150,48971.70,"Engineering, Construction",France,Vinci
151,48963.20,Railroads,Germany,Deutsche Bahn AG
147,50996.00,Chemicals,Netherlands,LyondellBasell Industries AF S.C.A.
148,50930.10,Banks: Commercial and Savings,Brazil,Banco Bradesco S.A.
146,51258.00,Health Care: Pharmacy and Other Services,U.S.,"Medco Health Solutions, Inc."
145,51317.20,Banks: Commercial and Savings,China,Bank of China Limited
144,51324.00,Construction and Farm Machinery,U.S.,Caterpillar Inc.
143,51486.00,"Mail, Package, and Freight Delivery",U.S.,"United Parcel Service, Inc."
141,51652.00,Banks: Commercial and Savings,U.S.,Wells Fargo & Company
140,51944.60,Food and Drug Stores,Japan,"AEON Co., Ltd."
141,51652.00,Petroleum Refining,U.S.,"Sunoco, Inc."
139,52012.50,"Insurance: Life, Health (Mutual)",Japan,The Dai-ichi Mutual Life Insurance Co.
137,52947.30,Banks: Commercial and Savings,Italy,Intesa Sanpaolo S.p.A.
138,52574.00,Food Production,U.S.,Bunge Limited
136,53579.00,Banks: Commercial and Savings,U.S.,"The Goldman Sachs Group, Inc."
134,54264.00,"Mining, Crude-Oil Production",Britain,Rio Tinto Group
135,53901.10,Utilities,France,Veolia Environnement SA
133,54534.10,"Insurance: Life, Health (stock)",China,China Life Insurance(Group) Company
132,55085.00,"Insurance: Life, Health (stock)",U.S.,"MetLife, Inc."
131,55097.90,Trading,Japan,"Mitsui & Co., Ltd."
130,55314.10,Motor Vehicles and Parts,France,Renault S.A.
128,56513.70,Banks: Commercial and Savings,Japan,"Mitsubishi UFJ Financial Group, Inc."
129,56107.10,Food and Drug Stores,Japan,"Seven & I Holdings Co., Ltd."
127,57514.00,Chemicals,U.S.,The Dow Chemical Company
126,57792.10,Food and Drug Stores,France,Groupe Auchan
124,58605.20,Utilities,Japan,"The Tokyo Electric Power Co., Inc."
125,57976.90,Banks: Commercial and Savings,China,China Construction Bank Corporation
123,58681.00,Aerospace and Defense,U.S.,United Technologies Corporation
122,59034.00,Food and Drug Stores,U.S.,Walgreen Co.
120,59473.00,"Mining, Crude-Oil Production",Australia,BHP Billiton Limited
121,59312.90,Food Consumer Products,Britain/Netherlands,Unilever N.V./ Unilever PLC
119,59881.80,Banks: Commercial and Savings,Switzerland,UBS AG
118,59984.60,Petroleum Refining,Thailand,PTT Public Company Limited
117,60420.00,Computer Software,U.S.,Microsoft Corporation
116,60909.00,Aerospace and Defense,U.S.,The Boeing Company
115,61101.00,"Computers, Office Equipment",U.S.,Dell Inc.
113,61183.50,Banks: Commercial and Savings,Spain,"Banco Bilbao Vizcaya Argentaria, S.A."
114,61181.60,Trading,Japan,Mitsubishi Corporation
112,61251.10,Health Care: Insurance and Managed Care,U.S.,"WellPoint, Inc."
109,61860.60,"Electronics, Electrical Equip.",Taiwan,"Hon Hai Precision Industry Co., Ltd."
111,61343.40,Insurance: Property and Casualty (Mutual),U.S.,State Farm Insurance Cos.
108,62262.00,Banks: Commercial and Savings,U.S.,Morgan Stanley
106,62636.60,Shipping,Denmark,A.P. Møller-Mærsk A/S
107,62400.50,Banks: Commercial and Savings,Britain,HBOS plc
105,62993.20,Petroleum Refining,India,Indian Oil Corporation Limited
104,63326.30,Aerospace and Defense,Netherlands,European Aeronautic Defence and Space Company EADS N.V.
103,63747.00,Pharmaceuticals,U.S.,Johnson & Johnson
101,64197.50,Petroleum Refining,Japan,Nippon Oil Corporation
102,64109.40,"Building Materials, Glass",France,Compagnie de Saint-Gobain
486,19147.50,Specialty Retailers,U.S.,"The TJX Companies, Inc."
487,19101.00,Health Care: Insurance and Managed Care,U.S.,CIGNA Corporation
488,18907.00,"Electronics, Electrical Equip.",U.S.,Whirlpool Corporation
489,18859.00,Utilities,U.S.,Exelon Corporation
490,18825.30,Wholesalers: Electronics and Office Equipment,France,Rexel S.A.
491,18789.00,"Engineering, Construction",Japan,Shimizu Corporation
492,18766.20,Insurance: Property and Casualty (Mutual),Italy,Premafin Finanziaria SPA
493,18744.60,"Insurance: Life, Health (Mutual)",U.S.,Massachusetts Financial Group
494,18677.00,Banks: Commercial and Savings,China,"Bank of Communications Co., Ltd."
495,18635.20,Trading,South Korea,Samsung C&T Corp.
496,18632.30,Specialty Retailers,Japan,"Yamada Denki Co., Ltd."
497,18627.00,Apparel,U.S.,"Nike, Inc."
498,18603.60,Beverages,Japan,Kirin Holdings Company Limited
499,18578.70,Metals,China,Aluminum Corporation of China
500,18572.30,Shipping,Japan,"Mitsui O.S.K. Lines, Ltd."
470,19645.00,Motor Vehicles and Parts,Japan,Mitsubishi Motors Corporation
471,19494.50,"Engineering, Construction",South Korea,Doosan Corporation
472,19488.00,Motor Vehicles and Parts,U.S.,The Goodyear Tire & Rubber Company
473,19462.60,"Engineering, Construction",France,Eiffage SA
474,19421.90,Airlines,Japan,Japan Airlines Corporation
475,19415.00,Household and Personal Products,U.S.,Kimberly-Clark Corporation
476,19409.90,Banks: Commercial and Savings,Germany,Norddeutsche Landesbank Girozen.
477,19405.60,Banks: Commercial and Savings,Sweden,Skandinaviska Enskilda Banken
478,19395.90,"Engineering, Construction",Japan,Kajima Corporation
479,19365.30,Banks: Commercial and Savings,Canada,Bank of Montreal
480,19308.90,Energy,France,AREVA Group
481,19298.70,Petroleum Refining,Finland,Neste Oil Corporation
482,19259.80,Wholesalers: Health Care,Japan,Alfresa Holdings Corporation
483,19229.00,Banks: Commercial and Savings,U.S.,U.S. Bancorp
484,19178.80,Chemicals,France,L'Air Liquide S.A.
485,19166.00,Internet Services and Retailing,U.S.,Amazon.com Inc.
456,20377.00,Food Services,France,Sodexo
457,20336.60,Utilities,Portugal,"EDP-Energias de Portugal, S.A."
458,20306.40,Insurance: Property and Casualty (Stock),Japan,"Mitsui Sumitomo Insurance Group Holdings, Inc."
459,20194.00,Airlines,U.S.,UAL Corporation
460,20124.50,Construction and Farm Machinery,Japan,Komatsu Ltd.
461,19915.20,Tobacco,Britain,Imperial Tobacco Group Plc
462,19851.10,Energy,Germany,Marquard & Bahls AG
463,19848.00,Insurance: Property and Casualty (Stock),U.S.,Nationwide Mutual Insurance Co.
464,19824.20,Energy,Spain,"Gas Natural SDG, S.A."
465,19818.30,Energy,U.S.,"Constellation Energy Group, Inc."
466,19802.00,Petroleum Refining,Israel,Israel Corporation Limited
467,19769.70,Petroleum Refining,Australia,Caltex Australia Limited
468,19721.00,Aerospace and Defense,Canada,Bombardier Inc.
469,19693.00,Telecommunications,U.S.,"The DirecTV Group, Inc."
441,21019.90,Petroleum Refining,South Korea,S-Oil
442,21005.30,Beverages,Netherlands,Heineken Holding N.V.
443,20949.70,"Engineering, Construction",Spain,Acciona S.A.
444,20896.90,Metals,China,Jiangsu Shagang Group Co. Limited
445,20820.80,"Computers, Office Equipment",Japan,"Ricoh Company, Ltd."
446,20811.20,Banks: Commercial and Savings,Austria,Erste Group Bank AG
447,20705.30,"Engineering, Construction",Spain,"Grupo Ferrovial, S.A."
448,20683.30,Household and Personal Products,Germany,Henkel KGaA
449,20644.30,Petroleum Refining,Hungary,Mol Hungarian Oil and Gas Plc
450,20547.80,Temporary Help,Netherlands,Randstad Holding NV
451,20515.40,"Engineering, Construction",Spain,Fomento de Construcciones y Contratas S.A.
452,20464.60,Entertainment,Japan,Maruhan
453,20383.00,Motor Vehicles and Parts,U.S.,Delphi Corporation
454,20380.00,Metals,Russia,Evraz Group S.A.
455,20378.00,Pharmaceuticals,U.S.,Eli Lilly and Company
426,21737.50,Aerospace and Defense,China,Aviation Industry Corporation of China
427,21734.40,"Insurance: Life, Health (Mutual)",U.S.,Northwestern Mutual Life Insurance Company
428,21675.40,Motor Vehicles and Parts,China,China South Industries Group Corporation
429,21672.80,Metals,Japan,Kobe Steel Ltd.
430,21630.30,Diversified Financials,Germany,Hypo Real Estate Holding
432,21552.80,Temporary Help,U.S.,Manpower Inc.
433,21420.00,"Electronics, Electrical Equip.",Switzerland,Tyco International Ltd.
434,21372.70,Telecommunications,Netherlands,Royal KPN N.V.
435,21366.00,Pharmaceuticals,U.S.,Bristol-Myers Squibb Company
436,21173.90,"Computers, Office Equipment",Taiwan,ASUSTek Computer Inc.
437,21122.30,"Electronics, Electrical Equip.",Japan,"Sumitomo Electric Industries, Ltd."
438,21075.80,Energy,South Korea,Korea Gas Corporation
439,21056.60,Insurance: Property and Casualty (Mutual),France,Groupama S.A.
440,21041.30,"Building Materials, Glass",Germany,HeidelbergCement AG
411,22362.00,Specialty Retailers,China,Jardine Matheson Holdings Limited
412,22325.90,"Engineering, Construction",U.S.,Fluor Corporation
413,22277.30,Food Consumer Products,France,Groupe Danone
414,22230.40,Petroleum Refining,Portugal,"Galp Energia, SGPS, S.A."
415,22229.10,Diversified Financials,China,Citic Group
416,22228.00,Tobacco,Britain,British American Tobacco p.l.c.
417,22043.20,Motor Vehicles and Parts,Japan,"Aisin Seiki Co., Ltd."
418,22022.70,Health Care: Pharmacy and Other Services,U.S.,"Express Scripts, Inc."
419,21980.60,Telecommunications,China,China United Telecommunications Company
420,21976.00,"Mining, Crude-Oil Production",Russia,Surgutneftegas
421,21820.20,"Building Materials, Glass",Mexico,"Cemex, S.A. de C.V."
422,21807.00,Beverages,U.S.,Coca-Cola Enterprises Inc.
423,21795.60,Internet Services and Retailing,U.S.,Google Inc.
424,21791.10,"Engineering, Construction",Sweden,Skanska AB
425,21780.70,Utilities,China,China Huaneng Group
401,22833.90,Pharmaceuticals,U.S.,Wyeth
402,22725.30,"Mining, Crude-Oil Production",India,"Oil and Natural Gas Corporation, Ltd."
403,22697.00,Airlines,U.S.,"Delta Air Lines, Inc."
404,22655.60,Diversified Financials,Belgium,Compagnie Nationale A Portefeuille S.A.
405,22652.00,Diversified Financials,U.S.,Fannie Mae
406,22562.70,Chemicals,Netherlands,Akzo Nobel N.V.
407,22521.80,Food Services,Britain,Compass Group PLC
408,22430.00,Computer Software,U.S.,Oracle Corporation
409,22392.70,Metals,Russia,OAO SeverStal
410,22371.10,Telecommunications,Australia,Telstra Corporation Limited
300,29145.20,Food Production,Singapore,Wilmar International Limited
286,30061.00,Pipelines,U.S.,"Plains All American Pipeline, L.P."
287,30050.00,Food and Drug Stores,Australia,Wesfarmers Limited
288,30018.70,Banks: Commercial and Savings,Sweden,Nordea Bank AB
289,29989.00,Petroleum Refining,India,Bharat Petroleum Corporation Limited
290,29910.80,Motor Vehicles and Parts,Japan,Suzuki Motor Corporation
291,29852.20,"Insurance: Life, Health (stock)",Taiwan,Cathay Life Insurance Co. Ltd.
292,29806.70,"Engineering, Construction",China,China State Construction Engineering Corporation
293,29710.30,Petroleum Refining,Japan,"Cosmo Oil Co., Ltd."
294,29527.60,Pharmaceuticals,U.S.,Abbott Laboratories
295,29394.00,Insurance: Property and Casualty (Stock),U.S.,The Allstate Corporation
296,29362.50,"Insurance: Life, Health (Mutual)",U.S.,Teachers Insurance and Annuity Association College Retiremen
297,29302.00,Aerospace and Defense,U.S.,General Dynamics Corporation
298,29275.00,"Insurance: Life, Health (stock)",U.S.,"Prudential Financial, Inc."
299,29222.50,Temporary Help,Switzerland,"Adecco, S.A."
271,31282.20,Motor Vehicles and Parts,Japan,Denso Corporation
272,31212.90,Banks: Commercial and Savings,Australia,National Australia Bank Limited
274,30950.70,Health Care: Insurance and Managed Care,U.S.,Aetna Inc.
275,30948.60,Semiconductors and Other Electronic Components,Singapore,"Flextronics International, Ltd."
276,30947.50,"Insurance: Life, Health (stock)",Canada,Manulife Financial Corporation
277,30663.30,General Merchandisers,France,"PPR, SA"
278,30572.00,"Building Materials, Glass",Ireland,CRH plc
279,30569.50,Aerospace and Defense,Britain,BAE Systems plc
280,30487.10,"Mail, Package, and Freight Delivery",France,La Poste
281,30239.60,Specialty Retailers,China,Hutchison Whampoa Limited
282,30146.00,Network and Other Communications Equipment,U.S.,"Motorola, Inc."
283,30108.20,Banks: Commercial and Savings,Australia,Westpac Banking Corporation
284,30064.00,"Mining, Crude-Oil Production",Canada,EnCana Corporation
285,30063.40,Specialty Retailers,Germany,Arcandor AG
256,32195.90,Banks: Commercial and Savings,Britain,Lloyds Banking Group plc
257,32167.50,Wholesalers: Food and Grocery,U.S.,CHS Inc.
258,32018.00,Metals,India,Tata Steel Ltd.
259,31944.00,Beverages,U.S.,The Coca-Cola Company
260,31877.00,Banks: Commercial and Savings,U.S.,American Express Company
261,31876.40,Food and Drug Stores,Britain,J. Sainsbury plc
262,31836.00,Chemicals,U.S.,E.I. du Pont de Nemours and Company
263,31813.60,Telecommunications,China,China Telecommunications Corporation
264,31792.30,Petroleum Refining,India,Reliance Industries Limited
265,31688.40,Network and Other Communications Equipment,Sweden,Telefonaktiebolaget LM Ericsson
266,31664.00,Petroleum Refining,Japan,Showa Shell Sekiyu K.K.
267,31654.30,Banks: Commercial and Savings,Australia,Commonwealth Bank of Australia
268,31601.00,Pharmaceuticals,Britain,AstraZeneca PLC
269,31416.20,"Insurance: Life, Health (Mutual)",U.S.,New York Life Insurance Company
270,31292.50,Motor Vehicles and Parts,Japan,Bridgestone Corporation
242,33758.40,"Engineering, Construction",China,China Railway Group
243,33601.60,Industrial Machinery,Japan,"Mitsubishi Heavy Industries, Ltd."
244,33521.50,Petroleum Refining,Japan,"Idemitsu Kosan Co., Ltd."
245,33484.70,Banks: Commercial and Savings,Germany,DZ Bank Deutsche Zentral-Genossenschaftsbank Aktiengesellsch
247,33396.00,Banks: Commercial and Savings,Australia,Australia & New Zealand Banking Group Limited
248,33083.70,zMiscellaneous,Britain,Wolseley plc
250,32996.00,Entertainment,U.S.,News Corporation
251,32606.50,Banks: Commercial and Savings,Belgium,KBC Group N.V.
252,32538.40,"Engineering, Construction",China,China Railway Construction Corporation
253,32479.00,"Computers, Office Equipment",U.S.,"Apple , Inc."
254,32360.60,Food and Drug Stores,Canada,George Weston Limited
255,32349.00,Insurance: Property and Casualty (Stock),Switzerland,Zurich Financial Services
228,34982.80,Banks: Commercial and Savings,Japan,Mizuho Financial Group
229,34954.40,Trading,Japan,Sumitomo Corporation
230,34944.00,Industrial Machinery,Switzerland,ABB Ltd.
231,34870.00,Insurance: Property and Casualty (Stock),Japan,"Tokio Marine Holdings, Inc."
232,34814.40,Telecommunications,Japan,KDDI Corporation
233,34775.70,Banks: Commercial and Savings,Germany,Commerzbank A.G.
234,34668.00,Petroleum Refining,Russia,OAO TNK-BP Holding
235,34362.20,Wholesalers: Electronics and Office Equipment,U.S.,Ingram Micro Inc.
236,34291.30,Banks: Commercial and Savings,Denmark,Danske Bank Aktieselskab
237,34256.00,Telecommunications,U.S.,Comcast Corporation
238,34033.50,Trading,Japan,Itochu Corporation
239,33940.00,Aerospace and Defense,U.S.,Northrop Grumman Corporation
240,33854.60,Airlines,France,Air France-KLM
213,36502.80,Petroleum Refining,South Korea,GS Holdings Corp.
214,36495.70,zMiscellaneous,Germany,TUI AG
215,36482.80,"Electronics, Electrical Equip.",Japan,Mitsubishi Electric Corporation
216,36401.80,Airlines,Germany,Deutsche Lufthansa AG
217,36307.60,"Insurance: Life, Health (Mutual)",Japan,Sumitomo Life Insurance Company
218,36090.20,Trading,China,Noble Group Limited
219,35635.00,Telecommunications,U.S.,Sprint Nextel Corporation
220,35516.60,Metals,China,Baosteel Group Corporation
221,35505.80,"Insurance: Life, Health (stock)",Britain,"Aviva,plc"
222,35477.80,Motor Vehicles and Parts,Germany,Continental AG
223,35469.60,Pipelines,U.S.,"Enterprise GP Holdings, L.P."
224,35445.00,Banks: Commercial and Savings,U.S.,GMAC LLC
225,35365.20,Banks: Commercial and Savings,Japan,Sumitomo Mitsui Financial Group
226,35125.10,"Insurance: Life, Health (stock)",Canada,Power Corporation of Canada
227,35059.10,Energy,Netherlands,GasTerra B.V.
201,37843.00,Entertainment,U.S.,The Walt Disney Company
202,37586.00,Semiconductors and Other Electronic Components,U.S.,Intel Corporation
203,37532.60,Petroleum Refining,Japan,Nippon Mining Holdings
204,37522.10,Wholesalers: Food and Grocery,U.S.,Sysco Corporation
205,37426.00,"Mining, Crude-Oil Production",Brazil,Companhia Vale Do Rio Doce
206,37386.30,Petroleum Refining,Austria,OMV Group
207,37165.90,Telecommunications,France,Vivendi
208,36879.30,Utilities,Spain,Iberdrola SA
209,36867.30,Railroads,France,Societe Nationale des Chemins de Fer Francais
210,36626.50,Telecommunications,Britain,BT Group plc
211,36615.50,Banks: Commercial and Savings,Canada,Royal Bank of Canada
212,36556.00,Aerospace and Defense,U.S.,Honeywell International Inc.
91,70593.50,Wholesalers: Health Care,U.S.,AmerisourceBergen Corp.
92,70567.50,Banks: Commercial and Savings,China,Industrial and Commercial Bank of China
93,69816.00,Food Production,U.S.,Archer-Daniels-Midland Company
94,69138.40,Telecommunications,Britain,Vodafone Group Plc
96,66621.10,"Insurance: Life, Health (Mutual)",Japan,Nippon Life Insurance Company
97,66239.40,"Electronics, Electrical Equip.",Japan,Toshiba Corporation
98,66051.70,Motor Vehicles and Parts,Germany,Robert Bosch GmbH
99,65015.10,Telecommunications,China,China Mobile Communications Corporation
100,64948.00,General Merchandisers,U.S.,Target Corporation
80,76965.40,Petroleum Refining,Malaysia,Petroliam Nasional Berhad
81,76944.70,"Electronics, Electrical Equip.",Japan,Sony Corporation
82,76000.00,Food and Drug Stores,U.S.,The Kroger Company
83,75135.50,Banks: Commercial and Savings,Britain,Barclays Plc
84,74932.00,"Mail, Package, and Freight Delivery",U.S.,United States Postal Service
85,74223.50,Network and Other Communications Equipment,Finland,Nokia Corporation
86,73504.00,Petroleum Refining,U.S.,Marathon Oil Corporation
87,72541.80,Motor Vehicles and Parts,South Korea,Hyundai Motor Company
88,72483.00,Specialty Retailers,U.S.,Costco Wholesale Corporation
89,71850.80,Energy,Germany,RWE Aktiengesellschaft
90,71288.00,Specialty Retailers,U.S.,"The Home Depot, Inc."
77,78289.60,Telecommunications,France,France Télécom SA
78,77863.70,Motor Vehicles and Parts,Germany,Bayerische Motoren Werke Aktiengesellschaft
79,77298.20,"Electronics, Electrical Equip.",Japan,Panasonic Corporation
63,87471.90,Food and Drug Stores,U.S.,CVS Caremark Corporation
64,86913.60,Motor Vehicles and Parts,Italy,Fiat S.p.A.
65,86340.00,Petroleum Refining,Russia,OAO Lukoil
67,83982.00,Motor Vehicles and Parts,Japan,"Nissan Motor Co., Ltd."
68,83503.00,Household and Personal Products,U.S.,The Procter & Gamble Company
69,82081.80,"Electronics, Electrical Equip.",South Korea,LG Corporation
70,81360.40,Banks: Commercial and Savings,Germany,Deutsche Bank Aktiengesellschaft
71,81186.00,Health Care: Insurance and Managed Care,U.S.,UnitedHealth Group Incorporated
72,80810.40,Petroleum Refining,South Korea,"SK Holdings Co., Ltd."
73,80256.80,"Insurance: Life, Health (stock)",France,AXA
74,80210.00,Metals,Germany,ThyssenKrupp AG
76,79176.60,Petroleum Refining,Spain,"Repsol YPF,S.A."
49,101491.00,Banks: Commercial and Savings,U.S.,J.P. Morgan Chase & Co.
50,101216.70,Food and Drug Stores,Germany,Metro AG
51,99652.40,Motor Vehicles and Parts,Japan,"Honda Motor Co., Ltd."
52,99544.20,"Electronics, Electrical Equip.",Japan,"Hitachi, Ltd."
53,99419.10,Energy,France,GDF Suez
54,98708.00,"Mail, Package, and Freight Delivery",Germany,Deutsche Post AG
55,97354.00,Telecommunications,U.S.,Verizon Communications Inc.
56,94300.40,Food and Drug Stores,Britain,Tesco PLC
58,94036.00,Banks: Commercial and Savings,Italy,UniCredit Group
59,91193.40,Chemicals,Germany,BASF Aktiengesellschaft
60,91091.40,Wholesalers: Health Care,U.S.,"Cardinal Health, Inc."
61,90259.60,Telecommunications,Germany,Deutsche Telekom AG
62,90004.90,Utilities,Italy,Enel S.p.a.
35,117803.00,Banks: Commercial and Savings,Spain,Banco Santander S.A.
36,116210.90,Petroleum Refining,Norway,Statoil Hydro ASA
37,113106.00,Banks: Commercial and Savings,U.S.,Bank of America Corporation
38,113087.40,Banks: Commercial and Savings,Britain,The Royal Bank of Scotland Group plc
39,112372.00,Banks: Commercial and Savings,U.S.,"Citigroup, Inc."
40,110350.00,"Electronics, Electrical Equip.",South Korea,"Samsung Electronics Co., Ltd."
41,107786.00,Insurance: Property and Casualty (Stock),U.S.,Berkshire Hathaway Inc.
42,106632.00,Wholesalers: Health Care,U.S.,McKesson Corporation
44,103684.40,Telecommunications,Japan,Nippon Telegraph & Telephone Corporation
45,103630.00,Information Technology Services,U.S.,International Business Machines Corporation
47,103103.00,"Insurance: Life, Health (stock)",Italy,Assicurazioni Generali SpA
21,142049.00,Banks: Commercial and Savings,Britain,HSBC Holdings plc
22,141454.70,Energy,Russia,OAO Gazprom
23,140327.90,Motor Vehicles and Parts,Germany,Daimler AG
24,136096.40,Banks: Commercial and Savings,France,BNP Paribas
25,129133.90,Food and Drug Stores,France,Carrefour SA
26,127277.70,Energy,Germany,E.ON AG
27,126364.00,Petroleum Refining,Venezuela,"Petroleos de Venezuela, S.A."
28,124936.00,Metals,Luxembourg,ArcelorMittal
29,124028.00,Telecommunications,U.S.,AT&T Inc.
30,123595.40,"Electronics, Electrical Equip.",Germany,Siemens Aktiengesellschaft
32,118364.00,"Computers, Office Equipment",U.S.,Hewlett-Packard Company
33,118298.00,Petroleum Refining,U.S.,Valero Energy Corporation
6,234674.10,Petroleum Refining,France,Total S.A.
7,230764.00,Petroleum Refining,U.S.,ConocoPhillips
8,226577.00,Banks: Commercial and Savings,Netherlands,ING Group
9,207814.50,Petroleum Refining,China,China Petrochemical Corp.
10,204352.30,Motor Vehicles and Parts,Japan,Toyota Motor Corporation
11,198699.80,"Insurance: Life, Health (stock)",Japan,"Japan Post Holdings Co., Ltd."
12,183207.00,Diversified Financials,U.S.,General Electric Company
13,181122.60,Petroleum Refining,China,China National Petroleum Corporation
14,166579.10,Motor Vehicles and Parts,Germany,Volkswagen AG
15,164135.90,Utilities,China,State Grid Corporation of China
16,161268.80,Banks: Commercial and Savings,Belgium,Dexia Group
17,159348.50,Petroleum Refining,Italy,ENI S.p.A.
18,148979.00,Motor Vehicles and Parts,U.S.,General Motors Corporation
19,146277.00,Motor Vehicles and Parts,U.S.,Ford Motor Company
20,142394.60,Insurance: Property and Casualty (Stock),Germany,Allianz AG
1,458361.00,Petroleum Refining,Netherlands,Royal Dutch Shell plc
2,442851.00,Petroleum Refining,U.S.,Exxon Mobil Corporation
3,405607.00,General Merchandisers,U.S.,"Wal-Mart Stores, Inc."
4,367053.00,Petroleum Refining,Britain,BP p.l.c.
5,263159.00,Petroleum Refining,U.S.,Chevron Corporation
