rank,revenues,industry,hqCountry,title
305,26707.70,Banks: Commercial and Savings,Australia,National Australia Bank Limited
306,26640.40,Utilities,South Korea,Korea Electric Power Corporation
307,26596.20,Petroleum Refining,India,Bharat Petroleum Corporation Limited
322,25562.80,"Engineering, Construction",Germany,Hochtief A.G.
323,25538.90,Insurance: Property and Casualty (Mutual),France,Groupama S.A.
325,25510.90,Pipelines,U.S.,"Enterprise GP Holdings, L.P."
315,25867.70,"Engineering, Construction",China,China Metallurgical Group Corp.
316,25805.00,"Insurance: Life, Health (stock)",South Korea,Samsung Life Insurance
317,25729.90,Wholesalers: Food and Grocery,U.S.,CHS Inc.
318,25696.00,Petroleum Refining,Russia,OAO TNK-BP Holding
319,25669.10,Food and Drug Stores,U.S.,Rite Aid Corporation
320,25622.70,Banks: Commercial and Savings,Australia,Westpac Banking Corporation
321,25582.00,Banks: Commercial and Savings,Germany,KFW Bankengruppe
308,26592.30,Motor Vehicles and Parts,Japan,Suzuki Motor Corporation
309,26533.90,General Merchandisers,France,"PPR, SA"
310,26335.40,Aerospace and Defense,Italy,Finmeccanica SpA
311,26278.00,"Insurance: Life, Health (Mutual)",U.S.,Teachers Insurance and Annuity Association College Retiremen
312,26098.50,Trading,China,"COFCO, Limited"
313,26019.20,Utilities,China,China Huaneng Group
314,25924.10,Metals,China,"Hebei Iron &amp; Steel Group Co., Ltd."
335,24748.90,Health Care: Pharmacy and Other Services,U.S.,"Express Scripts, Inc."
336,24701.00,Insurance: Property and Casualty (Stock),U.S.,The Hartford Financial Services Group Inc.
337,24680.00,Insurance: Property and Casualty (Stock),U.S.,"The Travelers Companies, Inc."
338,24664.70,Apparel,France,Christian Dior S.A.
339,24515.00,Food and Drug Stores,U.S.,"Publix Super Markets, Inc."
340,24509.00,Internet Services and Retailing,U.S.,Amazon.com Inc.
341,24460.80,zMiscellaneous,Britain,Wolseley plc
327,25428.70,"Computers, Office Equipment",Taiwan,"Quanta Computer, Inc."
328,25423.60,"Insurance: Life, Health (Mutual)",U.S.,Massachusetts Financial Group
329,25298.60,"Insurance: Life, Health (stock)",Japan,"T&amp;D Holdings, Inc."
330,25189.30,Aerospace and Defense,China,Aviation Industry Corporation of China
331,25035.00,Tobacco,U.S.,Philip Morris International Inc.
332,24955.60,Metals,China,China Minmetals Corporation
333,24904.10,Petroleum Refining,Austria,OMV Group
334,24881.00,Aerospace and Defense,U.S.,Raytheon Company
326,25449.40,Energy,Netherlands,GasTerra B.V.
348,24150.40,Aerospace and Defense,China,China North Industries Group Corporation
349,24147.60,"Building Materials, Glass",Ireland,CRH plc
350,24110.70,Semiconductors and Other Electronic Components,Singapore,"Flextronics International, Ltd."
351,24109.70,Utilities,Japan,"Chubu Electric Power Co., Inc."
352,24014.00,Metals,China,Sinosteel Corporation
353,23885.10,Food Production,Singapore,Wilmar International Limited
369,23171.00,Information Technology Services,Ireland,Accenture Plc
370,23123.00,zMiscellaneous,U.S.,3M Company
371,23115.70,Insurance: Property and Casualty (Stock),China,The People's Insurance Co. (Group) of China Ltd.
343,24275.50,Specialty Retailers,U.S.,"Staples, Inc."
344,24263.30,Food and Drug Stores,Britain,William Morrison Supermarkets PLC
345,24254.60,Banks: Commercial and Savings,Germany,Bayerische Landesbank Girozentrale
347,24160.10,"Insurance: Life, Health (stock)",Canada,Sun Life Financial Inc.
366,23252.00,Computer Software,U.S.,Oracle Corporation
367,23201.00,Banks: Commercial and Savings,Germany,Norddeutsche Landesbank Girozen.
368,23183.40,Telecommunications,China,China United Network Communications Ltd.
362,23366.00,zMiscellaneous,U.S.,International Paper Company
363,23311.00,"Mining, Crude-Oil Production",Brazil,Vale S.A.
364,23306.20,Motor Vehicles and Parts,Japan,Mazda Motor Corporation
365,23253.90,"Insurance: Life, Health (stock)",Belgium/Netherlands,Ageas SA/NV
355,23650.60,Internet Services and Retailing,U.S.,Google Inc.
356,23605.10,"Mining, Crude-Oil Production",China,Shenhua Group Corporation Limited of China
357,23526.00,Insurance: Property and Casualty (Stock),Spain,"Mapfre, S.A."
358,23521.10,"Insurance: Life, Health (stock)",South Korea,Hanwha Corporation
359,23497.30,zMiscellaneous,Japan,Fujifilm Holdings Corporaton
360,23489.00,General Merchandisers,U.S.,"Macy's, Inc."
361,23376.20,Banks: Commercial and Savings,Belgium,KBC Group N.V.
384,22330.60,Utilities,Britain,National Grid plc
385,22326.90,Petroleum Refining,Canada,Suncor Energy Inc.
386,22178.80,Wholesalers: Health Care,Japan,Alfresa Holdings Corporation
387,22157.30,Tobacco,Britain,British American Tobacco p.l.c.
388,22127.10,Motor Vehicles and Parts,Japan,"Aisin Seiki Co., Ltd."
389,22099.90,Wholesalers: Electronics and Office Equipment,U.S.,Tech Data Corporation
354,23881.00,Petroleum Refining,India,Hindustan Petroleum Corporation Limited
376,22842.80,Entertainment,Japan,Maruhan
377,22759.50,Tobacco,Britain,Imperial Tobacco Group Plc
378,22744.70,Food Services,U.S.,McDonald's Corporation
379,22732.00,"Mining, Crude-Oil Production",Switzerland,Xstrata plc
380,22702.00,zMiscellaneous,U.S.,Schlumberger Limited
381,22545.10,Metals,Germany,Heraeus Holding GmbH
382,22501.00,Specialty Retailers,China,Jardine Matheson Holdings Limited
383,22373.80,"Insurance: Life, Health (stock)",China,"Ping An Insurance (Group) Company of China, Ltd."
372,23112.40,Construction and Farm Machinery,U.S.,Deere &amp; Company
373,23067.90,Petroleum Refining,Japan,"Cosmo Oil Co., Ltd."
374,22975.70,Food and Drug Stores,Switzerland,Migros-Genossenschafts-Bund
375,22926.10,Industrial Machinery,South Korea,Hyundai Heavy Industries
396,21836.00,Pharmaceuticals,U.S.,Eli Lilly and Company
397,21820.60,Network and Other Communications Equipment,China,"Huawei Technologies Co., Ltd."
399,21778.40,Banks: Commercial and Savings,Australia,Australia &amp; New Zealand Banking Group Limited
400,21758.20,Semiconductors and Other Electronic Components,Canada,Onex Corporation
393,21990.30,"Engineering, Construction",U.S.,Fluor Corporation
394,21951.50,"Electronics, Electrical Equip.",France,Schneider Electric SA
395,21902.10,General Merchandisers,China,China Resources National Corporation
392,22036.30,Entertainment,Germany,Bertelsmann AG
390,22078.00,"Building Materials, Glass",France,Lafarge S.A.
391,22063.00,Network and Other Communications Equipment,U.S.,"Motorola, Inc."
304,26730.00,Banks: Commercial and Savings,U.S.,American Express Company
302,26937.90,Specialty Retailers,China,Hutchison Whampoa Limited
303,26856.90,Utilities,Sweden,Vattenfall AB
301,26996.80,Network and Other Communications Equipment,Sweden,Telefonaktiebolaget LM Ericsson
200,36117.00,Network and Other Communications Equipment,U.S.,"Cisco Systems, Inc."
199,36149.00,Entertainment,U.S.,The Walt Disney Company
197,36537.00,"Computers, Office Equipment",U.S.,"Apple , Inc."
198,36522.70,Food and Drug Stores,Australia,Woolworths Limited
196,36758.00,Beverages,Belgium,Anheuser-Busch InBev SA
195,36797.90,Trading,Japan,Itochu Corporation
194,36853.30,Wholesalers: Food and Grocery,U.S.,Sysco Corporation
192,37466.50,Food and Drug Stores,Australia,Wesfarmers Limited
193,37072.70,Telecommunications,Japan,KDDI Corporation
191,37563.40,Metals,Japan,Nippon Steel Corporation
190,37614.00,Diversified Financials,U.S.,Freddie Mac
189,37712.10,Telecommunications,France,Vivendi
187,38116.70,"Engineering, Construction",China,China State Construction Engineering Corporation Ltd.
188,37926.90,Utilities,Britain,Centrica plc
186,38458.30,Insurance: Property and Casualty (Stock),Japan,"Tokio Marine Holdings, Inc."
184,38814.40,Food and Drug Stores,Netherlands,Koninklijke Ahold N.V.
185,38591.30,"Computers, Office Equipment",Japan,NEC Corporation
183,39356.40,Banks: Commercial and Savings,Switzerland,UBS AG
181,39763.70,Telecommunications,Italy,Telecom Italia S.p.A.
182,39402.00,Motor Vehicles and Parts,China,Dongfeng Motor Corporation
179,40386.00,Food Consumer Products,U.S.,Kraft Foods Inc.
178,40597.00,Food and Drug Stores,U.S.,Supervalu Inc.
177,40774.20,Railroads,Germany,Deutsche Bahn AG
176,40850.70,Food and Drug Stores,U.S.,Safeway Inc.
175,41084.80,Petroleum Refining,India,Reliance Industries Limited
173,41825.00,"Mining, Crude-Oil Production",Britain,Rio Tinto Group
174,41098.00,"Insurance: Life, Health (stock)",U.S.,"MetLife, Inc."
172,41926.00,Food Production,U.S.,Bunge Limited
171,43232.00,Food Consumer Products,U.S.,"PepsiCo, Inc."
170,43322.00,Chemicals,Germany,Bayer AG
168,43579.10,"Engineering, Construction",France,Bouygues SA
169,43405.40,Pharmaceuticals,France,Sanofi-Aventis
167,43604.40,Diversified Financials,U.S.,International Assets Holding Corporation
165,44043.00,General Merchandisers,U.S.,Sears Holdings Corporation
166,43780.30,"Insurance: Life, Health (Mutual)",Japan,Sumitomo Life Insurance Company
164,44119.60,Trading,Japan,"Mitsui & Co., Ltd."
162,44377.80,"Engineering, Construction",France,Vinci
163,44239.70,Pharmaceuticals,Britain,GlaxoSmithKline plc
160,45103.00,Pharmaceuticals,Switzerland,Novartis AG
161,44945.00,Chemicals,U.S.,The Dow Chemical Company
159,45189.00,Aerospace and Defense,U.S.,Lockheed Martin Corporation
158,45262.50,"Insurance: Life, Health (Mutual)",Japan,Meiji Yasuda Life Insurance Company
156,45735.30,Utilities,China,"China Southern Power Grid Co., Ltd."
157,45297.00,"Mail, Package, and Freight Delivery",U.S.,"United Parcel Service, Inc."
155,46220.20,Petroleum Refining,Thailand,PTT Public Company Limited
153,47109.30,Pharmaceuticals,Switzerland,Roche Holding Ltd.
154,46858.00,Motor Vehicles and Parts,France,Renault S.A.
152,47220.00,Specialty Retailers,U.S.,"Lowe's Companies, Inc."
150,47658.20,Banks: Commercial and Savings,Switzerland,Credit Suisse Group AG
151,47281.90,Banks: Commercial and Savings,Italy,Intesa Sanpaolo S.p.A.
149,48074.20,Banks: Commercial and Savings,Spain,"Banco Bilbao Vizcaya Argentaria, S.A."
148,48121.90,Banks: Commercial and Savings,Brazil,Banco do Brasil S.A.
145,49142.00,Utilities,France,Veolia Environnement SA
146,48912.90,Trading,Japan,Mitsubishi Corporation
144,49403.00,Petroleum Refining,U.S.,Marathon Oil Corporation
143,49681.50,Banks: Commercial and Savings,China,Bank of China Limited
142,49694.00,Specialty Retailers,U.S.,Best Buy Co. Inc.
141,49741.50,Banks: Commercial and Savings,China,Agricultural Bank of China
140,50009.00,Pharmaceuticals,U.S.,Pfizer Inc.
138,50399.40,"Computers, Office Equipment",Japan,Fujitsu Limited
139,50211.00,"Mining, Crude-Oil Production",Australia,BHP Billiton Limited
136,51405.00,Petroleum Refining,Japan,"JX Holdings, Inc."
137,50704.40,"Engineering, Construction",China,China Railway Group
135,51608.40,Banks: Commercial and Savings,Brazil,Banco Bradesco S.A.
134,51673.00,Banks: Commercial and Savings,U.S.,"The Goldman Sachs Group, Inc."
132,52520.70,"Building Materials, Glass",France,Compagnie de Saint-Gobain
133,52044.30,"Engineering, Construction",China,China Railway Construction Corporation
131,52902.00,"Computers, Office Equipment",U.S.,Dell Inc.
130,52920.00,Aerospace and Defense,U.S.,United Technologies Corporation
129,53060.00,Motor Vehicles and Parts,Germany,Robert Bosch GmbH
127,54092.20,Food and Drug Stores,Japan,"AEON Co., Ltd."
128,54026.20,Utilities,Japan,"The Tokyo Electric Power Co., Inc."
126,54284.90,Banks: Commercial and Savings,Japan,"Mitsubishi UFJ Financial Group, Inc."
124,54701.20,Food and Drug Stores,Japan,"Seven & I Holdings Co., Ltd."
125,54287.50,Petroleum Refining,India,Indian Oil Corporation Limited
122,55140.70,Food and Drug Stores,France,Groupe Auchan
123,54815.90,Metals,Germany,ThyssenKrupp AG
121,55352.00,Food Consumer Products,Britain/Netherlands,Unilever N.V./ Unilever PLC
120,56965.70,Network and Other Communications Equipment,Finland,Nokia Corporation
118,57019.10,"Insurance: Life, Health (stock)",China,China Life Insurance(Group) Company
119,57017.60,"Insurance: Life, Health (Mutual)",Japan,The Dai-ichi Life Insurance Co.
116,58361.20,Banks: Commercial and Savings,China,China Construction Bank Corporation
115,58437.00,Computer Software,U.S.,Microsoft Corporation
113,58997.80,Banks: Commercial and Savings,Germany,Deutsche Bank Aktiengesellschaft
114,58571.10,Petroleum Refining,Spain,"Repsol YPF,S.A."
112,59323.60,"Electronics, Electrical Equip.",Taiwan,"Hon Hai Precision Industry Co., Ltd."
110,59804.20,Health Care: Pharmacy and Other Services,U.S.,"Medco Health Solutions, Inc."
111,59520.40,Aerospace and Defense,Netherlands,European Aeronautic Defence and Space Company EADS N.V.
109,61479.60,Insurance: Property and Casualty (Mutual),U.S.,State Farm Insurance Cos.
108,61897.00,Pharmaceuticals,U.S.,Johnson & Johnson
107,62577.20,Petroleum Refining,Malaysia,Petroliam Nasional Berhad
106,63335.00,Food and Drug Stores,U.S.,Walgreen Co.
103,64506.20,"Insurance: Life, Health (stock)",Netherlands,AEGON N.V.
104,64396.20,Petroleum Refining,South Korea,"SK Holdings Co., Ltd."
102,64708.90,Banks: Commercial and Savings,Italy,UniCredit Group
101,64795.30,Energy,Germany,RWE Aktiengesellschaft
488,17367.00,Motor Vehicles and Parts,Canada,"Magna International, Inc."
489,17338.80,zMiscellaneous,Japan,"Daiwa House Industry Co., Ltd."
490,17320.20,Motor Vehicles and Parts,Germany,MAN Aktiengesellschaft
491,17318.00,Utilities,U.S.,Exelon Corporation
492,17240.00,"Electronics, Electrical Equip.",Switzerland,Tyco International Ltd.
493,17238.10,Food and Drug Stores,Switzerland,Coop
494,17235.20,Temporary Help,Netherlands,Randstad Holding NV
495,17178.00,General Merchandisers,U.S.,Kohl's Corporation
496,17161.30,Food Production,Brazil,JBS S.A.
497,17116.90,"Engineering, Construction",Japan,Shimizu Corporation
498,17099.00,"Electronics, Electrical Equip.",U.S.,Whirlpool Corporation
499,17091.40,zMiscellaneous,France,Suez Environnement Company
500,17053.40,zMiscellaneous,Japan,"Dai Nippon Printing Co., Ltd."
476,17887.00,"Engineering, Construction",Sweden,Skanska AB
477,17871.00,Utilities,China,China Guodian Corporation
478,17868.00,Telecommunications,U.S.,Time Warner Cable Inc.
479,17850.00,"Electronics, Electrical Equip.",Japan,"Sanyo Electric Co., Ltd."
480,17651.90,"Engineering, Construction",Spain,Fomento de Construcciones y Contratas S.A.
481,17634.70,"Engineering, Construction",Japan,Kajima Corporation
482,17571.00,Diversified Financials,Belgium,Compagnie Nationale A Portefeuille S.A.
483,17557.60,Insurance: Property and Casualty (Stock),U.S.,United Services Automobile Association
484,17556.00,General Merchandisers,U.S.,"J.C. Penney Company, Inc."
485,17457.60,Chemicals,Japan,"Sumitomo Chemical Co., Ltd."
486,17446.60,"Engineering, Construction",Austria,Strabag SE
487,17380.10,"Computers, Office Equipment",Taiwan,Acer Inc.
462,18691.50,Wholesalers: Health Care,Japan,"Suzuken Co., Ltd."
463,18629.50,Pharmaceuticals,Germany,Boehringer Ingelheim
464,18520.00,Pipelines,U.S.,"Plains All American Pipeline, L.P."
465,18474.30,"Computers, Office Equipment",Taiwan,ASUSTek Computer Inc.
466,18467.80,Banks: Commercial and Savings,Austria,Erste Group Bank AG
467,18414.00,Health Care: Insurance and Managed Care,U.S.,CIGNA Corporation
468,18280.70,Shipping,Japan,Nippon Yusen Kabushiki Kaisha
469,18254.40,"Insurance: Life, Health (stock)",U.S.,Aflac Incorporated
470,18175.00,Chemicals,Germany,Evonik Industries A.G.
472,18056.90,"Insurance: Life, Health (stock)",Italy,Mediolanum S.p.A.
473,17997.30,Metals,Japan,Kobe Steel Ltd.
474,17915.00,Utilities,Japan,"Tohoku Electric Power Co., Inc."
475,17904.60,Aerospace and Defense,France,Thales Group
448,19366.00,Aerospace and Defense,Canada,Bombardier Inc.
449,19343.50,zMiscellaneous,Germany,TUI AG
450,19310.60,Chemicals,Netherlands,Akzo Nobel N.V.
451,19231.00,Banks: Commercial and Savings,U.S.,The PNC Financial Services Group Inc.
452,19204.40,Petroleum Refining,Taiwan,Formosa Petrochemical Corporation
453,19176.10,Apparel,U.S.,"Nike, Inc."
454,19138.00,Petroleum Refining,U.S.,Murphy Oil Corporation
455,19115.00,Household and Personal Products,U.S.,Kimberly-Clark Corporation
456,18957.50,"Engineering, Construction",France,Eiffage SA
457,18865.80,Household and Personal Products,Germany,Henkel KGaA
458,18823.60,Telecommunications,Australia,Telstra Corporation Limited
459,18776.80,Telecommunications,Netherlands,Royal KPN N.V.
460,18749.80,Telecommunications,Russia,Sistema JSFC
461,18745.00,Metals,U.S.,"Alcoa, Inc."
433,20288.40,Specialty Retailers,U.S.,"The TJX Companies, Inc."
434,20252.80,Petroleum Refining,Taiwan,"CPC Corporation, Taiwan"
435,19917.00,Airlines,U.S.,AMR Corporation
436,19851.40,Metals,China,Aluminum Corporation of China
437,19817.60,Food Services,France,Sodexo
438,19777.90,"Electronics, Electrical Equip.",Japan,"Sumitomo Electric Industries, Ltd."
439,19687.30,Health Care: Medical Facilities,Germany,Fresenius SE
440,19567.50,Banks: Commercial and Savings,China,"Bank of Communications Co., Ltd."
441,19548.30,Energy,France,AREVA Group
442,19500.90,Motor Vehicles and Parts,India,Tata Motors Limited
443,19490.00,Banks: Commercial and Savings,U.S.,U.S. Bancorp
444,19476.80,Food and Drug Stores,Britain,The Co-operative Group
445,19470.20,Insurance: Property and Casualty (Stock),Japan,"NKSJ Holdings, Inc."
446,19462.20,"Building Materials, Glass",Switzerland,Holcim Ltd.
447,19403.00,Banks: Commercial and Savings,U.S.,GMAC Inc.
419,20941.00,Banks: Commercial and Savings,Britain,Standard Chartered PLC
420,20915.00,"Electronics, Electrical Equip.",U.S.,Emerson Electric Co.
421,20858.00,"Mining, Crude-Oil Production",Britain,Anglo American plc
422,20824.20,Food Consumer Products,France,Danone
423,20751.00,Insurance: Property and Casualty (Stock),U.S.,Nationwide Mutual Insurance Co.
424,20747.10,Food Services,Britain,Compass Group PLC
425,20681.10,Energy,Spain,"Gas Natural Fenosa, S.A."
427,20567.10,Temporary Help,Switzerland,"Adecco, S.A."
428,20543.00,Metals,China,Wuhan Iron and Steel (Group) Company
429,20502.60,Beverages,Japan,Kirin Holdings Company Limited
430,20490.60,Beverages,Netherlands,Heineken Holding N.V.
431,20448.10,"Computers, Office Equipment",Taiwan,"Compal Electronics, Inc."
432,20424.50,Insurance: Property and Casualty (Stock),Italy,Premafin Finanziaria SPA
405,21634.00,Pharmaceuticals,U.S.,Bristol-Myers Squibb Company
407,21611.70,Petroleum Refining,Japan,Showa Shell Sekiyu K.K.
408,21602.60,"Insurance: Life, Health (Mutual)",U.S.,Northwestern Mutual Life Insurance Company
409,21599.80,Banks: Commercial and Savings,Sweden,Nordea Bank AB
410,21582.10,Metals,India,Tata Steel Ltd.
411,21565.00,Telecommunications,U.S.,DIRECTV
412,21460.20,Utilities,China,China Datang Corporation
413,21447.50,"Mining, Crude-Oil Production",India,"Oil and Natural Gas Corporation, Ltd."
414,21428.20,Banks: Commercial and Savings,Canada,Bank of Nova Scotia
415,21418.60,Metals,China,Jiangsu Shagang Group Co. Limited
416,21334.70,Tobacco,Japan,Japan Tobacco Inc.
417,21138.60,Insurance: Property and Casualty (Stock),Japan,"MS&AD Insurance Group Holdings, Inc."
418,21067.50,Network and Other Communications Equipment,France,Alcatel-Lucent
401,21733.40,Banks: Commercial and Savings,Canada,The Toronto-Dominion Bank
402,21716.40,"Computers, Office Equipment",Japan,"Ricoh Company, Ltd."
403,21714.30,Specialty Retailers,Japan,"Yamada Denki Co., Ltd."
404,21645.00,Beverages,U.S.,Coca-Cola Enterprises Inc.
300,27065.80,Petroleum Refining,South Korea,GS Holdings Corp.
281,28315.10,"Insurance: Life, Health (stock)",Taiwan,Cathay Life Insurance Co. Ltd.
282,28212.80,Banks: Commercial and Savings,India,State Bank of India
283,28073.60,Utilities,Japan,"The Kansai Electric Power Co., Inc."
284,28063.00,Airlines,U.S.,"Delta Air Lines, Inc."
285,28009.40,Food and Drug Stores,Canada,George Weston Limited
286,27935.00,"Mail, Package, and Freight Delivery",Italy,Poste Italiane SpA
287,27932.00,Motor Vehicles and Parts,Germany,Continental AG
288,27802.70,"Insurance: Life, Health (stock)",Britain,Standard Life plc
289,27750.30,Motor Vehicles and Parts,Japan,Bridgestone Corporation
290,27739.30,Industrial Machinery,France,Alstom
291,27732.30,Food and Drug Stores,Belgium,Delhaize Group
292,27719.60,Railroads,Japan,East Japan Railway Company
293,27481.30,Chemicals,Saudi Arabia,Saudi Basic Industries Corporation
294,27428.30,Pharmaceuticals,U.S.,"Merck & Co., Inc."
295,27421.30,Wholesalers: Health Care,Japan,"Medipal Holdings Co., Ltd."
296,27328.00,Chemicals,U.S.,E.I. du Pont de Nemours and Company
297,27165.00,Food Production,U.S.,"Tyson Foods, Inc."
298,27162.50,Banks: Commercial and Savings,Australia,Commonwealth Bank of Australia
299,27087.90,Chemicals,Japan,Mitsubishi Chemical Holdings Corporation
265,29643.60,Airlines,France,Air France-KLM
266,29630.00,Petroleum Refining,U.S.,"Sunoco, Inc."
267,29569.00,Petroleum Refining,U.S.,Hess Corporation
268,29515.40,Wholesalers: Electronics and Office Equipment,U.S.,Ingram Micro Inc.
270,29065.00,Diversified Financials,U.S.,Fannie Mae
271,29049.50,"Insurance: Life, Health (stock)",Canada,Power Corporation of Canada
272,28882.60,Metals,South Korea,POSCO
274,28842.00,Entertainment,U.S.,Time Warner Inc.
275,28756.70,Motor Vehicles and Parts,China,China South Industries Group Corporation
276,28590.90,Metals,China,Baosteel Group Corporation
277,28560.40,Petroleum Refining,Japan,"Idemitsu Kosan Co., Ltd."
278,28550.70,Motor Vehicles and Parts,Sweden,AB Volvo
279,28531.50,"Mail, Package, and Freight Delivery",France,La Poste
280,28497.00,Motor Vehicles and Parts,U.S.,"Johnson Controls, Inc."
248,30908.00,Aerospace and Defense,U.S.,Honeywell International Inc.
249,30829.00,Chemicals,Netherlands,LyondellBasell Industries AF S.C.A.
250,30764.70,Pharmaceuticals,U.S.,Abbott Laboratories
251,30745.20,Insurance: Property and Casualty (Stock),Switzerland,Swiss Reinsurance Company
252,30679.90,"Mining, Crude-Oil Production",China,China National Offshore Oil Corp.
253,30634.30,Metals,Japan,"JFE Holdings, Inc."
254,30604.80,Diversified Financials,China,Citic Group
255,30423.00,Entertainment,U.S.,News Corporation
256,30394.50,Banks: Commercial and Savings,Russia,Savings Bank of the Russian Federation
257,30346.40,Banks: Commercial and Savings,Japan,Mizuho Financial Group
258,30236.80,Motor Vehicles and Parts,China,China FAW Group Corporation
260,30052.00,Health Care: Medical Facilities,U.S.,HCA Inc
261,29976.20,Wholesalers: Food and Grocery,Germany,Edeka Zentrale AG
262,29847.50,Food and Drug Stores,Switzerland,"Alliance Boots, GMbH"
263,29762.50,Telecommunications,Japan,Softbank Corporation
264,29682.20,"Electronics, Electrical Equip.",Japan,Sharp Corporation
236,31827.60,Food and Drug Stores,Britain,J. Sainsbury plc
237,31797.00,Industrial Machinery,Switzerland,ABB Ltd.
238,31773.10,Aerospace and Defense,Britain,BAE Systems plc
239,31674.00,Industrial Machinery,Japan,"Mitsubishi Heavy Industries, Ltd."
240,31515.00,Banks: Commercial and Savings,U.S.,Morgan Stanley
241,31511.70,Petroleum Refining,Japan,Nippon Mining Holdings
242,31183.10,Trading,China,Noble Group Limited
243,31094.00,Insurance: Property and Casualty (Stock),U.S.,Liberty Mutual Holding Company Inc.
244,31063.20,Trading,Japan,Sumitomo Corporation
245,30990.00,Beverages,U.S.,The Coca-Cola Company
246,30972.30,Airlines,Germany,Deutsche Lufthansa AG
247,30960.40,Health Care: Insurance and Managed Care,U.S.,Humana Inc.
220,34071.80,"Insurance: Life, Health (stock)",Britain,Old Mutual plc
221,34014.30,"Insurance: Life, Health (Mutual)",U.S.,New York Life Insurance Company
222,33860.20,Telecommunications,Britain,BT Group plc
223,33628.90,Motor Vehicles and Parts,China,Shanghai Automotive Industry Corporation
224,33465.40,"Engineering, Construction",China,China Communications Construction Group Ltd.
225,33396.30,Banks: Commercial and Savings,Netherlands,Rabobank Group
226,32804.00,Pharmaceuticals,Britain,AstraZeneca PLC
227,32688.00,"Insurance: Life, Health (stock)",U.S.,"Prudential Financial, Inc."
228,32610.00,Banks: Commercial and Savings,Canada,Royal Bank of Canada
229,32396.00,Construction and Farm Machinery,U.S.,Caterpillar Inc.
230,32260.00,Telecommunications,U.S.,Sprint Nextel Corporation
231,32231.60,"Electronics, Electrical Equip.",Netherlands,Royal Philips Electronics N.V.
232,32059.80,Motor Vehicles and Parts,Japan,Denso Corporation
233,32013.00,Insurance: Property and Casualty (Stock),U.S.,The Allstate Corporation
234,31981.00,Aerospace and Defense,U.S.,General Dynamics Corporation
235,31851.10,Banks: Commercial and Savings,Denmark,Danske Bank Aktieselskab
206,35326.00,Trading,Japan,Marubeni Corporation
207,35291.00,Aerospace and Defense,U.S.,Northrop Grumman Corporation
208,35143.90,"Insurance: Life, Health (stock)",Canada,Manulife Financial Corporation
209,35127.00,Semiconductors and Other Electronic Components,U.S.,Intel Corporation
210,34764.10,Health Care: Insurance and Managed Care,U.S.,Aetna Inc.
211,34695.00,Petroleum Refining,Russia,Rosneft Oil Company
212,34633.40,Banks: Commercial and Savings,Germany,DZ Bank Deutsche Zentral-Genossenschaftsbank Aktiengesellsch
213,34611.20,Banks: Commercial and Savings,Germany,Commerzbank A.G.
214,34584.70,Railroads,France,Societe Nationale des Chemins de Fer Francais
215,34356.70,Utilities,Britain,Scottish & Southern Energy Plc
216,34292.00,"Computers, Office Equipment",Japan,Canon Inc.
217,34135.70,Utilities,Spain,Iberdrola SA
218,34103.50,Banks: Commercial and Savings,Japan,Sumitomo Mitsui Financial Group
219,34087.10,Wholesalers: Health Care,Germany,Franz Haniel & Cie. GmbH
201,36115.70,"Electronics, Electrical Equip.",Japan,Mitsubishi Electric Corporation
202,35756.00,Telecommunications,U.S.,Comcast Corporation
203,35576.70,Trading,China,Sinochem Group
204,35557.30,Telecommunications,China,China Telecommunications Corporation
205,35497.00,"Mail, Package, and Freight Delivery",U.S.,FedEx Corporation
92,68090.00,"Mail, Package, and Freight Delivery",U.S.,United States Postal Service
93,68025.00,Petroleum Refining,Russia,OAO Lukoil
95,66555.70,"Insurance: Life, Health (stock)",France,CNP Assurances S.A.
96,66532.70,Banks: Commercial and Savings,Britain,Barclays Plc
97,66176.00,Specialty Retailers,U.S.,"The Home Depot, Inc."
98,65357.00,General Merchandisers,U.S.,Target Corporation
99,65110.00,Metals,Luxembourg,ArcelorMittal
100,65028.10,Health Care: Insurance and Managed Care,U.S.,"WellPoint, Inc."
78,71677.90,Motor Vehicles and Parts,South Korea,Hyundai Motor Company
79,71422.00,Specialty Retailers,U.S.,Costco Wholesale Corporation
80,70899.40,Telecommunications,Britain,Vodafone Group Plc
81,70460.70,Chemicals,Germany,BASF Aktiengesellschaft
82,70444.10,Motor Vehicles and Parts,Germany,Bayerische Motoren Werke Aktiengesellschaft
83,70272.00,Insurance: Property and Casualty (Stock),Switzerland,Zurich Financial Services
84,70035.00,Petroleum Refining,U.S.,Valero Energy Corporation
85,69639.30,Motor Vehicles and Parts,Italy,Fiat S.p.A.
86,69426.60,"Mail, Package, and Freight Delivery",Germany,Deutsche Post AG
87,69295.10,Banks: Commercial and Savings,China,Industrial and Commercial Bank of China
88,69207.00,Food Production,U.S.,Archer-Daniels-Midland Company
89,68731.20,"Electronics, Electrical Equip.",Japan,Toshiba Corporation
90,68290.30,"Insurance: Life, Health (stock)",Britain,Legal & General Group Plc
91,68281.00,Aerospace and Defense,U.S.,The Boeing Company
64,80721.80,"Mining, Crude-Oil Production",Mexico,Petróleos Mexicanos
65,79893.30,"Electronics, Electrical Equip.",Japan,Panasonic Corporation
66,79697.00,Household and Personal Products,U.S.,The Procter & Gamble Company
67,78891.70,"Electronics, Electrical Equip.",South Korea,LG Corporation
69,77696.30,"Electronics, Electrical Equip.",Japan,Sony Corporation
70,76733.20,Food and Drug Stores,U.S.,The Kroger Company
71,76463.90,Banks: Commercial and Savings,France,Groupe BPCE
72,75010.10,"Insurance: Life, Health (stock)",Britain,Prudential plc
74,73999.70,Petroleum Refining,Norway,Statoil ASA
75,72051.40,"Insurance: Life, Health (Mutual)",Japan,Nippon Life Insurance Company
76,71789.00,Wholesalers: Health Care,U.S.,AmerisourceBergen Corp.
77,71748.60,Telecommunications,China,China Mobile Communications Corporation
49,95143.50,Banks: Commercial and Savings,Belgium,Dexia Group
50,94472.20,Energy,Russia,OAO Gazprom
51,92399.60,Motor Vehicles and Parts,Japan,"Honda Motor Co., Ltd."
53,92139.60,"Insurance: Life, Health (stock)",Britain,"Aviva,plc"
55,91766.90,Banks: Commercial and Savings,Britain,The Royal Bank of Scotland Group plc
56,91182.00,Petroleum Refining,Venezuela,"Petroleos de Venezuela, S.A."
57,91151.50,Food and Drug Stores,Germany,Metro AG
58,90234.00,Food and Drug Stores,Britain,Tesco PLC
59,89793.60,Telecommunications,Germany,Deutsche Telekom AG
60,89329.30,Utilities,Italy,Enel S.p.a.
61,87138.00,Health Care: Insurance and Managed Care,U.S.,UnitedHealth Group Incorporated
63,80962.70,Motor Vehicles and Parts,Japan,"Nissan Motor Co., Ltd."
38,104589.00,Motor Vehicles and Parts,U.S.,General Motors Corporation
39,103736.00,Banks: Commercial and Savings,Britain,HSBC Holdings plc
40,103604.70,"Electronics, Electrical Equip.",Germany,Siemens Aktiengesellschaft
41,103189.00,Insurance: Property and Casualty (Stock),U.S.,"American International Group,Inc."
42,102967.20,Banks: Commercial and Savings,Britain,Lloyds Banking Group plc
43,99612.90,Wholesalers: Health Care,U.S.,"Cardinal Health, Inc."
45,98729.00,Food and Drug Stores,U.S.,CVS Caremark Corporation
46,98636.00,Banks: Commercial and Savings,U.S.,Wells Fargo & Company
47,96593.20,"Electronics, Electrical Equip.",Japan,"Hitachi, Ltd."
48,95758.00,Information Technology Services,U.S.,International Business Machines Corporation
25,115632.00,Banks: Commercial and Savings,U.S.,J.P. Morgan Chase & Co.
26,114552.00,"Computers, Office Equipment",U.S.,Hewlett-Packard Company
27,113849.40,Energy,Germany,E.ON AG
28,112493.00,Insurance: Property and Casualty (Stock),U.S.,Berkshire Hathaway Inc.
29,111068.60,Energy,France,GDF Suez
30,109700.40,Motor Vehicles and Parts,Germany,Daimler AG
31,109655.60,Telecommunications,Japan,Nippon Telegraph & Telephone Corporation
32,108926.80,"Electronics, Electrical Equip.",South Korea,"Samsung Electronics Co., Ltd."
33,108785.00,Banks: Commercial and Savings,U.S.,"Citigroup, Inc."
34,108702.00,Wholesalers: Health Care,U.S.,McKesson Corporation
35,107808.00,Telecommunications,U.S.,Verizon Communications Inc.
37,106344.60,Banks: Commercial and Savings,Spain,Banco Santander S.A.
11,163527.00,Petroleum Refining,U.S.,Chevron Corporation
12,163203.80,Banks: Commercial and Savings,Netherlands,ING Group
13,156779.00,Diversified Financials,U.S.,General Electric Company
14,155887.10,Petroleum Refining,France,Total S.A.
15,150450.00,Banks: Commercial and Savings,U.S.,Bank of America Corporation
16,146204.70,Motor Vehicles and Parts,Germany,Volkswagen AG
17,139515.00,Petroleum Refining,U.S.,ConocoPhillips
18,130708.10,Banks: Commercial and Savings,France,BNP Paribas
19,126012.50,"Insurance: Life, Health (stock)",Italy,Assicurazioni Generali SpA
20,125999.00,Insurance: Property and Casualty (Stock),Germany,Allianz AG
21,123018.00,Telecommunications,U.S.,AT&T Inc.
22,121452.50,Food and Drug Stores,France,Carrefour SA
23,118308.00,Motor Vehicles and Parts,U.S.,Ford Motor Company
24,117235.40,Petroleum Refining,Italy,ENI S.p.A.
1,408214.00,General Merchandisers,U.S.,"Wal-Mart Stores, Inc."
2,285129.00,Petroleum Refining,Netherlands,Royal Dutch Shell plc
3,284650.00,Petroleum Refining,U.S.,Exxon Mobil Corporation
4,246138.00,Petroleum Refining,Britain,BP p.l.c.
5,204106.10,Motor Vehicles and Parts,Japan,Toyota Motor Corporation
6,202196.10,"Insurance: Life, Health (stock)",Japan,"Japan Post Holdings Co., Ltd."
7,187517.70,Petroleum Refining,China,China Petrochemical Corp.
8,184495.80,Utilities,China,State Grid Corporation of China
9,175257.40,"Insurance: Life, Health (stock)",France,AXA
10,165496.50,Petroleum Refining,China,China National Petroleum Corporation
