rank,revenues,industry,hqCountry,title
309,31089.70,Wholesalers: Health Care,Japan,"Medipal Holdings Co., Ltd."
310,31073.00,Food and Drug Stores,Canada,George Weston Limited
311,31006.40,Aerospace and Defense,China,Aviation Industry Corp. of China
304,31589.00,Industrial Machinery,Switzerland,ABB Ltd.
305,31400.00,Insurance: Property and Casualty (Stock),U.S.,The Allstate Corporation
306,31377.80,"Mail, Package, and Freight Delivery",France,La Poste
307,31278.70,Food Production,Brazil,JBS S.A.
308,31199.50,Airlines,France,Air France-KLM
321,30041.40,"Insurance: Life, Health (stock)",South Korea,Hanwha Corporation
322,29645.10,Utilities,Sweden,Vattenfall AB
313,30683.00,Health Care: Medical Facilities,U.S.,"HCA Holdings, Inc."
314,30609.40,Insurance: Property and Casualty (Stock),Japan,"NKSJ Holdings, Inc."
315,30499.00,"Mining, Crude-Oil Production",Switzerland,Xstrata plc
316,30452.20,Motor Vehicles and Parts,Japan,Suzuki Motor Corporation
317,30377.50,Food Production,Singapore,Wilmar International Limited
318,30347.00,Chemicals,Britain,Ineos Group Holdings plc
319,30242.00,Banks: Commercial and Savings,U.S.,American Express Company
320,30053.00,Specialty Retailers,China,Jardine Matheson Holdings Limited
312,30891.00,Petroleum Refining,Austria,OMV Group
333,28773.20,"Insurance: Life, Health (stock)",South Korea,Samsung Life Insurance
334,28679.90,Semiconductors and Other Electronic Components,Singapore,"Flextronics International, Ltd."
335,28641.00,Wholesalers: Health Care,Germany,PHOENIX Pharmahandel GmbH &amp; Co. KG
336,28593.20,Petroleum Refining,India,Hindustan Petroleum Corporation Limited
337,28430.00,Food Production,U.S.,"Tyson Foods, Inc."
338,28275.40,Banks: Commercial and Savings,Australia,Australia and New Zealand Banking Group Limited
326,29181.40,Metals,China,Shougang Group
327,29171.60,Metals,Germany,Heraeus Holding GmbH
328,28927.20,"Insurance: Life, Health (stock)",China,"Ping An Insurance (Group) Company of China, Ltd."
329,28922.20,"Mail, Package, and Freight Delivery",Italy,Poste Italiane SpA
330,28877.70,"Insurance: Life, Health (stock)",Britain,Standard Life plc
331,28871.00,Metals,China,Aluminum Corporation of China
332,28835.00,"Insurance: Life, Health (stock)",Switzerland,Swiss Reinsurance Company
323,29624.80,Railroads,Japan,East Japan Railway Company
324,29392.20,Wholesalers: Food and Grocery,Germany,Edeka Zentrale AG
325,29321.00,Internet Services and Retailing,U.S.,Google Inc.
345,27960.00,"Mining, Crude-Oil Production",Britain,Anglo American plc
346,27820.40,General Merchandisers,China,China Resources National Corporation
348,27634.70,Industrial Machinery,France,Alstom
349,27615.00,Food and Drug Stores,Belgium,Delhaize Group
350,27570.30,Petroleum Refining,Taiwan,"CPC Corporation, Taiwan"
364,26820.00,Computer Software,U.S.,Oracle Corporation
365,26662.00,zMiscellaneous,U.S.,3M Company
339,28225.90,Network and Other Communications Equipment,Sweden,Telefonaktiebolaget LM Ericsson
340,28171.00,"Computers, Office Equipment",Taiwan,"Compal Electronics, Inc."
341,28170.40,Metals,China,Wuhan Iron and Steel (Group) Company
342,28098.50,Energy,Russia,Sistema JSFC
343,28093.60,"Mail, Package, and Freight Delivery",China,China Post Group Company
344,27976.60,zMiscellaneous,France,Christian Dior S.A.
359,27045.60,Motor Vehicles and Parts,India,Tata Motors Limited
361,26944.90,"Mining, Crude-Oil Production",India,"Oil and Natural Gas Corporation, Ltd."
362,26925.90,Specialty Retailers,China,Hutchison Whampoa Limited
363,26888.00,Entertainment,U.S.,Time Warner Inc.
356,27208.00,Tobacco,U.S.,Philip Morris International Inc.
357,27153.50,Motor Vehicles and Parts,Japan,Mazda Motor Corporation
358,27106.30,Petroleum Refining,Japan,"Cosmo Oil Co., Ltd."
380,25591.20,Aerospace and Defense,Italy,Finmeccanica SpA
381,25491.60,Wholesalers: Health Care,Japan,Alfresa Holdings Corporation
382,25405.50,Food and Drug Stores,Britain,Wm Morrison Supermarkets PLC
351,27447.00,zMiscellaneous,U.S.,Schlumberger Limited
352,27355.70,Network and Other Communications Equipment,China,"Huawei Technologies Co., Ltd."
353,27334.30,"Engineering, Construction",Germany,Hochtief A.G.
354,27265.60,Metals,China,Sinosteel Corporation
355,27214.20,Utilities,Japan,"Chubu Electric Power Co., Inc."
372,26004.60,Construction and Farm Machinery,U.S.,Deere &amp; Company
373,25999.20,Energy,Spain,"Gas Natural Fenosa, S.A."
374,25932.90,"Electronics, Electrical Equip.",France,Schneider Electric SA
375,25915.40,Utilities,China,China Datang Corporation
376,25893.00,Pipelines,U.S.,"Plains All American Pipeline, L.P."
377,25885.50,zMiscellaneous,Japan,Fujifilm Holdings Corporaton
379,25647.10,"Insurance: Life, Health (Mutual)",U.S.,Massachusetts Financial Group
366,26468.80,Trading,China,"COFCO, Limited"
367,26387.80,Metals,China,Jiangsu Shagang Group Co. Limited
368,26356.60,Motor Vehicles and Parts,Japan,"Aisin Seiki Co., Ltd."
370,26064.50,Metals,India,Tata Steel Ltd.
371,26025.00,Telecommunications,China,China United Network Communications Ltd.
397,24312.90,Energy,Netherlands,GasTerra B.V.
398,24264.30,Banks: Commercial and Savings,China,"Bank of Communications Co., Ltd."
399,24249.70,Shipping,China,China Ocean Shipping (Group) Company
390,25003.00,General Merchandisers,U.S.,"Macy&#039;s, Inc."
391,24709.10,zMiscellaneous,Switzerland,"Adecco, S.A."
392,24545.10,Specialty Retailers,U.S.,"Staples, Inc."
393,24485.30,Banks: Commercial and Savings,Canada,The Toronto-Dominion Bank
394,24473.40,Banks: Commercial and Savings,Belgium,KBC Group NV
395,24387.10,Insurance: Property and Casualty (Stock),Spain,"Mapfre, S.A."
396,24376.00,Wholesalers: Electronics and Office Equipment,U.S.,Tech Data Corporation
384,25267.90,Wholesalers: Food and Grocery,U.S.,CHS Inc.
385,25214.90,Food and Drug Stores,U.S.,Rite Aid Corporation
386,25183.00,Aerospace and Defense,U.S.,Raytheon Company
387,25179.00,zMiscellaneous,U.S.,International Paper Company
388,25140.30,Specialty Retailers,Japan,"Yamada Denki Co., Ltd."
389,25112.00,Insurance: Property and Casualty (Stock),U.S.,"The Travelers Companies, Inc."
383,25328.10,Food and Drug Stores,U.S.,"Publix Super Markets, Inc."
303,31719.80,Banks: Commercial and Savings,Japan,Mizuho Financial Group. Inc.
302,31755.00,Airlines,U.S.,"Delta Air Lines, Inc."
301,31795.70,Telecommunications,Britain,BT Group plc
200,42832.30,"Insurance: Life, Health (Mutual)",Japan,Sumitomo Life Insurance Company
198,43326.00,General Merchandisers,U.S.,Sears Holdings Corporation
199,43010.70,Trading,Japan,Marubeni Corporation
196,43464.80,Banks: Commercial and Savings,Spain,"Banco Bilbao Vizcaya Argentaria, S.A."
197,43434.40,Motor Vehicles and Parts,China,China FAW Group Corporation
194,43856.50,Pharmaceuticals,Britain,GlaxoSmithKline plc
195,43623.00,Semiconductors and Other Electronic Components,U.S.,Intel Corporation
192,44204.90,"Engineering, Construction",France,Vinci
193,44056.20,Utilities,Britain,Scottish and Southern Energy plc
190,44811.40,Banks: Commercial and Savings,Switzerland,UBS AG
191,44284.70,Banks: Commercial and Savings,Italy,Intesa Sanpaolo S.p.A.
189,44902.20,Banks: Commercial and Savings,Japan,Sumitomo Mitsui Financial Group
187,45055.50,Pharmaceuticals,France,Sanofi-Aventis
188,44989.70,Health Care: Pharmacy and Other Services,U.S.,"Express Scripts, Inc."
186,45293.00,"Mining, Crude-Oil Production",Brazil,Vale S.A.
184,45621.50,Food and Drug Stores,Australia,Woolworths Limited
185,45574.70,Railroads,Germany,Deutsche Bahn AG
182,45707.00,Food Production,U.S.,Bunge Limited
183,45658.70,Food and Drug Stores,Australia,Wesfarmers Limited
181,45967.00,Banks: Commercial and Savings,U.S.,"The Goldman Sachs Group, Inc."
179,46304.00,Petroleum Refining,Russia,Rosneft Oil Company
180,45987.00,Pharmaceuticals,U.S.,"Merck &amp; Co., Inc."
178,46472.70,Chemicals,Germany,Bayer AG
177,46890.00,Aerospace and Defense,U.S.,Lockheed Martin Corporation
175,47169.50,Utilities,France,Veolia Environnement SA
176,46940.30,Diversified Financials,U.S.,INTL FCStone Inc.
173,47983.50,Metals,Japan,Nippon Steel Corporation
174,47170.50,Pharmaceuticals,Switzerland,Roche Holding Ltd.
170,48314.10,Banks: Commercial and Savings,Switzerland,Credit Suisse Group AG
171,48236.10,"Electronics, Electrical Equip.",South Korea,LG Electronics Inc.
169,48815.00,Specialty Retailers,U.S.,"Lowe&#039;s Companies, Inc."
167,49542.00,Food Consumer Products,U.S.,Kraft Foods Inc.
168,49537.20,Trading,China,Sinochem Group
166,49545.00,"Mail, Package, and Freight Delivery",U.S.,"United Parcel Service, Inc."
164,51561.00,Pharmaceuticals,Switzerland,Novartis AG
165,50272.00,Specialty Retailers,U.S.,"Best Buy Co., Inc."
162,52408.30,"Mining, Crude-Oil Production",China,China National Offshore Oil Corp.
163,51615.60,Motor Vehicles and Parts,France,Renault S.A.
161,52461.60,Metals,South Korea,POSCO
159,52798.00,"Mining, Crude-Oil Production",Australia,BHP Billiton Limited
160,52717.00,"Insurance: Life, Health (stock)",U.S.,"MetLife, Inc."
158,52871.30,"Computers, Office Equipment",Japan,Fujitsu Limited
156,53010.30,Banks: Commercial and Savings,Brazil,Banco Bradesco S.A.
157,52877.40,Banks: Commercial and Savings,Japan,"Mitsubishi UFJ Financial Group, Inc."
154,53337.90,Banks: Commercial and Savings,Italy,UniCredit Group
155,53136.00,"Building Materials, Glass",France,Compagnie de Saint-Gobain
153,53375.10,"Insurance: Life, Health (stock)",Japan,"The Dai-ichi Life Insurance Company, Limited"
151,54257.20,Motor Vehicles and Parts,China,Shanghai Automotive Industry Corporation
152,53674.00,Chemicals,U.S.,The Dow Chemical Company
149,54448.70,Utilities,China,"China Southern Power Grid Co., Ltd."
150,54326.00,Aerospace and Defense,U.S.,United Technologies Corporation
147,54721.10,"Engineering, Construction",China,China State Construction Engineering Corporation Ltd.
148,54634.70,Trading,Japan,"Mitsui &amp; Co., Ltd."
146,55313.50,Banks: Commercial and Savings,Germany,Deutsche Bank Aktiengesellschaft
143,56218.10,Network and Other Communications Equipment,Finland,Nokia Corporation
145,55748.20,Motor Vehicles and Parts,China,Dongfeng Motor Corporation
141,56308.70,"Insurance: Life, Health (Mutual)",Japan,Meiji Yasuda Life Insurance Company
142,56279.00,Food and Drug Stores,France,Groupe Auchan
139,56696.10,Trading,China,Noble Group Limited
140,56576.00,"Mining, Crude-Oil Production",Britain,Rio Tinto Group
138,57585.60,Metals,Germany,ThyssenKrupp AG
137,57838.00,Food Consumer Products,U.S.,"PepsiCo, Inc."
136,58623.30,Food Consumer Products,Britain/Netherlands,Unilever N.V./ Unilever PLC
135,58801.80,Health Care: Insurance and Managed Care,U.S.,"WellPoint, Inc."
133,58983.30,Food and Drug Stores,Japan,"AEON Co., Ltd."
134,58899.60,Petroleum Refining,India,Reliance Industries Limited
131,59251.50,Food and Drug Stores,Japan,"Seven &amp; I Holdings Co., Ltd."
132,59212.40,Banks: Commercial and Savings,China,Bank of China Limited
130,59319.70,"Insurance: Life, Health (stock)",France,CNP Assurances S.A.
128,59930.40,Petroleum Refining,Thailand,PTT Public Company Limited
129,59377.40,"Insurance: Life, Health (stock)",Britain,Legal &amp; General Group Plc
127,60535.60,Banks: Commercial and Savings,China,Agricultural Bank of China
125,60792.70,Trading,Japan,Mitsubishi Corporation
126,60596.70,Aerospace and Defense,Netherlands,European Aeronautic Defence and Space Company EADS N.V.
124,61494.00,"Computers, Office Equipment",U.S.,Dell Inc.
123,61587.00,Pharmaceuticals,U.S.,Johnson &amp; Johnson
122,61682.00,Food Production,U.S.,Archer-Daniels-Midland Company
120,62484.00,Computer Software,U.S.,Microsoft Corporation
118,62680.20,Utilities,Japan,"The Tokyo Electric Power Co., Inc."
119,62592.70,Motor Vehicles and Parts,Germany,Robert Bosch GmbH
117,62890.60,Banks: Commercial and Savings,Brazil,Banco do Brasil S.A.
116,63176.70,Insurance: Property and Casualty (Mutual),U.S.,State Farm Insurance Cos.
115,63660.80,Banks: Commercial and Savings,Britain,Barclays Plc
114,64306.00,Aerospace and Defense,U.S.,The Boeing Company
112,65135.70,"Insurance: Life, Health (stock)",Netherlands,AEGON N.V.
113,64634.50,"Insurance: Life, Health (stock)",China,China Life Insurance (Group) Company
111,65225.00,"Computers, Office Equipment",U.S.,"Apple, Inc."
110,65968.30,Health Care: Pharmacy and Other Services,U.S.,"Medco Health Solutions, Inc."
108,67081.40,Banks: Commercial and Savings,China,China Construction Bank Corporation
109,67052.00,"Mail, Package, and Freight Delivery",U.S.,United States Postal Service
107,67179.30,Energy,Germany,RWE Aktiengesellschaft
106,67390.00,General Merchandisers,U.S.,Target Corporation
105,67414.10,"Engineering, Construction",China,China Railway Construction Corporation
104,67420.00,Food and Drug Stores,U.S.,Walgreen Co.
103,67809.00,Pharmaceuticals,U.S.,Pfizer Inc.
102,67850.00,Insurance: Property and Casualty (Stock),Switzerland,Zurich Financial Services Ltd.
101,67997.00,Specialty Retailers,U.S.,"The Home Depot, Inc."
493,19750.20,Insurance: Property and Casualty (Stock),Italy,Premafin Finanziaria SPA
494,19746.00,Household and Personal Products,U.S.,Kimberly-Clark Corporation
495,19733.30,zMiscellaneous,Japan,"Daiwa House Industry Co., Ltd."
496,19656.40,"Mining, Crude-Oil Production",Russia,Surgutneftegas
497,19584.80,Banks: Commercial and Savings,Germany,KFW Bankengruppe
498,19562.50,Energy,South Korea,Korea Gas Corporation
499,19557.60,Petroleum Refining,Japan,Showa Shell Sekiyu K.K.
500,19538.10,"Computers, Office Equipment",Taiwan,Wistron Corporation
478,20454.60,Wholesalers: Health Care,Japan,"Suzuken Co., Ltd."
479,20419.20,Chemicals,Netherlands,Akzo Nobel N.V.
480,20372.90,Diversified Financials,Belgium,Compagnie Nationale A Portefeuille S.A.
481,20265.00,Insurance: Property and Casualty (Stock),U.S.,Nationwide Mutual Insurance Co.
482,20253.00,Petroleum Refining,U.S.,Tesoro Corporation
483,20143.30,Utilities,Mexico,Comision Federal De Electricidad
484,20001.40,Trading,China,Zhejiang Materials Industry Group Corporation
485,19995.80,"Building Materials, Glass",China,China National Building Materials Group Corporation
486,19988.80,Household and Personal Products,Germany,Henkel KGaA
487,19978.70,"Computers, Office Equipment",Taiwan,Acer Inc.
488,19950.20,Utilities,Japan,"Tohoku Electric Power Co., Inc."
489,19937.30,"Engineering, Construction",South Korea,Doosan Corporation
490,19907.00,Network and Other Communications Equipment,Canada,Research In Motion Limited
491,19857.00,"Mining, Crude-Oil Production",U.S.,Occidental Petroleum Corporation
492,19765.20,Trading,South Korea,Samsung C&T Corp.
464,21035.10,Banks: Commercial and Savings,Germany,Landesbank Baden-Württemberg
465,21013.00,Metals,U.S.,"Alcoa, Inc."
466,20916.00,Beverages,Japan,Kirin Holdings Company Limited
467,20878.00,"Insurance: Life, Health (stock)",China,"China Pacific Insurance (Group) Co., Ltd."
468,20849.30,"Engineering, Construction",U.S.,Fluor Corporation
469,20798.60,Petroleum Refining,Hungary,Mol Hungarian Oil and Gas Plc
470,20793.90,Food Services,France,Sodexo
471,20773.80,"Building Materials, Glass",Switzerland,Holcim Ltd
472,20747.20,Petroleum Refining,Switzerland,Petroplus Holdings AG
473,20732.00,"Insurance: Life, Health (stock)",U.S.,Aflac Incorporated
474,20729.40,Wholesalers: Diversified,Britain,Wolseley plc
475,20715.00,Chemicals,China,China National Chemical Corporation
476,20566.30,Food and Drug Stores,Britain,The Co-operative Group
477,20518.00,Banks: Commercial and Savings,U.S.,U.S. Bancorp
448,21684.10,Beverages,Netherlands,Heineken Holding N.V.
449,21633.00,"Computers, Office Equipment",U.S.,Xerox Corporation
450,21594.40,"Computers, Office Equipment",China,Lenovo Group Limited
452,21545.00,Chemicals,Germany,Evonik Industries A.G.
453,21519.40,Construction and Farm Machinery,Japan,Komatsu Ltd.
454,21424.70,Banks: Commercial and Savings,Denmark,Danske Bank Aktieselskab
455,21415.20,"Building Materials, Glass",France,Lafarge S.A.
456,21410.00,Banks: Commercial and Savings,Britain,Standard Chartered PLC
457,21348.60,Motor Vehicles and Parts,Japan,Mitsubishi Motors Corporation
458,21255.20,"Mining, Crude-Oil Production",China,"Jizhong Energy Group Co., Ltd."
459,21253.00,Health Care: Insurance and Managed Care,U.S.,CIGNA Corporation
460,21202.10,Trading,Netherlands,SHV Holdings N.V.
461,21186.10,Network and Other Communications Equipment,France,Alcatel-Lucent
462,21154.30,Health Care: Medical Facilities,Germany,Fresenius SE
463,21054.90,Industrial Machinery,China,China Shipbuilding Industry Corp.
434,22524.00,Shipping,Japan,Nippon Yusen Kabushiki Kaisha
435,22486.90,Industrial Machinery,China,China National Machinery Industry Corporation
436,22383.00,Insurance: Property and Casualty (Stock),U.S.,The Hartford Financial Services Group Inc.
437,22301.60,Utilities,Britain,National Grid plc
438,22170.00,Airlines,U.S.,AMR Corporation
439,22090.80,zMiscellaneous,Germany,TUI AG
440,22071.60,"Electronics, Electrical Equip.",South Korea,"LG Display Co., Ltd."
441,22050.10,Telecommunications,Australia,Telstra Corporation Limited
442,21942.20,Specialty Retailers,U.S.,"The TJX Companies, Inc."
443,21866.00,"Electronics, Electrical Equip.",U.S.,Emerson Electric Co.
444,21791.40,Entertainment,Germany,Bertelsmann AG
445,21742.90,Petroleum Refining,Colombia,Ecopetrol S.A.
446,21714.70,"Mining, Crude-Oil Production",China,"Henan Coal & Chemical Industry Group Co., Ltd."
447,21699.70,Metals,Japan,"Kobe Steel, Ltd."
419,23145.90,Chemicals,Japan,"Sumitomo Chemical Co., Ltd."
420,23143.60,Insurance: Property and Casualty (Mutual),France,Groupama S.A.
421,23101.20,General Merchandisers,France,"PPR, SA"
422,23094.10,Information Technology Services,Ireland,Accenture Plc
423,23076.00,Pharmaceuticals,U.S.,Eli Lilly and Company
424,22989.40,Tobacco,Britain,British American Tobacco p.l.c.
425,22910.70,Banks: Commercial and Savings,Canada,Bank of Nova Scotia
426,22844.20,Tobacco,Japan,Japan Tobacco Inc.
427,22823.00,Network and Other Communications Equipment,U.S.,"Motorola Solutions, Inc."
428,22745.00,"Building Materials, Glass",Ireland,CRH plc
429,22673.90,"Computers, Office Equipment",Japan,"Ricoh Company, Ltd."
430,22630.70,Trading,China,China Railway Materials Commercial Corp.
431,22630.10,Wholesalers: Diversified,China,China National Aviation Fuel Group Corporation
432,22529.50,Food Services,Britain,Compass Group PLC
433,22529.10,Food Consumer Products,France,Danone
405,24016.40,Utilities,China,China Guodian Corporation
406,23920.30,"Insurance: Life, Health (stock)",Canada,Sun Life Financial Inc.
407,23805.60,Entertainment,Japan,Maruhan
408,23761.30,Network and Other Communications Equipment,China,China Electronics Corporation
409,23745.90,"Electronics, Electrical Equip.",Japan,"Sumitomo Electric Industries, Ltd."
410,23734.30,Petroleum Refining,Taiwan,Formosa Petrochemical Corporation
412,23654.30,Semiconductors and Other Electronic Components,Canada,Onex Corporation
413,23385.90,Tobacco,Britain,Imperial Tobacco Group Plc
414,23384.30,"Insurance: Life, Health (Mutual)",U.S.,Northwestern Mutual Life Insurance Company
415,23345.10,Petroleum Refining,U.S.,Murphy Oil Corporation
416,23270.20,"Insurance: Life, Health (stock)",Japan,"T&D Holdings, Inc."
417,23229.00,Airlines,U.S.,"United Continental Holdings, Inc."
401,24102.00,Telecommunications,U.S.,DIRECTV
401,24102.00,Motor Vehicles and Parts,Canada,"Magna International, Inc."
403,24074.60,Food Services,U.S.,McDonald's Corporation
404,24023.50,Food and Drug Stores,Switzerland,Migros Genossenschafts Bund
291,32466.00,Aerospace and Defense,U.S.,General Dynamics Corporation
292,32449.50,Banks: Commercial and Savings,India,State Bank of India
293,32446.10,"Mining, Crude-Oil Production",China,Shenhua Group Corporation Limited of China
294,32420.20,Banks: Commercial and Savings,Germany,Commerzbank A.G.
295,32338.50,Utilities,Japan,"The Kansai Electric Power Co., Inc."
296,32224.90,"Insurance: Life, Health (Mutual)",U.S.,Teachers Insurance and Annuity Association College Retiremen
297,32076.30,"Engineering, Construction",China,China Metallurgical Group Corporation
298,32066.00,Banks: Commercial and Savings,Russia,Savings Bank of the Russian Federation
299,32022.50,"Insurance: Life, Health (stock)",Canada,Power Corporation of Canada
300,31997.80,Food and Drug Stores,Switzerland,Alliance Boots GMbH
276,33681.20,Utilities,China,China Huaneng Group
277,33666.50,"Electronics, Electrical Equip.",Netherlands,Royal Philips Electronics N.V.
278,33610.80,Banks: Commercial and Savings,Germany,DZ Bank Deutsche Zentral-Genossenschaftsbank Aktiengesellsch
279,33548.60,Metals,China,"HeBei Iron & Steel Group Co., Ltd."
280,33370.00,Aerospace and Defense,U.S.,Honeywell International Inc.
281,33269.00,Pharmaceuticals,Britain,AstraZeneca PLC
282,33193.00,Insurance: Property and Casualty (Stock),U.S.,Liberty Mutual Holding Company Inc.
283,32811.00,Food and Drug Stores,Britain,J Sainsbury plc
284,32778.00,Entertainment,U.S.,News Corporation
285,32733.00,Chemicals,U.S.,E.I. du Pont de Nemours and Company
286,32671.80,Banks: Commercial and Savings,Netherlands,Rabobank Group
287,32612.80,Motor Vehicles and Parts,Japan,Bridgestone Corporation
288,32588.00,Aerospace and Defense,Britain,BAE Systems plc
289,32579.40,Insurance: Property and Casualty (Stock),China,The People's Insurance Co. (Group) of China Ltd.
290,32563.00,Telecommunications,U.S.,Sprint Nextel Corporation
262,34716.30,Banks: Commercial and Savings,Canada,Royal Bank of Canada
263,34613.00,Petroleum Refining,U.S.,Hess Corporation
264,34589.00,Wholesalers: Electronics and Office Equipment,U.S.,Ingram Micro Inc.
265,34498.10,Motor Vehicles and Parts,Germany,Continental AG
266,34349.50,Banks: Commercial and Savings,Australia,National Australia Bank Limited
267,34305.00,Motor Vehicles and Parts,U.S.,"Johnson Controls, Inc."
268,34251.40,Petroleum Refining,Canada,Suncor Energy Inc.
269,34246.00,Health Care: Insurance and Managed Care,U.S.,Aetna Inc.
270,34204.00,Internet Services and Retailing,U.S.,Amazon.com Inc.
271,34109.90,Utilities,South Korea,Korea Electric Power Corporation
272,34101.50,Petroleum Refining,India,Bharat Petroleum Corporation Limited
273,33902.90,Industrial Machinery,Japan,"Mitsubishi Heavy Industries, Ltd."
274,33868.20,Health Care: Insurance and Managed Care,U.S.,Humana Inc.
275,33739.30,Pipelines,U.S.,"Enterprise Products Partners, L.P."
247,35721.10,"Computers, Office Equipment",Taiwan,"Quanta Computer, Inc."
249,35709.80,Banks: Commercial and Savings,Australia,Commonwealth Bank of Australia
250,35629.40,Aerospace and Defense,China,China North Industries Group Corporation
251,35547.60,Utilities,Britain,Centrica plc
252,35453.00,Petroleum Refining,U.S.,"Sunoco, Inc."
253,35283.00,"Electronics, Electrical Equip.",Japan,Sharp Corporation
254,35281.50,Banks: Commercial and Savings,Australia,Westpac Banking Corporation
255,35166.70,Pharmaceuticals,U.S.,Abbott Laboratories
256,35119.00,Beverages,U.S.,The Coca-Cola Company
257,35080.60,Telecommunications,Japan,Softbank Corporation
258,34947.20,"Insurance: Life, Health (Mutual)",U.S.,New York Life Insurance Company
259,34795.50,"Insurance: Life, Health (stock)",Taiwan,Cathay Life Insurance Co. Ltd.
260,34757.00,Aerospace and Defense,U.S.,Northrop Grumman Corporation
261,34734.00,"Mail, Package, and Freight Delivery",U.S.,FedEx Corporation
232,37243.50,Wholesalers: Food and Grocery,U.S.,Sysco Corporation
233,37195.50,Petroleum Refining,Japan,"Idemitsu Kosan Co., Ltd."
234,36973.50,Chemicals,Japan,Mitsubishi Chemical Holdings Corporation
235,36881.00,Petroleum Refining,Russia,TNK-BP International Ltd.
236,36854.50,Telecommunications,Italy,Telecom Italia S.p.A.
237,36748.80,Motor Vehicles and Parts,Sweden,AB Volvo
238,36570.30,Petroleum Refining,South Korea,GS Holdings Corp.
239,36561.30,Motor Vehicles and Parts,Japan,Denso Corporation
240,36533.70,"Insurance: Life, Health (stock)",Canada,Manulife Financial Corporation
241,36374.00,"Computers, Office Equipment",Japan,NEC Corporation
242,36332.60,Wholesalers: Health Care,Germany,Franz Haniel & Cie. GmbH
243,36297.00,Beverages,Belgium,Anheuser-Busch InBev SA
244,36217.70,Trading,Japan,Sumitomo Corporation
245,36189.60,Airlines,Germany,Deutsche Lufthansa AG
246,35808.70,"Insurance: Life, Health (stock)",Britain,Old Mutual plc
218,39320.00,Banks: Commercial and Savings,U.S.,Morgan Stanley
219,39111.30,Food and Drug Stores,Netherlands,Koninklijke Ahold N.V.
220,38996.00,Industrial Machinery,South Korea,Hyundai Heavy Industries
221,38984.50,Diversified Financials,China,CITIC Group
222,38469.30,Telecommunications,China,China Telecommunications Corporation
223,38414.00,"Insurance: Life, Health (stock)",U.S.,"Prudential Financial, Inc."
224,38396.00,Insurance: Property and Casualty (Stock),Japan,"Tokio Marine Holdings, Inc."
225,38247.80,Telecommunications,France,Vivendi
226,38063.00,Entertainment,U.S.,The Walt Disney Company
227,37996.40,Motor Vehicles and Parts,China,China South Industries Group Corporation
228,37937.00,Telecommunications,U.S.,Comcast Corporation
229,37555.10,Metals,China,China Minmetals Corporation
230,37534.00,Food and Drug Stores,U.S.,Supervalu Inc.
231,37309.70,Metals,Japan,"JFE Holdings, Inc."
202,42588.00,Construction and Farm Machinery,U.S.,Caterpillar Inc.
203,42560.90,"Electronics, Electrical Equip.",Japan,Mitsubishi Electric Corporation
204,42246.30,"Computers, Office Equipment",Japan,Canon Inc.
205,41946.00,Motor Vehicles and Parts,U.S.,Chrysler Group LLC
206,41547.00,"Engineering, Construction",France,Bouygues SA
207,41151.00,Chemicals,Netherlands,LyondellBasell Industries N.V.
208,41050.00,Food and Drug Stores,U.S.,Safeway Inc.
209,40574.90,Railroads,France,Societe Nationale des Chemins de Fer Francais
210,40526.00,Chemicals,Saudi Arabia,Saudi Basic Industries Corporation
211,40414.20,"Engineering, Construction",China,China Communications Construction Group Ltd.
212,40327.40,Metals,China,Baosteel Group Corporation
213,40304.70,Utilities,Spain,Iberdrola SA
214,40099.90,Telecommunications,Japan,KDDI Corporation
215,40040.00,Network and Other Communications Equipment,U.S.,"Cisco Systems, Inc."
216,39754.30,Insurance: Property and Casualty (Stock),Japan,"MS&AD Insurance Group Holdings, Inc."
201,42611.60,Trading,Japan,Itochu Corporation
97,69297.10,Banks: Commercial and Savings,France,Groupe BPCE
98,68836.70,Petroleum Refining,India,Indian Oil Corporation Limited
99,68413.00,Petroleum Refining,U.S.,Marathon Oil Corporation
100,68087.80,Banks: Commercial and Savings,Britain,The Royal Bank of Scotland Group plc
82,78435.30,Petroleum Refining,South Korea,"SK Holdings Co., Ltd."
83,78123.30,Motor Vehicles and Parts,Italy,EXOR S.p.A.
84,77954.00,Wholesalers: Health Care,U.S.,AmerisourceBergen Corp.
85,77946.00,Specialty Retailers,U.S.,Costco Wholesale Corporation
86,76875.90,Petroleum Refining,Malaysia,Petroliam Nasional Berhad
87,76673.30,Telecommunications,China,China Mobile Communications Corporation
89,74705.50,"Electronics, Electrical Equip.",Japan,Toshiba Corporation
91,73597.70,"Insurance: Life, Health (stock)",Britain,Prudential plc
92,71344.00,Telecommunications,Britain,Vodafone Group Plc
93,71120.90,"Mail, Package, and Freight Delivery",Germany,Deutsche Post AG
94,70456.00,Petroleum Refining,Spain,"Repsol YPF,S.A."
95,69973.30,"Engineering, Construction",China,China Railway Group
96,69490.50,Banks: Commercial and Savings,Belgium,Dexia Group
67,87645.60,Petroleum Refining,Norway,Statoil ASA
69,86078.00,Petroleum Refining,Russia,OAO Lukoil
70,86034.00,Petroleum Refining,U.S.,Valero Energy Corporation
71,84597.30,Chemicals,Germany,BASF Aktiengesellschaft
73,83844.70,"Electronics, Electrical Equip.",Japan,Sony Corporation
74,83443.00,Metals,Luxembourg,ArcelorMittal
75,82674.20,Telecommunications,Germany,Deutsche Telekom AG
76,82189.40,Food and Drug Stores,U.S.,The Kroger Company
77,80501.30,Banks: Commercial and Savings,China,Industrial and Commercial Bank of China
79,80099.40,Motor Vehicles and Parts,Germany,Bayerische Motoren Werke Aktiengesellschaft
80,79689.00,Household and Personal Products,U.S.,The Procter & Gamble Company
81,78571.40,"Insurance: Life, Health (Mutual)",Japan,Nippon Life Insurance Company
53,98601.90,Wholesalers: Health Care,U.S.,"Cardinal Health, Inc."
54,98368.00,Diversified Financials,U.S.,Freddie Mac
55,97408.40,Motor Vehicles and Parts,South Korea,Hyundai Motor Company
56,97185.00,Utilities,Italy,Enel S.p.a.
57,96413.00,Food and Drug Stores,U.S.,CVS Caremark Corporation
58,95964.20,Petroleum Refining,Japan,"JX Holdings, Inc."
59,95681.90,Banks: Commercial and Savings,Britain,Lloyds Banking Group plc
60,95190.50,"Electronics, Electrical Equip.",Taiwan,"Hon Hai Precision Industry Co., Ltd."
61,94185.20,Food and Drug Stores,Britain,Tesco PLC
62,94155.00,Health Care: Insurance and Managed Care,U.S.,UnitedHealth Group Incorporated
63,93249.00,Banks: Commercial and Savings,U.S.,Wells Fargo & Company
64,90210.70,"Insurance: Life, Health (stock)",Britain,Aviva plc
65,89080.60,Food and Drug Stores,Germany,Metro AG
66,88361.00,Petroleum Refining,Venezuela,"Petroleos de Venezuela, S.A."
38,111887.80,Energy,France,GDF Suez SA
39,111055.00,Banks: Commercial and Savings,U.S.,"Citigroup, Inc."
40,108766.40,"Electronics, Electrical Equip.",Japan,"Hitachi, Ltd."
41,106565.00,Telecommunications,U.S.,Verizon Communications Inc.
44,104417.00,Insurance: Property and Casualty (Stock),U.S.,"American International Group,Inc."
45,104342.10,Motor Vehicles and Parts,Japan,"Honda Motor Co., Ltd."
46,102680.00,Banks: Commercial and Savings,Britain,HSBC Holdings plc
47,102657.20,"Electronics, Electrical Equip.",Germany,Siemens Aktiengesellschaft
48,102430.00,Motor Vehicles and Parts,Japan,"Nissan Motor Co., Ltd."
50,101491.00,"Electronics, Electrical Equip.",Japan,Panasonic Corporation
51,100349.90,Banks: Commercial and Savings,Spain,Banco Santander S.A.
52,99870.00,Information Technology Services,U.S.,International Business Machines Corporation
23,131756.00,Petroleum Refining,Italy,ENI S.p.A.
24,129480.60,Motor Vehicles and Parts,Germany,Daimler AG
25,128954.00,Motor Vehicles and Parts,U.S.,Ford Motor Company
26,128725.70,Banks: Commercial and Savings,France,BNP Paribas
27,127378.70,Insurance: Property and Casualty (Stock),Germany,Allianz AG
28,126033.00,"Computers, Office Equipment",U.S.,Hewlett-Packard Company
29,125063.50,Energy,Germany,E.ON AG
30,124629.00,Telecommunications,U.S.,AT&T Inc.
31,120315.70,Telecommunications,Japan,Nippon Telegraph & Telephone Corporation
32,120296.80,Food and Drug Stores,France,Carrefour SA
33,120233.50,"Insurance: Life, Health (stock)",Italy,Assicurazioni Generali SpA
35,118656.80,Energy,Russia,OAO Gazprom
36,115475.00,Banks: Commercial and Savings,U.S.,J.P. Morgan Chase & Co.
37,112084.00,Wholesalers: Health Care,U.S.,McKesson Corporation
9,203958.10,"Insurance: Life, Health (stock)",Japan,"Japan Post Holdings Co., Ltd."
10,196337.00,Petroleum Refining,U.S.,Chevron Corporation
11,186055.00,Petroleum Refining,France,Total S.A.
12,184966.00,Petroleum Refining,U.S.,ConocoPhillips
13,168041.00,Motor Vehicles and Parts,Germany,Volkswagen AG
14,162235.90,"Insurance: Life, Health (stock)",France,AXA
15,153825.00,Diversified Financials,U.S.,Fannie Mae
16,151628.00,Diversified Financials,U.S.,General Electric Company
17,147052.20,Banks: Commercial and Savings,Netherlands,ING Group
18,144978.00,"Mining, Crude-Oil Production",Switzerland,Glencore International plc
19,136185.00,Insurance: Property and Casualty (Stock),U.S.,Berkshire Hathaway Inc.
20,135592.00,Motor Vehicles and Parts,U.S.,General Motors Corporation
21,134194.00,Banks: Commercial and Savings,U.S.,Bank of America Corporation
22,133780.50,"Electronics, Electrical Equip.",South Korea,"Samsung Electronics Co., Ltd."
1,421849.00,General Merchandisers,U.S.,"Wal-Mart Stores, Inc."
2,378152.00,Petroleum Refining,Netherlands,Royal Dutch Shell plc
3,354674.00,Petroleum Refining,U.S.,Exxon Mobil Corporation
4,308928.00,Petroleum Refining,Britain,BP p.l.c.
5,273421.90,Petroleum Refining,China,China Petrochemical Corp.
6,240192.40,Petroleum Refining,China,China National Petroleum Corporation
7,226294.00,Utilities,China,State Grid Corporation of China
8,221760.20,Motor Vehicles and Parts,Japan,Toyota Motor Corporation
