rank,revenues,industry,hqCountry,title
312,34671.00,Insurance: Property and Casualty (Stock),U.S.,Liberty Mutual Holding Company Inc.
313,34622.90,Wholesalers: Diversified,U.S.,World Fuel Services Corporation
314,34575.40,Motor Vehicles and Parts,India,Tata Motors Limited
306,35342.70,Insurance: Property and Casualty (Stock),Japan,"NKSJ Holdings, Inc."
307,35152.00,"Electronics, Electrical Equip.",Netherlands,Royal Philips Electronics N.V.
308,35115.00,Airlines,U.S.,"Delta Air Lines, Inc."
309,34958.40,Network and Other Communications Equipment,Sweden,Telefonaktiebolaget LM Ericsson
310,34832.00,Wholesalers: Health Care,Japan,"Medipal Holdings Co., Ltd."
324,34001.40,Airlines,France,Air France-KLM Group
325,33877.00,"Mining, Crude-Oil Production",Switzerland,Xstrata plc
326,33871.60,Banks: Commercial and Savings,China,"Bank of Communications Co., Ltd."
327,33779.80,Health Care: Insurance and Managed Care,U.S.,Aetna Inc.
318,34352.40,Wholesalers: Diversified,China,China National Aviation Fuel Group Corporation
319,34275.00,Pipelines,U.S.,"Plains All American Pipeline, L.P."
320,34267.70,"Mail, Package, and Freight Delivery",France,La Poste
321,34259.50,Metals,China,Wuhan Iron and Steel (Group) Company
322,34244.10,zMiscellaneous,France,Christian Dior S.A.
323,34079.00,"Insurance: Life, Health (Mutual)",U.S.,Teachers Insurance and Annuity Association College Retiremen
315,34516.60,Energy,Russia,Sistema JSFC
316,34394.30,Banks: Commercial and Savings,Japan,Mizuho Financial Group. Inc.
317,34393.50,"Insurance: Life, Health (Mutual)",U.S.,New York Life Insurance Company
335,33276.60,"Insurance: Life, Health (stock)",Canada,Power Corporation of Canada
336,33159.80,Chemicals,Luxembourg,Ineos Group Holdings plc
337,32768.90,Petroleum Refining,Taiwan,"CPC Corporation, Taiwan"
338,32734.70,Food and Drug Stores,Canada,George Weston Limited
339,32677.00,Aerospace and Defense,U.S.,General Dynamics Corporation
328,33679.00,Telecommunications,U.S.,Sprint Nextel Corporation
329,33671.80,Petroleum Refining,Japan,"Cosmo Oil Co., Ltd."
330,33660.80,"Mining, Crude-Oil Production",China,"Jizhong Energy Group Co., Ltd."
331,33591.00,Pharmaceuticals,Britain,AstraZeneca PLC
332,33405.00,Entertainment,U.S.,News Corporation
333,33336.10,Telecommunications,China,China United Network Communications Ltd.
334,33279.10,Banks: Commercial and Savings,Germany,DZ Bank Deutsche Zentral-Genossenschaftsbank Aktiengesellsch
350,31817.10,Motor Vehicles and Parts,Japan,Suzuki Motor Corporation
344,32282.00,Banks: Commercial and Savings,U.S.,American Express Company
345,32266.00,Food Production,U.S.,"Tyson Foods, Inc."
346,32096.80,Metals,China,Jiangsu Shagang Group Co. Limited
347,32070.20,Railroads,Japan,East Japan Railway Company
348,32012.50,Construction and Farm Machinery,U.S.,Deere &amp; Company
349,31991.10,Trading,China,China Railway Materials Company Limited
340,32654.00,Insurance: Property and Casualty (Stock),U.S.,The Allstate Corporation
341,32580.00,Energy,China,China Guodian Corporation
342,32530.70,Wholesalers: Food and Grocery,Germany,Edeka Zentrale AG
343,32506.00,Health Care: Medical Facilities,U.S.,"HCA Holdings, Inc."
356,31020.40,Utilities,Japan,"Chubu Electric Power Co., Inc."
357,30745.80,"Mining, Crude-Oil Production",India,"Oil and Natural Gas Corporation, Ltd."
358,30734.30,Telecommunications,Britain,BT Group plc
351,31543.40,Network and Other Communications Equipment,China,"Huawei Investment and Holding Co., Ltd."
352,31446.30,Petroleum Refining,U.S.,Murphy Oil Corporation
353,31128.00,"Electronics, Electrical Equip.",France,Schneider Electric SA
354,31103.60,"Electronics, Electrical Equip.",Japan,Sharp Corporation
355,31097.00,Tobacco,U.S.,Philip Morris International Inc.
369,29603.20,Energy,China,China Datang Corporation
370,29574.40,"Computers, Office Equipment",China,Lenovo Group Limited
371,29550.90,Wholesalers: Health Care,Japan,Alfresa Holdings Corporation
359,30697.80,Insurance: Property and Casualty (Mutual),U.S.,Nationwide Mutual Insurance Co.
360,30580.00,"Mining, Crude-Oil Production",Britain,Anglo American plc
361,30163.70,"Mail, Package, and Freight Delivery",Italy,Poste Italiane SpA
362,30022.90,Specialty Retailers,China,Hutchison Whampoa Limited
363,30022.70,Wholesalers: Health Care,Germany,PHOENIX Pharmahandel GmbH &amp; Co. KG
364,30022.20,Food and Drug Stores,Switzerland,Coop Group
365,30021.90,"Building Materials, Glass",China,China National Building Materials Group Corporation
366,29927.00,Petroleum Refining,U.S.,Tesoro Corporation
367,29846.30,Industrial Machinery,China,China National Machinery Industry Corporation
368,29611.00,zMiscellaneous,U.S.,3M Company
376,29305.20,Energy,Spain,"Gas Natural Fenosa, S.A."
377,29235.60,Banks: Commercial and Savings,Germany,Commerzbank A.G.
378,29223.60,Insurance: Property and Casualty (Stock),Spain,"Mapfre, S.A."
379,29182.50,Motor Vehicles and Parts,Japan,"Aisin Seiki Co., Ltd."
381,28974.00,Entertainment,U.S.,Time Warner Inc.
383,28808.10,Petroleum Refining,South Korea,S-Oil
372,29470.30,Semiconductors and Other Electronic Components,Singapore,"Flextronics International, Ltd."
373,29366.10,"Insurance: Life, Health (stock)",Britain,Legal &amp; General Group Plc
374,29365.00,Food and Drug Stores,Belgium,Delhaize Group
375,29331.60,Energy,Netherlands,GasTerra B.V.
393,28189.70,Trading,China,"COFCO, Limited"
394,28083.00,"Insurance: Life, Health (stock)",Switzerland,Swiss Re Ltd.
395,28058.00,Aerospace and Defense,U.S.,Northrop Grumman Corporation
396,28014.90,Food and Drug Stores,Switzerland,Migros Genossenschafts Bund
397,27919.20,"Mining, Crude-Oil Production",China,"Henan Coal &amp; Chemical Industry Group Co., Ltd."
390,28288.60,"Engineering, Construction",China,Power Construction Corporation of China
392,28276.40,Food and Drug Stores,Britain,Wm Morrison Supermarkets PLC
388,28540.40,Banks: Commercial and Savings,Belgium,Dexia Group
389,28496.70,Petroleum Refining,Japan,Showa Shell Sekiyu K.K.
398,27890.20,Utilities,Sweden,Vattenfall AB
400,27803.60,zMiscellaneous,Japan,Fujifilm Holdings Corporation
384,28796.50,Shipping,China,China Ocean Shipping (Group) Company
385,28748.00,Motor Vehicles and Parts,Canada,Magna International Inc.
386,28623.80,Aerospace and Defense,Britain,BAE Systems plc
387,28566.80,Temporary Help,Switzerland,"Adecco, S.A."
305,35495.40,Petroleum Refining,United Arab Emirates,International Petroleum Investment Company PJSC
303,35520.30,Petroleum Refining,Colombia,Ecopetrol S.A.
304,35501.60,Banks: Commercial and Savings,Russia,Savings Bank of the Russian Federation
302,35566.60,Food and Drug Stores,Britain,J Sainsbury plc
301,35607.00,Utilities,Japan,"The Kansai Electric Power Co., Inc."
198,48909.00,Petroleum Refining,Russia,TNK-BP International Ltd.
199,48828.10,Petroleum Refining,Japan,"Idemitsu Kosan Co., Ltd."
196,48976.50,"Electronics, Electrical Equip.",South Korea,LG Electronics Inc.
197,48916.30,Metals,China,Baosteel Group Corporation
195,49045.00,"Insurance: Life, Health (stock)",U.S.,"Prudential Financial, Inc."
193,49472.30,Banks: Commercial and Savings,Italy,Intesa Sanpaolo S.p.A.
194,49338.70,Diversified Financials,China,CITIC Group
191,49967.40,Banks: Commercial and Savings,Japan,Sumitomo Mitsui Financial Group
192,49713.60,Pharmaceuticals,Switzerland,Roche Holding Ltd.
190,50208.00,Specialty Retailers,U.S.,"Lowe&#039;s Companies, Inc."
188,50638.80,Chemicals,Saudi Arabia,Saudi Basic Industries Corporation
189,50610.50,Utilities,Britain,SSE PLC
186,51021.20,Banks: Commercial and Savings,Spain,"Banco Bilbao Vizcaya Argentaria, S.A."
187,50790.40,Chemicals,Germany,Bayer AG
185,51035.00,Chemicals,Netherlands,LyondellBasell Industries N.V.
184,51116.00,Specialty Retailers,U.S.,"Best Buy Co., Inc."
182,51521.10,"Insurance: Life, Health (stock)",France,CNP Assurances S.A.
183,51385.40,"Engineering, Construction",France,Vinci
181,51547.80,"Insurance: Life, Health (stock)",Canada,Manulife Financial Corporation
179,52808.00,Railroads,Germany,Deutsche Bahn AG
180,51812.10,Metals,Japan,Nippon Steel Corporation
177,53105.00,"Mail, Package, and Freight Delivery",U.S.,"United Parcel Service, Inc."
178,52983.00,Insurance: Property and Casualty (Stock),Switzerland,Zurich Insurance Group Ltd.
175,53559.10,Food and Drug Stores,Australia,Woolworths Limited
174,53753.50,Network and Other Communications Equipment,Finland,Nokia Corporation
173,53999.00,Semiconductors and Other Electronic Components,U.S.,Intel Corporation
171,54146.70,Food and Drug Stores,Australia,Wesfarmers Limited
172,54093.30,Trading,Japan,Itochu Corporation
169,54509.10,Metals,China,China Minmetals Corporation
170,54365.00,Food Consumer Products,U.S.,Kraft Foods Inc.
168,55604.30,Trading,Japan,Marubeni Corporation
167,55842.00,Telecommunications,U.S.,Comcast Corporation
166,56582.30,"Computers, Office Equipment",Japan,Fujitsu Limited
164,57213.10,Banks: Commercial and Savings,Italy,UniCredit Group
165,57002.90,Motor Vehicles and Parts,China,China FAW Group Corporation
163,58190.00,Aerospace and Defense,U.S.,United Technologies Corporation
162,58527.00,"Insurance: Life, Health (stock)",Britain,Prudential plc
160,58743.00,Food Production,U.S.,Bunge Limited
161,58560.30,"Building Materials, Glass",France,Compagnie de Saint-Gobain
158,59272.20,Motor Vehicles and Parts,France,Renault S.A.
159,58990.00,"Mining, Crude-Oil Production",Brazil,Vale S.A.
157,59375.00,Pharmaceuticals,Switzerland,Novartis AG
156,59985.00,Chemicals,U.S.,The Dow Chemical Company
155,60138.00,Construction and Farm Machinery,U.S.,Caterpillar Inc.
151,60668.20,Food and Drug Stores,Japan,"Seven &amp; I Holdings Co., Ltd."
152,60538.30,Utilities,China,"China Southern Power Grid Co., Ltd."
153,60537.00,"Mining, Crude-Oil Production",Britain,Rio Tinto Group
150,60710.70,Health Care: Insurance and Managed Care,U.S.,"WellPoint, Inc."
148,61754.30,"Insurance: Life, Health (stock)",Britain,Aviva plc
149,61698.50,Food and Drug Stores,France,Groupe Auchan
147,62071.00,"Computers, Office Equipment",U.S.,Dell Inc.
145,62461.50,"Insurance: Life, Health (stock)",Japan,"The Dai-ichi Life Insurance Company, Limited"
146,62229.90,Metals,South Korea,POSCO
143,62797.90,Banks: Commercial and Savings,Britain,The Royal Bank of Scotland Group plc
144,62706.10,Banks: Commercial and Savings,Japan,"Mitsubishi UFJ Financial Group, Inc."
142,62910.80,Motor Vehicles and Parts,China,Dongfeng Motor Group
140,64305.10,Insurance: Property and Casualty (Mutual),U.S.,State Farm Insurance Cos.
139,64610.10,Food Consumer Products,Britain/Netherlands,Unilever N.V./ Unilever PLC
138,65030.00,Pharmaceuticals,U.S.,Johnson &amp; Johnson
136,65136.70,Banks: Commercial and Savings,Brazil,Banco Bradesco S.A.
137,65093.00,Petroleum Refining,Russia,Rosneft Oil Company
135,65711.00,"Mail, Package, and Freight Delivery",U.S.,United States Postal Service
134,65989.10,Food and Drug Stores,Japan,"AEON Co., Ltd."
133,66504.00,Food Consumer Products,U.S.,"PepsiCo, Inc."
131,67048.10,Banks: Commercial and Savings,Britain,Lloyds Banking Group plc
132,66512.10,Trading,Japan,"Mitsui &amp; Co., Ltd."
127,67751.30,Utilities,Japan,"The Tokyo Electric Power Company, Inc."
129,67274.00,"Insurance: Life, Health (stock)",China,China Life Insurance (Group) Company
130,67254.80,Motor Vehicles and Parts,China,SAIC Motor Corporation Limited
125,68310.10,Aerospace and Defense,Netherlands,European Aeronautic Defence and Space Company EADS N.V.
126,67932.00,Pharmaceuticals,U.S.,Pfizer Inc.
124,68344.90,Energy,Germany,RWE Aktiengesellschaft
122,68790.70,Metals,Germany,ThyssenKrupp AG
123,68735.00,Aerospace and Defense,U.S.,The Boeing Company
121,68949.50,Banks: Commercial and Savings,Britain,Barclays Plc
120,69865.00,General Merchandisers,U.S.,Target Corporation
119,69943.00,Computer Software,U.S.,Microsoft Corporation
118,70063.30,Health Care: Pharmacy and Other Services,U.S.,"Medco Health Solutions, Inc."
117,70226.90,Motor Vehicles and Parts,South Korea,Hyundai Motor Company
116,70395.00,Specialty Retailers,U.S.,"The Home Depot, Inc."
115,70491.90,Trading,Japan,Mitsubishi Corporation
113,70990.10,Trading,China,Sinochem Group
114,70641.00,"Insurance: Life, Health (stock)",U.S.,"MetLife, Inc."
111,71443.40,"Engineering, Construction",China,China Railway Construction Corporation
112,71263.40,"Engineering, Construction",China,China Railway Group
110,71599.90,Motor Vehicles and Parts,Germany,Robert Bosch GmbH
108,71739.00,"Mining, Crude-Oil Production",Australia,BHP Billiton Limited
109,71730.00,Insurance: Property and Casualty (Stock),U.S.,"American International Group,Inc."
107,72184.00,Food and Drug Stores,U.S.,Walgreen Co.
106,73645.00,Petroleum Refining,U.S.,Marathon Petroleum Corporation
104,74425.30,Banks: Commercial and Savings,Germany,Deutsche Bank Aktiengesellschaft
105,74051.00,Telecommunications,Britain,Vodafone Group Plc
102,75497.60,Diversified Financials,U.S.,INTL FCStone Inc.
103,75081.60,Banks: Commercial and Savings,France,Groupe BPCE
101,75513.80,"Mining, Crude-Oil Production",China,China National Offshore Oil Corp.
488,22626.00,"Computers, Office Equipment",U.S.,Xerox Corporation
489,22559.90,Temporary Help,Netherlands,Randstad Holding NV
490,22519.30,"Mining, Crude-Oil Production",China,Kailuan (Group) Limited Liability Corporation
491,22496.10,Banks: Commercial and Savings,Germany,KFW Bankengruppe
492,22426.60,Entertainment,Germany,Bertelsmann AG
493,22408.00,"Computers, Office Equipment",Taiwan,Wistron Corporation
494,22390.40,Airlines,Britain,International Airlines Group SA
495,22262.40,Food Services,France,Sodexo
496,22217.90,Utilities,Japan,"Tokyo Gas Co., Ltd."
497,22171.00,"Insurance: Life, Health (stock)",U.S.,Aflac Incorporated
498,22093.80,Banks: Commercial and Savings,China,"China Merchants Bank Co., Ltd."
499,22066.80,Utilities,Britain,National Grid plc
500,22006.00,Temporary Help,U.S.,Manpower Inc.
475,23355.70,Motor Vehicles and Parts,China,Zhejiang Geely Holding Group
476,23258.10,Banks: Commercial and Savings,Sweden,Nordea Bank AB
477,23246.20,Specialty Retailers,Japan,"Yamada Denki Co., Ltd."
478,23191.50,Specialty Retailers,U.S.,"The TJX Companies, Inc."
479,22973.00,Health Care: Medical Facilities,Germany,Fresenius SE &amp; Co. KGaA
480,22970.30,"Building Materials, Glass",France,Lafarge S.A.
481,22896.20,Shipping,Japan,Nippon Yusen Kabushiki Kaisha
482,22889.60,Motor Vehicles and Parts,Japan,Mitsubishi Motors Corporation
483,22872.90,zMiscellaneous,China,"Greenland Holding Group Co., Ltd."
484,22832.30,Metals,China,"Xinxing Cathay International Group Co., Ltd."
485,22831.20,"Insurance: Life, Health (stock)",Canada,Sun Life Financial Inc.
486,22810.20,Petroleum Refining,Australia,Caltex Australia Limited
487,22767.00,Motor Vehicles and Parts,U.S.,The Goodyear Tire &amp; Rubber Company
462,24089.00,Metals,China,Ansteel Group Corporation
463,23979.00,Airlines,U.S.,AMR Corporation
464,23897.70,Beverages,Netherlands,Heineken Holding N.V.
465,23735.70,Motor Vehicles and Parts,South Korea,Hyundai Mobis
466,23622.80,"Mining, Crude-Oil Production",Canada,Husky Energy Inc.
467,23616.50,Metals,Japan,"Kobe Steel, Ltd."
468,23591.00,"Computers, Office Equipment",Taiwan,"Compal Electronics, Inc."
469,23556.00,Wholesalers: Health Care,Japan,"Suzuken Co., Ltd."
471,23452.70,Diversified Financials,Japan,"Nomura Holdings, Inc."
472,23415.20,zMiscellaneous,Japan,"Daiwa House Industry Co., Ltd."
473,23381.40,"Engineering, Construction",U.S.,Fluor Corporation
474,23377.70,"Building Materials, Glass",Switzerland,Holcim Ltd
455,24258.40,Energy,Germany,Marquard &amp; Bahls AG
456,24234.00,"Electronics, Electrical Equip.",U.S.,Emerson Electric Co.
457,24226.40,"Insurance: Life, Health (Mutual)",U.S.,Massachusetts Mutual Life Insurance Company
458,24216.00,"Mining, Crude-Oil Production",U.S.,Occidental Petroleum Corporation
459,24141.40,Trading,Netherlands,SHV Holdings N.V.
460,24131.30,"Mining, Crude-Oil Production",China,Shandong Energy Group Co. Ltd.
461,24107.70,"Computers, Office Equipment",Japan,"Ricoh Company, Ltd."
450,24429.00,"Insurance: Life, Health (stock)",China,"China Pacific Insurance (Group) Co., Ltd."
451,24399.80,Utilities,China,China Power Investment Corp.
452,24378.90,Tobacco,Britain,Imperial Tobacco Group PLC
453,24355.60,zMiscellaneous,Germany,TUI AG
454,24286.50,Pharmaceuticals,U.S.,Eli Lilly and Company
439,24951.00,Metals,U.S.,Alcoa Inc.
440,24905.50,zMiscellaneous,China,"Shandong Weiqiao Pioneering Group Co., Ltd."
441,24861.00,"Insurance: Life, Health (Mutual)",U.S.,"Northwestern Mutual Life Insurance Company,Inc."
442,24857.00,Aerospace and Defense,U.S.,Raytheon Company
443,24848.80,Aerospace and Defense,Italy,Finmeccanica SpA
444,24829.00,"Oil and Gas Equipment, Services",U.S.,Halliburton Company
445,24687.90,Tobacco,Britain,British American Tobacco p.l.c.
446,24670.20,Chemicals,Japan,"Sumitomo Chemical Co., Ltd."
447,24533.40,zMiscellaneous,China,"Shanxi Coal Transportation and Sales Group Co., Ltd."
448,24488.00,Banks: Commercial and Savings,Britain,Standard Chartered PLC
449,24435.30,Banks: Commercial and Savings,South Korea,"Woori Finance Holdings Co., Ltd."
431,25446.00,Insurance: Property and Casualty (Stock),U.S.,"The Travelers Companies, Inc."
432,25417.60,Food Services,Britain,Compass Group PLC
433,25270.00,Utilities,China,China Huadian Corporation
434,25144.50,Industrial Machinery,China,China Shipbuilding Industry Corp.
435,25140.80,"Building Materials, Glass",Ireland,CRH plc
436,25099.20,Construction and Farm Machinery,Japan,Komatsu Ltd.
437,25022.20,Specialty Retailers,U.S.,"Staples, Inc."
438,24968.20,Telecommunications,Australia,Telstra Corporation Limited
418,26333.00,Entertainment,Japan,Maruhan Corporation
419,26168.00,Semiconductors and Other Electronic Components,Canada,Onex Corporation
421,26121.20,Food and Drug Stores,U.S.,Rite Aid Corporation
422,26081.80,"Electronics, Electrical Equip.",Japan,"Sumitomo Electric Industries, Ltd."
423,26057.10,Banks: Commercial and Savings,Belgium,KBC Group NV
424,26034.00,zMiscellaneous,U.S.,International Paper Company
425,26022.50,Network and Other Communications Equipment,China,China Electronics Corporation
426,25833.10,Trading,China,Zhejiang Materials Industry Group Corporation
427,25758.60,Tobacco,Japan,Japan Tobacco Inc.
428,25748.90,Motor Vehicles and Parts,Japan,Mazda Motor Corporation
429,25720.80,Energy,South Korea,Korea Gas Corporation
430,25662.80,"Mining, Crude-Oil Production",Russia,Surgutneftegas
407,27178.80,Food and Drug Stores,U.S.,"Publix Super Markets, Inc."
408,27178.60,Petroleum Refining,Taiwan,Formosa Petrochemical Corporation
409,27090.90,Banks: Commercial and Savings,Canada,Bank of Nova Scotia
410,27006.00,Food Services,U.S.,McDonald&#039;s Corporation
411,26860.80,Food Consumer Products,France,Danone
412,26698.20,Petroleum Refining,Hungary,MOL Hungarian Oil and Gas Plc
413,26648.70,"Insurance: Life, Health (stock)",Japan,"T&amp;D Holdings, Inc."
414,26534.40,Wholesalers: Electronics and Office Equipment,U.S.,"Avnet, Inc."
415,26488.10,Wholesalers: Electronics and Office Equipment,U.S.,Tech Data Corporation
416,26410.90,Trading,China,"Tewoo Group Co., Ltd."
417,26405.00,General Merchandisers,U.S.,"Macy&#039;s, Inc."
401,27738.80,Metals,India,Tata Steel Ltd.
402,27706.70,Chemicals,China,China National Chemical Corporation
403,27589.50,Banks: Commercial and Savings,Canada,The Toronto-Dominion Bank
404,27417.30,Industrial Machinery,France,Alstom
405,27352.90,Information Technology Services,Ireland,Accenture Plc
406,27226.00,Telecommunications,U.S.,DIRECTV
297,36099.60,Petroleum Refining,Poland,Polski Koncern Naftowy ORLEN Spólka Akcyjna Group
298,35839.20,Metals,China,Aluminum Corporation of China
299,35727.40,Industrial Machinery,Japan,"Mitsubishi Heavy Industries, Ltd."
300,35622.00,Computer Software,U.S.,Oracle Corporation
284,37059.00,Aerospace and Defense,U.S.,Honeywell International Inc.
285,36950.20,Banks: Commercial and Savings,India,State Bank of India
286,36921.40,Food Production,Brazil,JBS S.A.
287,36915.80,Wholesalers: Food and Grocery,U.S.,CHS Inc.
288,36859.50,Utilities,Britain,Centrica plc
289,36832.00,Health Care: Insurance and Managed Care,U.S.,Humana Inc.
290,36793.00,Banks: Commercial and Savings,U.S.,"The Goldman Sachs Group, Inc."
291,36730.60,Banks: Commercial and Savings,Australia,Australia and New Zealand Banking Group Limited
292,36549.10,Insurance: Property and Casualty (Stock),China,The People&#039;s Insurance Co. (Group) of China Ltd.
293,36405.90,Metals,Germany,Heraeus Holding GmbH
294,36328.70,Wholesalers: Electronics and Office Equipment,U.S.,Ingram Micro Inc.
295,36117.10,Metals,China,Shougang Group
296,36100.00,Food and Drug Stores,U.S.,Supervalu Inc.
272,38023.30,Wholesalers: Health Care,Germany,Franz Haniel &amp; Cie. GmbH
273,37990.00,Industrial Machinery,Switzerland,ABB Ltd.
274,37977.10,Food and Drug Stores,Switzerland,Alliance Boots GMbH
275,37967.00,Specialty Retailers,China,Jardine Matheson Holdings Limited
276,37942.90,Motor Vehicles and Parts,Japan,Bridgestone Corporation
277,37905.00,Internet Services and Retailing,U.S.,Google Inc.
278,37871.00,Petroleum Refining,U.S.,Hess Corporation
279,37770.30,"Computers, Office Equipment",Taiwan,"Quanta Computer, Inc."
280,37612.60,"Engineering, Construction",China,China Metallurgical Group Corporation
281,37577.00,Banks: Commercial and Savings,Netherlands,Rabobank Group
282,37233.00,Banks: Commercial and Savings,Canada,Royal Bank of Canada
283,37110.00,Airlines,U.S.,"United Continental Holdings, Inc."
259,39953.70,Motor Vehicles and Parts,Japan,Denso Corporation
260,39540.00,"Oil and Gas Equipment, Services",U.S.,Schlumberger Limited
261,39376.00,Banks: Commercial and Savings,U.S.,Morgan Stanley
262,39323.50,Wholesalers: Food and Grocery,U.S.,Sysco Corporation
263,39304.00,"Mail, Package, and Freight Delivery",U.S.,FedEx Corporation
264,39295.90,Utilities,South Korea,Korea Electric Power Corporation
265,39046.00,Beverages,Belgium,Anheuser-Busch InBev SA
266,38987.80,Motor Vehicles and Parts,South Korea,Kia Motors Corporation
267,38885.40,Petroleum Refining,India,Hindustan Petroleum Corporation Limited
268,38851.30,Pharmaceuticals,U.S.,Abbott Laboratories
269,38722.40,Metals,China,"HeBei Iron &amp; Steel Group Co., Ltd."
270,38719.00,Chemicals,U.S.,E.I. du Pont de Nemours and Company
271,38461.90,"Computers, Office Equipment",Japan,NEC Corporation
246,41480.60,Energy,China,China Huaneng Group
247,41300.90,Trading,Japan,Sumitomo Corporation
248,41219.90,Airlines,Germany,Deutsche Lufthansa AG
249,40893.00,Entertainment,U.S.,The Walt Disney Company
250,40834.90,Aerospace and Defense,China,Aviation Industry Corp. of China
251,40833.00,Motor Vehicles and Parts,U.S.,"Johnson Controls, Inc."
252,40631.80,Chemicals,Japan,Mitsubishi Chemical Holdings Corp.
253,40559.20,Telecommunications,Japan,Softbank Corporation
254,40520.90,Banks: Commercial and Savings,Australia,National Australia Bank Limited
255,40230.80,Petroleum Refining,Canada,Suncor Energy Inc.
256,40104.20,Metals,Japan,"JFE Holdings, Inc."
257,40063.10,Telecommunications,France,Vivendi
258,40023.30,"Mail, Package, and Freight Delivery",China,China Post Group Company
234,43355.90,"Mining, Crude-Oil Production",China,Shenhua Group Corporation Limited of China
235,43280.30,Petroleum Refining,South Korea,GS Caltex Corporation
236,43263.80,Insurance: Property and Casualty (Stock),Japan,"Tokio Marine Holdings, Inc."
237,43218.00,Network and Other Communications Equipment,U.S.,"Cisco Systems, Inc."
238,43159.50,Motor Vehicles and Parts,China,China South Industries Group Corporation
239,43085.90,"Insurance: Life, Health (Mutual)",Japan,Sumitomo Life Insurance Company
241,42415.60,Motor Vehicles and Parts,Germany,Continental AG
242,42110.30,"Insurance: Life, Health (stock)",China,"Ping An Insurance (Group) Company of China, Ltd."
243,42090.40,Food and Drug Stores,Netherlands,Koninklijke Ahold N.V.
244,42069.50,Telecommunications,Italy,Telecom Italia S.p.A.
245,41567.00,General Merchandisers,U.S.,Sears Holdings Corporation
222,45097.60,Energy,Turkey,Koç Holding SA
223,44710.00,Food Production,Singapore,Wilmar International Limited
224,44630.80,"Computers, Office Equipment",Japan,Canon Inc.
225,44581.70,Petroleum Refining,India,Bharat Petroleum Corporation Limited
226,44313.00,Pipelines,U.S.,Enterprise Products Partners L.P.
227,44306.00,Banks: Commercial and Savings,Australia,Commonwealth Bank of Australia
228,44196.90,"Insurance: Life, Health (stock)",Netherlands,AEGON N.V.
229,44112.30,Banks: Commercial and Savings,Australia,Westpac Banking Corporation
230,44005.10,Utilities,Spain,Iberdrola SA
231,43907.30,Pharmaceuticals,Britain,GlaxoSmithKline plc
232,43630.20,Food and Drug Stores,U.S.,Safeway Inc.
233,43439.50,General Merchandisers,China,China Resources National Corporation
210,47349.30,Petroleum Refining,Austria,OMV Group
211,46692.00,Aerospace and Defense,U.S.,Lockheed Martin Corporation
212,46542.00,Beverages,U.S.,The Coca-Cola Company
213,46128.30,Health Care: Pharmacy and Other Services,U.S.,Express Scripts Holding Company
214,46094.30,"Electronics, Electrical Equip.",Japan,Mitsubishi Electric Corporation
215,45977.70,Banks: Commercial and Savings,Switzerland,UBS AG
216,45958.70,"Engineering, Construction",China,China Communications Construction Group Ltd.
217,45765.00,Petroleum Refining,U.S.,"Sunoco, Inc."
218,45669.40,"Engineering, Construction",France,Bouygues SA
219,45587.40,Railroads,France,Societe Nationale des Chemins de Fer Francais
220,45241.00,Telecommunications,Japan,KDDI Corporation
221,45169.80,Telecommunications,China,China Telecommunications Corporation
201,48746.50,Pharmaceuticals,France,Sanofi
202,48485.90,Utilities,France,Veolia Environnement SA
203,48484.70,Industrial Machinery,South Korea,Hyundai Heavy Industries
204,48227.10,Banks: Commercial and Savings,Switzerland,Credit Suisse Group AG
205,48153.90,Aerospace and Defense,China,China North Industries Group Corporation
206,48077.00,Internet Services and Retailing,U.S.,"Amazon.com, Inc."
207,48047.00,Pharmaceuticals,U.S.,"Merck &amp; Co., Inc."
208,47813.70,Motor Vehicles and Parts,Sweden,AB Volvo
209,47684.00,Insurance: Property and Casualty (Stock),Japan,"MS&amp;AD Insurance Group Holdings, Inc."
96,77463.40,"Insurance: Life, Health (Mutual)",Japan,Meiji Yasuda Life Insurance Company
97,77260.50,"Electronics, Electrical Equip.",Japan,Toshiba Corporation
98,76306.60,"Mail, Package, and Freight Delivery",Germany,Deutsche Post AG
99,76119.00,Petroleum Refining,India,Reliance Industries Limited
100,76023.60,"Engineering, Construction",China,China State Construction Engineering Corporation
90,81121.80,Petroleum Refining,Spain,"Repsol YPF,S.A."
91,80732.10,Trading,China,Noble Group Limited
92,80676.00,Food Production,U.S.,Archer-Daniels-Midland Company
93,80230.40,Banks: Commercial and Savings,China,Bank of China Limited
94,80217.60,Wholesalers: Health Care,U.S.,AmerisourceBergen Corp.
95,79689.60,Petroleum Refining,Thailand,PTT Public Company Limited
83,86015.70,Petroleum Refining,India,Indian Oil Corporation Limited
84,84802.70,Banks: Commercial and Savings,China,Agricultural Bank of China
86,82559.00,Household and Personal Products,U.S.,The Procter &amp; Gamble Company
87,82237.20,"Electronics, Electrical Equip.",Japan,Sony Corporation
88,81886.70,Banks: Commercial and Savings,Brazil,Banco do Brasil S.A.
89,81554.20,Telecommunications,Germany,Deutsche Telekom AG
77,89648.20,Banks: Commercial and Savings,China,China Construction Bank Corporation
78,88915.00,Specialty Retailers,U.S.,Costco Wholesale Corporation
79,88262.00,Diversified Financials,U.S.,Freddie Mac
80,87597.00,Banks: Commercial and Savings,U.S.,Wells Fargo &amp; Company
81,87543.70,Telecommunications,China,China Mobile Communications Corporation
67,98463.50,Banks: Commercial and Savings,France,Société Générale
68,97355.40,Petroleum Refining,Malaysia,Petroliam Nasional Berhad
69,95692.30,Motor Vehicles and Parts,Germany,Bayerische Motoren Werke Aktiengesellschaft
70,94444.00,Metals,Luxembourg,ArcelorMittal
72,92745.90,Food and Drug Stores,Germany,Metro AG
74,90782.50,"Insurance: Life, Health (Mutual)",Japan,Nippon Life Insurance Company
75,90374.00,Food and Drug Stores,U.S.,The Kroger Company
55,108249.00,"Computers, Office Equipment",U.S.,"Apple, Inc."
56,107750.00,Food and Drug Stores,U.S.,CVS Caremark Corporation
57,106916.00,Information Technology Services,U.S.,International Business Machines Corporation
59,103839.30,Food and Drug Stores,Britain,Tesco PLC
60,102939.00,Banks: Commercial and Savings,U.S.,Citigroup Inc.
61,102644.20,Wholesalers: Health Care,U.S.,"Cardinal Health, Inc."
62,102194.10,Chemicals,Germany,BASF Aktiengesellschaft
63,101862.00,Health Care: Insurance and Managed Care,U.S.,UnitedHealth Group Incorporated
64,100663.50,Motor Vehicles and Parts,Japan,"Honda Motor Co., Ltd."
65,100394.40,Petroleum Refining,South Korea,"SK Holdings Co., Ltd."
66,99373.20,"Electronics, Electrical Equip.",Japan,Panasonic Corporation
43,117514.40,"Electronics, Electrical Equip.",Taiwan,"Hon Hai Precision Industry Co., Ltd."
44,117408.40,Banks: Commercial and Savings,Spain,Banco Santander S.A.
45,117297.10,Motor Vehicles and Parts,Italy,EXOR S.p.A.
46,115074.00,Banks: Commercial and Savings,U.S.,Bank of America Corporation
47,113348.90,"Electronics, Electrical Equip.",Germany,Siemens Aktiengesellschaft
48,112627.60,"Insurance: Life, Health (stock)",Italy,Assicurazioni Generali SpA
49,111433.00,Petroleum Refining,Russia,OAO Lukoil
50,110875.00,Telecommunications,U.S.,Verizon Communications Inc.
51,110838.00,Banks: Commercial and Savings,U.S.,J.P. Morgan Chase &amp; Co.
52,110560.40,Utilities,Italy,"Enel, SpA"
53,110141.00,Banks: Commercial and Savings,Britain,HSBC Holdings plc
54,109039.60,Banks: Commercial and Savings,China,Industrial and Commercial Bank of China
30,127460.00,Banks: Commercial and Savings,France,BNP Paribas
31,127245.00,"Computers, Office Equipment",U.S.,Hewlett-Packard Company
32,126723.00,Telecommunications,U.S.,AT&amp;T Inc.
33,126076.50,Energy,France,GDF Suez SA
35,125095.00,Petroleum Refining,U.S.,Valero Energy Corporation
36,124754.00,Petroleum Refining,Venezuela,"Petroleos de Venezuela, S.A."
37,122734.00,Wholesalers: Health Care,U.S.,McKesson Corporation
38,122419.40,"Electronics, Electrical Equip.",Japan,"Hitachi, Ltd."
39,121734.10,Food and Drug Stores,France,Carrefour SA
40,119560.50,Petroleum Refining,Norway,Statoil ASA
41,119258.10,Petroleum Refining,Japan,"JX Holdings, Inc."
42,119166.30,Motor Vehicles and Parts,Japan,"Nissan Motor Co., Ltd."
19,150276.00,Motor Vehicles and Parts,U.S.,General Motors Company
20,148944.40,"Electronics, Electrical Equip.",South Korea,"Samsung Electronics Co., Ltd."
21,148138.80,Motor Vehicles and Parts,Germany,Daimler AG
22,147616.00,Diversified Financials,U.S.,General Electric Company
24,143688.00,Insurance: Property and Casualty (Stock),U.S.,Berkshire Hathaway Inc.
25,142711.80,"Insurance: Life, Health (stock)",France,AXA
26,137451.00,Diversified Financials,U.S.,Fannie Mae
27,136264.00,Motor Vehicles and Parts,U.S.,Ford Motor Company
28,134167.50,Insurance: Property and Casualty (Stock),Germany,Allianz AG
29,133076.90,Telecommunications,Japan,Nippon Telegraph &amp; Telephone Corporation
6,352338.00,Petroleum Refining,China,China National Petroleum Corporation
7,259141.80,Utilities,China,State Grid Corporation of China
8,245621.00,Petroleum Refining,U.S.,Chevron Corporation
9,237272.00,Petroleum Refining,U.S.,ConocoPhillips
10,235364.00,Motor Vehicles and Parts,Japan,Toyota Motor Corporation
11,231579.80,Petroleum Refining,France,Total S.A.
12,221550.50,Motor Vehicles and Parts,Germany,Volkswagen AG
13,211018.90,"Insurance: Life, Health (stock)",Japan,"Japan Post Holdings Co., Ltd."
14,186152.00,Energy,Switzerland,Glencore International PLC
15,157830.50,Energy,Russia,OAO Gazprom
16,157057.10,Energy,Germany,E.ON AG
17,153675.50,Petroleum Refining,Italy,ENI S.p.A.
18,150570.70,Banks: Commercial and Savings,Netherlands,ING Group
1,484489.00,Petroleum Refining,Netherlands,Royal Dutch Shell plc
2,452926.00,Petroleum Refining,U.S.,Exxon Mobil Corporation
3,446950.00,General Merchandisers,U.S.,"Wal-Mart Stores, Inc."
4,386463.00,Petroleum Refining,Britain,BP p.l.c.
5,375214.00,Petroleum Refining,China,China Petrochemical Corporation
