rank,revenues,industry,hqCountry,title
311,35319.90,"Mining, Crude-Oil Production",China,"Jizhong Energy Group Co., Ltd."
312,35079.00,Banks: Commercial and Savings,Japan,"Mizuho Financial Group, Inc."
313,35015.00,Food Consumer Products,U.S.,"Mondelez International, Inc."
314,34934.90,Banks: Commercial and Savings,Netherlands,Rabobank Group
315,34900.60,Network and Other Communications Equipment,China,"Huawei Investment and Holding Co., Ltd."
316,34705.00,Motor Vehicles and Parts,India,Tata Motors Limited
317,34690.70,Wholesalers: Health Care,Germany,Franz Haniel &amp; Cie. GmbH
304,36595.90,Health Care: Insurance and Managed Care,U.S.,Aetna Inc.
305,36499.20,Petroleum Refining,Taiwan,"CPC Corporation, Taiwan"
306,36322.30,Trading,Japan,Sumitomo Corporation
307,36157.10,Construction and Farm Machinery,U.S.,Deere &amp; Company
308,35442.30,Petroleum Refining,Russia,Sistema JSFC
309,35383.50,Food and Drug Stores,Switzerland,Alliance Boots GMbH
310,35345.00,Telecommunications,U.S.,Sprint Nextel Corporation
301,36783.00,Health Care: Medical Facilities,U.S.,"HCA Holdings, Inc."
302,36756.20,"Engineering, Construction",China,China Metallurgical Group Corporation
303,36670.00,Airlines,U.S.,"Delta Air Lines, Inc."
330,33850.20,Wholesalers: Health Care,Japan,"Medipal Holdings Co., Ltd."
331,33808.00,Banks: Commercial and Savings,U.S.,American Express Company
332,33706.00,Entertainment,U.S.,News Corporation
333,33644.40,Network and Other Communications Equipment,Sweden,Telefonaktiebolaget LM Ericsson
334,33624.00,"Insurance: Life, Health (stock)",Switzerland,Swiss Re Ltd.
335,33599.70,Banks: Commercial and Savings,Germany,DZ Bank Deutsche Zentral-Genossenschaftsbank Aktiengesellsch
322,34329.70,Metals,China,Shougang Group
323,34327.00,Food and Drug Stores,U.S.,Supervalu Inc.
324,34308.60,"Insurance: Life, Health (Mutual)",U.S.,New York Life Insurance Company
325,34238.70,Insurance: Property and Casualty (Stock),Japan,"NKSJ Holdings, Inc."
326,33952.30,Industrial Machinery,China,China National Machinery Industry Corporation
327,33933.70,Industrial Machinery,Japan,"Mitsubishi Heavy Industries, Ltd."
328,33882.30,Metals,China,Wuhan Iron and Steel (Group) Company
329,33873.40,"Computers, Office Equipment",China,Lenovo Group Limited
318,34557.90,Metals,China,Jiangsu Shagang Group Co. Limited
319,34462.20,"Building Materials, Glass",China,China National Building Materials Group Corporation
320,34429.30,Utilities,Japan,"The Kansai Electric Power Co., Inc."
321,34412.20,"Computers, Office Equipment",Taiwan,"Quanta Computer, Inc."
348,32484.00,Petroleum Refining,U.S.,Tesoro Corporation
349,32455.90,"Mail, Package, and Freight Delivery",France,La Poste SA
350,32355.00,Banks: Commercial and Savings,U.S.,Morgan Stanley
341,32942.90,"Insurance: Life, Health (stock)",Canada,Power Corporation of Canada
342,32872.20,"Insurance: Life, Health (Mutual)",U.S.,Massachusetts Mutual Life Insurance Company
343,32864.00,Trading,China,"Tewoo Group Co., Ltd."
344,32763.80,Food and Drug Stores,Canada,George Weston Limited
345,32749.40,Petroleum Refining,Japan,"Cosmo Oil Co., Ltd."
346,32700.60,"Insurance: Life, Health (stock)",Britain,Old Mutual plc
347,32579.30,"Electronics, Electrical Equip.",Netherlands,Royal Philips
336,33374.50,Motor Vehicles and Parts,China,"Beijing Automotive Group Co., Ltd."
337,33315.00,Insurance: Property and Casualty (Stock),U.S.,The Allstate Corporation
338,33278.00,Food Production,U.S.,"Tyson Foods, Inc."
339,33195.80,Wholesalers: Food and Grocery,Germany,Edeka Zentrale AG
340,32962.20,Airlines,France,Air France-KLM Group
358,31741.00,Petroleum Refining,Russia,TNK-BP International Ltd.
359,31738.70,zMiscellaneous,China,"Greenland Holding Group Co., Ltd."
351,32174.70,Railroads,Japan,East Japan Railway Company
352,32156.00,"Insurance: Life, Health (Mutual)",U.S.,Teachers Insurance and Annuity Association College Retiremen
353,32004.80,Energy,Spain,"Gas Natural Fenosa, S.A."
354,31971.00,"Engineering, Construction",China,Power Construction Corporation of China
355,31967.90,Chemicals,China,China National Chemical Corporation
356,31899.80,Utilities,Japan,"Chubu Electric Power Co., Inc."
357,31751.50,Trading,China,"COFCO, Limited"
377,30356.30,Insurance: Property and Casualty (Mutual),U.S.,Nationwide Mutual Insurance Co.
370,30837.00,Motor Vehicles and Parts,Canada,Magna International Inc.
371,30829.90,Petroleum Refining,South Korea,S-Oil
372,30773.70,"Electronics, Electrical Equip.",France,Schneider Electric SA
373,30712.30,"Mining, Crude-Oil Production",China,Shandong Energy Group Co. Ltd.
374,30466.40,Motor Vehicles and Parts,Japan,"Aisin Seiki Co., Ltd."
375,30402.70,"Insurance: Life, Health (stock)",Britain,Standard Life plc
376,30399.30,Energy,China,China Datang Corporation
362,31377.00,Tobacco,U.S.,Philip Morris International Inc.
363,31338.90,Specialty Retailers,China,Hutchison Whampoa Limited
364,31197.30,Trading,China,Zhejiang Materials Industry Group Corporation
365,31103.40,Energy,South Korea,Korea Gas Corporation
366,31095.70,Banks: Commercial and Savings,Brazil,Itaúsa-Investimentos Itaú
367,31048.70,Motor Vehicles and Parts,Japan,Suzuki Motor Corporation
368,30932.40,"Mail, Package, and Freight Delivery",Italy,Poste Italiane SpA
369,30859.10,"Mining, Crude-Oil Production",India,"Oil and Natural Gas Corporation, Ltd."
360,31618.00,"Mining, Crude-Oil Production",Switzerland,Xstrata plc
361,31513.00,Aerospace and Defense,U.S.,General Dynamics Corporation
392,29129.60,"Insurance: Life, Health (stock)",Japan,"T&amp;D Holdings, Inc."
393,29119.00,Health Care: Insurance and Managed Care,U.S.,CIGNA Corporation
394,29082.50,Telecommunications,Britain,BT Group plc
395,29010.40,Network and Other Communications Equipment,China,China Electronics Corporation
396,28867.40,Household and Personal Products,France,L'Oréal SA
383,29847.70,"Electronics, Electrical Equip.",Japan,Sharp Corporation
384,29824.70,"Computers, Office Equipment",Taiwan,Pegatron Corporation
385,29778.00,Information Technology Services,Ireland,Accenture Plc
386,29740.00,Telecommunications,U.S.,DIRECTV
387,29588.30,"Electronics, Electrical Equip.",China,Amer International Group Co. Ltd.
388,29562.00,zMiscellaneous,China,"Shandong Weiqiao Pioneering Group Co., Ltd."
389,29341.80,Utilities,China,China Huadian Corporation
390,29322.60,zMiscellaneous,China,"Shanxi Coal Transportation and Sales Group Co., Ltd."
391,29246.90,Food and Drug Stores,Belgium,Delhaize Group SA
378,30200.00,Banks: Commercial and Savings,Canada,The Toronto-Dominion Bank
379,30187.80,Petroleum Refining,Taiwan,Formosa Petrochemical Corporation
380,30048.10,Energy,Netherlands,GasTerra B.V.
381,29951.90,"Insurance: Life, Health (stock)",Canada,Manulife Financial Corporation
382,29904.00,zMiscellaneous,U.S.,3M Company
398,28776.40,Petroleum Refining,U.S.,Murphy Oil Corporation
399,28761.00,"Mining, Crude-Oil Production",Britain,Anglo American plc
400,28750.90,Wholesalers: Health Care,Japan,Alfresa Holdings Corporation
397,28778.50,Food and Drug Stores,Britain,Wm Morrison Supermarkets PLC
200,50481.50,"Insurance: Life, Health (Mutual)",Japan,Sumitomo Life Insurance Company
199,50500.40,Railroads,Germany,Deutsche Bahn AG
198,50521.00,Specialty Retailers,U.S.,"Lowe&#039;s Companies, Inc."
197,50609.40,Pharmaceuticals,Switzerland,Roche Holding Ltd.
195,50967.00,"Mining, Crude-Oil Production",Britain,Rio Tinto Group
196,50932.90,"Mail, Package, and Freight Delivery",China,China Post Group Company
194,51096.70,Chemicals,Germany,Bayer AG
193,51780.40,Banks: Commercial and Savings,Spain,"Banco Bilbao Vizcaya Argentaria, S.A."
191,51971.60,Insurance: Property and Casualty (Stock),Japan,"MS&amp;AD Insurance Group Holdings, Inc."
192,51807.00,Metals,China,China Minmetals Corporation
189,52203.00,Internet Services and Retailing,U.S.,Google Inc.
190,52099.70,Banks: Commercial and Savings,Japan,"Sumitomo Mitsui Financial Group, Inc."
188,52281.10,Banks: Commercial and Savings,Italy,UniCredit Group
187,52448.20,General Merchandisers,China,China Resources National Corporation
185,52864.40,Metals,Japan,Nippon Steel &amp; Sumitomo Metal Corporation
186,52765.70,"Computers, Office Equipment",Japan,Fujitsu Limited
184,53037.20,Motor Vehicles and Parts,France,Renault S.A.
183,53341.00,Semiconductors and Other Electronic Components,U.S.,Intel Corporation
182,53378.60,Telecommunications,China,China Telecommunications Corporation
180,53812.20,Banks: Commercial and Savings,Germany,Landesbank Baden-Württemberg
181,53760.90,"Insurance: Life, Health (stock)",China,"Ping An Insurance (Group) Company of China, Ltd."
179,54127.00,"Mail, Package, and Freight Delivery",U.S.,"United Parcel Service, Inc."
178,54517.90,"Mining, Crude-Oil Production",China,Shenhua Group Corporation Limited
176,54809.70,Petroleum Refining,Austria,OMV Group
177,54648.80,Banks: Commercial and Savings,Britain,Barclays Plc
175,54830.00,General Merchandisers,France,Foncière Euris
173,55426.90,"Insurance: Life, Health (stock)",Britain,Legal &amp; General Group Plc
174,55150.50,Trading,Japan,Itochu Corporation
172,55435.10,Diversified Financials,China,CITIC Group
170,55922.30,Telecommunications,France,France Télécom SA
171,55515.00,"Building Materials, Glass",France,Compagnie de Saint-Gobain
169,55934.90,"Insurance: Life, Health (stock)",France,CNP Assurances S.A.
168,55952.80,Banks: Commercial and Savings,Brazil,Banco Bradesco S.A.
167,56472.50,Metals,South Korea,POSCO
166,56786.00,Chemicals,U.S.,The Dow Chemical Company
165,56940.00,"Computers, Office Equipment",U.S.,Dell Inc.
163,57359.80,Banks: Commercial and Savings,Japan,"Mitsubishi UFJ Financial Group, Inc."
164,56944.40,"Insurance: Life, Health (Mutual)",Japan,Meiji Yasuda Life Insurance Company
161,58027.80,Aerospace and Defense,China,China North Industries Group Corporation
162,57561.00,Pharmaceuticals,Switzerland,Novartis AG
159,58621.80,Food and Drug Stores,Australia,Woolworths Limited
160,58541.00,Trading,Japan,Marubeni Corporation
157,59064.60,Shipping,Denmark,A.P. Møller-Mærsk Group
158,58919.40,Telecommunications,Mexico,América Móvil
156,59146.70,Trading,Japan,"Mitsui &amp; Co., Ltd."
155,59483.70,Metals,Germany,ThyssenKrupp AG
153,59901.80,Food and Drug Stores,Australia,Wesfarmers Limited
154,59783.00,Aerospace and Defense,U.S.,United Technologies Corporation
152,60312.30,Food and Drug Stores,France,Groupe Auchan SA
150,60864.70,Food and Drug Stores,Japan,"Seven &amp; I Holdings Co., Ltd."
151,60673.50,"Insurance: Life, Health (stock)",Netherlands,AEGON N.V.
149,61093.00,Internet Services and Retailing,U.S.,"Amazon.com, Inc."
148,61244.00,Pharmaceuticals,U.S.,Pfizer Inc.
147,61711.70,Health Care: Insurance and Managed Care,U.S.,"WellPoint, Inc."
146,61721.90,Motor Vehicles and Parts,China,Dongfeng Motor Group
145,62570.00,Telecommunications,U.S.,Comcast Corporation
144,63373.00,"Mining, Crude-Oil Production",U.S.,ConocoPhillips
142,63630.90,"Insurance: Life, Health (stock)",Japan,"The Dai-ichi Life Insurance Company, Limited"
143,63494.00,Food Production,U.S.,Bunge Limited
141,64886.00,Motor Vehicles and Parts,China,China FAW Group Corporation
140,65223.00,"Mail, Package, and Freight Delivery",U.S.,United States Postal Service
139,65247.20,Energy,Germany,RWE Aktiengesellschaft
138,65285.70,Insurance: Property and Casualty (Mutual),U.S.,State Farm Insurance Cos.
137,65492.00,Food Consumer Products,U.S.,"PepsiCo, Inc."
136,65875.00,Construction and Farm Machinery,U.S.,Caterpillar Inc.
134,66686.00,Utilities,China,"China Southern Power Grid Co., Ltd."
135,65957.90,Food Consumer Products,Britain/Netherlands,Unilever N.V./ Unilever PLC
133,66973.20,Banks: Commercial and Savings,France,Groupe BPCE
132,67224.00,Pharmaceuticals,U.S.,Johnson &amp; Johnson
131,67423.00,Motor Vehicles and Parts,Germany,Robert Bosch GmbH
130,67487.20,Banks: Commercial and Savings,Germany,Deutsche Bank Aktiengesellschaft
129,68224.00,"Insurance: Life, Health (stock)",U.S.,"MetLife, Inc."
127,69322.70,Food and Drug Stores,Japan,"AEON Co., Ltd."
128,69260.60,Diversified Financials,U.S.,INTL FCStone Inc.
126,69848.20,"Electronics, Electrical Equip.",Japan,Toshiba Corporation
125,70143.00,Insurance: Property and Casualty (Stock),U.S.,"American International Group,Inc."
124,70187.40,Telecommunications,Britain,Vodafone Group Plc
121,71255.20,Motor Vehicles and Parts,France,Peugeot
122,70924.40,Petroleum Refining,Indonesia,PT Pertamina (Persero)
123,70414.00,Insurance: Property and Casualty (Stock),Switzerland,Zurich Insurance Group Ltd.
120,71633.00,Food and Drug Stores,U.S.,Walgreen Co.
119,71824.10,Trading,China,Sinochem Group
117,71967.20,Utilities,Japan,"The Tokyo Electric Power Company, Inc."
118,71877.30,Trading,Japan,Mitsubishi Corporation
116,72086.60,Banks: Commercial and Savings,Brazil,Banco do Brasil S.A.
114,72584.00,Aerospace and Defense,Netherlands,European Aeronautic Defence and Space Company EADS N.V.
115,72226.00,"Mining, Crude-Oil Production",Australia,BHP Billiton Limited
112,73465.60,Petroleum Refining,Spain,"Repsol, S.A."
113,73301.00,General Merchandisers,U.S.,Target Corporation
111,73671.40,"Insurance: Life, Health (stock)",China,China Life Insurance (Group) Company
110,73723.00,Computer Software,U.S.,Microsoft Corporation
109,73830.20,"Insurance: Life, Health (stock)",Britain,Aviva plc
108,74126.20,"Mail, Package, and Freight Delivery",Germany,Deutsche Post AG
107,74426.70,Petroleum Refining,India,Reliance Industries Limited
106,74754.00,Specialty Retailers,U.S.,"The Home Depot, Inc."
105,74754.60,Telecommunications,Germany,Deutsche Telekom AG
104,74998.50,Motor Vehicles and Parts,South Korea,Hyundai Motor Company
102,76711.00,"Engineering, Construction",China,China Railway Group
103,76233.60,Motor Vehicles and Parts,China,SAIC Motor Corporation Limited
101,76783.00,Petroleum Refining,U.S.,Marathon Petroleum Corporation
297,36909,Petroleum Refining,Poland,PKN Orlen Group
494,23512.30,Chemicals,Japan,"Sumitomo Chemical Co., Ltd."
495,23489.00,Utilities,U.S.,Exelon Corporation
496,23441.60,Beverages,Japan,"Kirin Holdings Company, Limited"
497,23398.30,Airlines,Britain,International Consolidated Airlines Group SA
498,23374.20,Chemicals,Luxembourg,Ineos Group Holdings S.A.
499,23282.50,"Insurance: Life, Health (stock)",Taiwan,Cathay Life Insurance Co. Ltd.
500,23175.20,"Computers, Office Equipment",Japan,"Ricoh Company, Ltd."
478,24507.00,"Electronics, Electrical Equip.",U.S.,Emerson Electric Co.
479,24414.00,Aerospace and Defense,U.S.,Raytheon Company
480,24253.00,"Mining, Crude-Oil Production",U.S.,Occidental Petroleum Corporation
481,24180.60,zMiscellaneous,Japan,"Daiwa House Industry Co., Ltd."
482,24146.20,"Mining, Crude-Oil Production",China,"China Nonferrous Metal Mining (Group) Co., Ltd."
483,24144.80,Motor Vehicles and Parts,China,"Guangzhou Automobile Industry Group Co., Ltd."
484,24128.00,Apparel,U.S.,"Nike, Inc."
485,24071.80,Tobacco,Britain,British American Tobacco p.l.c.
486,23979.20,"Building Materials, Glass",Ireland,CRH plc
487,23781.10,Food Services,France,Sodexo
488,23774.20,zMiscellaneous,Germany,TUI AG
489,23771.00,Banks: Commercial and Savings,U.S.,Capital One Financial Corporation
490,23700.00,Metals,U.S.,Alcoa Inc.
491,23643.30,Utilities,Mexico,CFE
492,23610.10,Semiconductors and Other Electronic Components,Singapore,Flextronics International Ltd.
493,23588.30,Metals,China,Ansteel Group Corporation
467,25047.10,Diversified Financials,Japan,"Nomura Holdings, Inc."
468,24925.10,Banks: Commercial and Savings,Germany,Commerzbank A.G.
469,24855.00,Airlines,U.S.,AMR Corporation
470,24790.10,Health Care: Medical Facilities,Germany,Fresenius SE &amp; Co. KGaA
471,24760.20,Metals,India,Tata Steel Ltd.
472,24733.40,Utilities,Germany,Energie Baden-Württemberg
473,24713.20,Utilities,Sweden,Vattenfall AB
474,24685.40,Petroleum Refining,Hungary,MOL Hungarian Oil and Gas Plc
475,24671.90,Specialty Retailers,U.S.,"Staples, Inc."
476,24593.50,Banks: Commercial and Savings,Belgium,Dexia SA
477,24550.20,Motor Vehicles and Parts,China,Zhejiang Geely Holding Group
455,25732.60,Entertainment,Japan,Maruhan Corporation
456,25716.10,Trading,Netherlands,SHV Holdings N.V.
457,25707.50,Wholesalers: Electronics and Office Equipment,U.S.,"Avnet, Inc."
458,25565.10,Beverages,Netherlands,Heineken Holding N.V.
459,25531.90,Tobacco,Japan,Japan Tobacco Inc.
460,25424.10,Banks: Commercial and Savings,China,"Shanghai Pudong Development Bank Co., Ltd."
461,25392.30,Food and Drug Stores,U.S.,Rite Aid Corporation
462,25364.00,"Insurance: Life, Health (stock)",U.S.,Aflac Incorporated
463,25361.00,Wholesalers: Electronics and Office Equipment,U.S.,Tech Data Corporation
464,25341.70,"Mining, Crude-Oil Production",China,"Shaanxi Yanchang Petroleum (Group) Co., Ltd."
465,25218.00,Aerospace and Defense,U.S.,Northrop Grumman Corporation
466,25202.40,General Merchandisers,China,"Bailian Group Co., Ltd."
442,26412.00,Insurance: Property and Casualty (Stock),U.S.,"The Hartford Financial Services Group, Inc."
443,26391.40,zMiscellaneous,Switzerland,"Adecco, S.A."
444,26302.90,Telecommunications,Australia,Telstra Corporation Limited
445,26265.40,"Mining, Crude-Oil Production",Russia,Surgutneftegas
446,26189.50,Pharmaceuticals,China,China National Pharmaceutical Group Corporation
447,26129.90,"Electronics, Electrical Equip.",South Korea,"LG Display Co., Ltd."
448,26090.60,Industrial Machinery,France,Alstom
449,26067.30,Food and Drug Stores,Brazil,Brazilian Distribution
450,26010.50,"Electronics, Electrical Equip.",Japan,"Sumitomo Electric Industries, Ltd."
451,25981.30,Metals,Germany,Heraeus Holding GmbH
452,25957.00,"Insurance: Life, Health (Mutual)",U.S.,"Northwestern Mutual Life Insurance Company,Inc."
453,25878.40,Specialty Retailers,U.S.,"The TJX Companies, Inc."
454,25740.00,Insurance: Property and Casualty (Stock),U.S.,"The Travelers Companies, Inc."
435,26757.40,"Mining, Crude-Oil Production",China,Shanxi Jincheng Anthracite Coal Mining Group Co. Ltd.
436,26682.60,Petroleum Refining,Japan,Showa Shell Sekiyu K.K.
437,26669.80,zMiscellaneous,Japan,Fujifilm Holdings Corporation
438,26666.70,Food and Drug Stores,Switzerland,Migros Genossenschafts-Bund
439,26647.40,Food Services,Britain,Compass Group PLC
440,26556.30,Motor Vehicles and Parts,Japan,Mazda Motor Corporation
441,26450.40,Aerospace and Defense,Britain,BAE Systems plc
427,27253.00,"Insurance: Life, Health (stock)",South Korea,Samsung Life Insurance
428,27247.90,Banks: Commercial and Savings,China,"Industrial Bank Co., Ltd."
429,27174.40,"Insurance: Life, Health (stock)",China,"China Pacific Insurance (Group) Co., Ltd."
430,27105.40,"Mining, Crude-Oil Production",China,"Shanxi LuAn Mining Group Co., Ltd."
431,26994.30,Banks: Commercial and Savings,Canada,Bank of Nova Scotia
432,26980.00,"Mining, Crude-Oil Production",China,Datong Coal Mine Group Co. Ltd.
433,26819.30,Food Consumer Products,France,Danone
434,26816.00,Banks: Commercial and Savings,Britain,Standard Chartered PLC
411,28436.30,Banks: Commercial and Savings,China,China Minsheng Banking Corpation Limited
412,28039.50,Banks: Commercial and Savings,China,"China Merchants Bank Co., Ltd."
413,27973.00,Pharmaceuticals,Britain,AstraZeneca PLC
414,27879.60,"Mining, Crude-Oil Production",China,Jiangxi Copper Corporation
415,27841.80,"Mining, Crude-Oil Production",China,Kailuan (Group) Limited Liability Corporation
416,27833.00,zMiscellaneous,U.S.,International Paper Company
417,27753.00,Industrial Machinery,China,China Shipbuilding Industry Corp.
418,27706.80,Food and Drug Stores,U.S.,"Publix Super Markets, Inc."
419,27686.00,General Merchandisers,U.S.,"Macy&#039;s, Inc."
420,27600.30,Energy,Brazil,Ultrapar Holdings
421,27596.80,Motor Vehicles and Parts,France,Michelin
422,27577.10,"Engineering, Construction",U.S.,Fluor Corporation
423,27567.00,Food Services,U.S.,McDonald&#039;s Corporation
424,27443.00,Semiconductors and Other Electronic Components,Canada,Onex Corporation
425,27337.20,Wholesalers: Health Care,Germany,PHOENIX Pharmahandel GmbH &amp; Co. KG
426,27336.80,Motor Vehicles and Parts,South Korea,Hyundai Mobis
401,28736.00,Shipping,China,China Ocean Shipping (Group) Company
402,28729.00,Entertainment,U.S.,Time Warner Inc.
403,28646.30,"Mining, Crude-Oil Production",China,Shanxi Coking Coal Group
404,28636.60,"Mining, Crude-Oil Production",China,"Henan Coal &amp; Chemical Industry Group Co., Ltd."
405,28605.70,Insurance: Property and Casualty (Stock),Spain,"Mapfre, S.A."
406,28579.00,Metals,China,"Xinxing Cathay International Group Co., Ltd."
407,28578.70,"Mining, Crude-Oil Production",China,Yangquan Coal Industry (Group) Co. Ltd.
408,28558.40,Utilities,China,China Power Investment Corp.
409,28514.50,Food and Drug Stores,Switzerland,Coop Group
410,28503.00,"Oil and Gas Equipment, Services",U.S.,Halliburton Company
293,37152.00,Airlines,U.S.,"United Continental Holdings, Inc."
294,37121.00,Computer Software,U.S.,Oracle Corporation
295,36989.00,Information Technology Services,Japan,NEC Corporation
296,36944.00,Insurance: Property and Casualty (Stock),U.S.,Liberty Mutual Holding Company Inc.
298,36863.30,Banks: Commercial and Savings,India,State Bank of India
299,36848.40,Energy,China,China Guodian Corporation
300,36800.00,Food and Drug Stores,Britain,J Sainsbury plc
281,38298.10,Telecommunications,Italy,Telecom Italia S.p.A.
282,38224.40,Banks: Commercial and Savings,Canada,Royal Bank of Canada
283,38092.20,Motor Vehicles and Parts,Japan,Bridgestone Corporation
284,37941.20,Utilities,Britain,Centrica plc
285,37827.30,Wholesalers: Electronics and Office Equipment,U.S.,Ingram Micro Inc.
286,37797.00,Pipelines,U.S.,"Plains All American Pipeline, L.P."
287,37665.00,Aerospace and Defense,U.S.,Honeywell International Inc.
288,37655.50,Apparel,France,Christian Dior S.A.
289,37261.00,Telecommunications,France,Vivendi
290,37193.30,Chemicals,Japan,Mitsubishi Chemical Holdings Corp.
291,37175.00,Banks: Commercial and Savings,Australia,Australia and New Zealand Banking Group Limited
292,37172.10,Trading,China,China Railway Materials Company Limited
268,39336.00,Industrial Machinery,Switzerland,ABB Ltd.
269,39279.90,Metals,China,"HeBei Iron &amp; Steel Group Co., Ltd."
270,39126.00,Health Care: Insurance and Managed Care,U.S.,Humana Inc.
271,39031.90,Airlines,Germany,Deutsche Lufthansa AG
272,38945.30,Wholesalers: Diversified,U.S.,World Fuel Services Corporation
273,38822.10,Metals,China,Aluminum Corporation of China
274,38780.00,Network and Other Communications Equipment,Finland,Nokia Corporation
275,38747.70,Food Production,Brazil,JBS S.A.
276,38641.70,Petroleum Refining,Canada,Suncor Energy Inc.
277,38445.30,Wholesalers: Diversified,China,China National Aviation Fuel Group Corporation
278,38405.00,Metals,Japan,"JFE Holdings, Inc."
279,38373.00,Petroleum Refining,U.S.,Hess Corporation
280,38327.80,"Mining, Crude-Oil Production",Colombia,Ecopetrol S.A.
255,41517.80,Banks: Commercial and Savings,Switzerland,Credit Suisse Group AG
256,40788.90,Insurance: Property and Casualty (Stock),China,The People&#039;s Insurance Co. (Group) of China Ltd.
257,40683.00,Telecommunications,Japan,Softbank Corporation
258,40617.10,Telecommunications,China,China United Network Communications Ltd.
259,40599.30,Wholesalers: Food and Grocery,U.S.,CHS Inc.
260,39925.20,Petroleum Refining,India,Hindustan Petroleum Corporation Limited
261,39873.90,Pharmaceuticals,U.S.,Abbott Laboratories
262,39854.00,General Merchandisers,U.S.,Sears Holdings Corporation
263,39769.40,Banks: Commercial and Savings,Switzerland,UBS AG
264,39758.00,Beverages,Belgium,Anheuser-Busch InBev SA/NV
265,39721.50,Utilities,France,Veolia Environnement SA
266,39593.00,Specialty Retailers,China,Jardine Matheson Holdings Limited
267,39528.00,Chemicals,U.S.,E.I. du Pont de Nemours and Company
242,43122.20,Motor Vehicles and Parts,Japan,Denso Corporation
243,43094.90,Banks: Commercial and Savings,China,"Bank of Communications Co., Ltd."
244,42956.80,"Electronics, Electrical Equip.",Japan,Mitsubishi Electric Corporation
245,42680.00,"Mail, Package, and Freight Delivery",U.S.,FedEx Corporation
246,42583.10,Pipelines,U.S.,Enterprise Products Partners L.P.
247,42380.90,Wholesalers: Food and Grocery,U.S.,Sysco Corporation
248,42278.00,Entertainment,U.S.,The Walt Disney Company
249,42204.90,Food and Drug Stores,Netherlands,Koninklijke Ahold N.V.
250,42070.20,Motor Vehicles and Parts,Germany,Continental AG
251,41955.00,Motor Vehicles and Parts,U.S.,"Johnson Controls, Inc."
252,41945.80,Motor Vehicles and Parts,South Korea,Kia Motors Corporation
253,41885.50,Pharmaceuticals,Britain,GlaxoSmithKline plc
254,41664.00,Banks: Commercial and Savings,U.S.,"The Goldman Sachs Group, Inc."
227,44850.60,Motor Vehicles and Parts,Sweden,AB Volvo
228,44835.50,Banks: Commercial and Savings,Russia,Savings Bank of the Russian Federation
229,44794.40,Petroleum Refining,India,Bharat Petroleum Corporation Limited
230,44698.50,Utilities,Britain,SSE PLC
231,44343.90,Energy,China,China Huaneng Group
232,44206.50,Food and Drug Stores,U.S.,Safeway Inc.
233,44102.10,Telecommunications,Japan,KDDI Corporation
234,43952.90,Utilities,Spain,Iberdrola SA
235,43612.90,Utilities,South Korea,Korea Electric Power Corporation
236,43606.60,"Computers, Office Equipment",Japan,Canon Inc.
237,43568.20,Banks: Commercial and Savings,Australia,Westpac Banking Corporation
238,43463.00,Railroads,France,Societe Nationale des Chemins de Fer Francais
239,43407.60,Petroleum Refining,South Korea,GS Caltex Corporation
240,43249.70,"Engineering, Construction",France,Bouygues SA
241,43131.00,"Oil and Gas Equipment, Services",U.S.,Schlumberger Limited
214,47267.00,Pharmaceuticals,U.S.,"Merck &amp; Co., Inc."
215,47263.10,Petroleum Refining,Japan,"Idemitsu Kosan Co., Ltd."
216,47182.00,Aerospace and Defense,U.S.,Lockheed Martin Corporation
217,47128.90,Energy,Turkey,Koç Holding
218,46456.10,Insurance: Property and Casualty (Stock),Japan,"Tokio Marine Holdings, Inc."
219,46209.30,Pharmaceuticals,France,Sanofi
220,46061.00,Network and Other Communications Equipment,U.S.,"Cisco Systems, Inc."
221,45867.50,Banks: Commercial and Savings,Italy,Intesa Sanpaolo S.p.A.
222,45682.70,Metals,China,Baosteel Group Corporation
223,45630.00,Chemicals,Netherlands,LyondellBasell Industries N.V.
224,45463.40,Food Production,Singapore,Wilmar International Limited
225,45246.10,"Electronics, Electrical Equip.",South Korea,LG Electronics Inc.
226,45087.00,Specialty Retailers,U.S.,"Best Buy Co., Inc."
201,50400.80,Chemicals,Saudi Arabia,Saudi Basic Industries Corporation
202,50098.00,"Engineering, Construction",Spain,ACS
203,49649.10,"Engineering, Construction",France,Vinci
204,49497.80,Petroleum Refining,United Arab Emirates,International Petroleum Investment Company PJSC
205,49035.60,Banks: Commercial and Savings,Australia,National Australia Bank Limited
206,48809.80,Industrial Machinery,South Korea,"Hyundai Heavy Industries Co., Ltd."
207,48673.30,Banks: Commercial and Savings,Australia,Commonwealth Bank of Australia
208,48017.00,Beverages,U.S.,The Coca-Cola Company
209,47967.40,Aerospace and Defense,China,China South Industries Group Corporation
210,47694.00,"Mining, Crude-Oil Production",Brazil,Vale S.A.
211,47642.80,Banks: Commercial and Savings,Britain,The Royal Bank of Scotland Group plc
212,47351.20,Aerospace and Defense,China,Aviation Industry Corp. of China
213,47332.60,"Engineering, Construction",China,China Communications Construction Group Ltd.
94,81897.30,"Electronics, Electrical Equip.",Japan,Sony Corporation
95,81698.00,Aerospace and Defense,U.S.,The Boeing Company
96,80635.00,Diversified Financials,U.S.,Freddie Mac
97,80135.40,Telecommunications,Spain,Telefónica
98,79720.50,Wholesalers: Health Care,U.S.,AmerisourceBergen Corp.
99,79610.30,Petroleum Refining,Russia,Rosneft Oil Company
100,77164.70,"Engineering, Construction",China,China Railway Construction Corporation
81,89944.90,Petroleum Refining,Thailand,PTT Public Company Limited
82,89038.00,Food Production,U.S.,Archer-Daniels-Midland Company
83,87944.80,"Electronics, Electrical Equip.",Japan,Panasonic Corporation
84,87913.50,"Insurance: Life, Health (stock)",Britain,Prudential plc
85,86848.60,Banks: Commercial and Savings,Britain,Lloyds Banking Group plc
86,86720.10,"Insurance: Life, Health (Mutual)",Japan,Nippon Life Insurance Company
87,85768.20,Food and Drug Stores,Germany,Metro AG
88,85521.40,Petroleum Refining,India,Indian Oil Corporation Limited
89,85120.00,Household and Personal Products,U.S.,The Procter &amp; Gamble Company
90,84838.00,"Insurance: Life, Health (stock)",U.S.,"Prudential Financial, Inc."
91,84213.00,Metals,Luxembourg,ArcelorMittal
92,84049.90,Insurance: Property and Casualty (Stock),Germany,Munich Re Group
93,83458.90,"Mining, Crude-Oil Production",China,China National Offshore Oil Corp.
68,98759.50,Motor Vehicles and Parts,Germany,Bayerische Motoren Werke Aktiengesellschaft
69,98483.80,Food Consumer Products,Switzerland,Nestlé S.A.
70,98428.70,Banks: Commercial and Savings,China,Bank of China Limited
71,96874.50,Telecommunications,China,China Mobile Communications Corporation
72,96751.30,Food and Drug Stores,U.S.,The Kroger Company
73,95181.70,Banks: Commercial and Savings,France,Crédit Nationale de Crédit Agricole
74,94416.70,zMiscellaneous,U.S.,Express Scripts Holding Company
75,94272.50,Petroleum Refining,Malaysia,Petroliam Nasional Berhad
76,94045.10,Trading,China,Noble Group Limited
77,93466.10,Utilities,France,Électricité de France
78,91247.00,Banks: Commercial and Savings,U.S.,Wells Fargo &amp; Company
79,90769.00,Banks: Commercial and Savings,U.S.,Citigroup Inc.
80,90603.20,"Engineering, Construction",China,China State Construction Engineering Corporation
57,106258.80,Petroleum Refining,South Korea,"SK Holdings Co., Ltd."
58,106077.00,Banks: Commercial and Savings,Spain,"Banco Santander, S.A."
59,105996.10,Food and Drug Stores,France,Carrefour SA
60,105294.00,Banks: Commercial and Savings,Britain,HSBC Holdings plc
61,105064.40,Banks: Commercial and Savings,France,Société Générale
62,104507.00,Information Technology Services,U.S.,International Business Machines Corporation
63,104424.90,Food and Drug Stores,Britain,Tesco PLC
64,103478.70,Banks: Commercial and Savings,China,Agricultural Bank of China
65,101176.80,Chemicals,Germany,BASF Aktiengesellschaft
66,100078.00,Banks: Commercial and Savings,U.S.,Bank of America Corporation
67,99137.00,Specialty Retailers,U.S.,Costco Wholesale Corporation
45,118952.40,Motor Vehicles and Parts,Japan,"Honda Motor Co., Ltd."
46,116335.00,Petroleum Refining,Russia,OAO Lukoil
47,115961.40,Motor Vehicles and Parts,Japan,"Nissan Motor Co., Ltd."
48,115846.00,Telecommunications,U.S.,Verizon Communications Inc.
49,113794.20,"Insurance: Life, Health (stock)",Italy,Assicurazioni Generali SpA
50,113369.90,Banks: Commercial and Savings,China,China Construction Bank Corporation
51,110618.00,Health Care: Insurance and Managed Care,U.S.,UnitedHealth Group Incorporated
52,109093.20,Utilities,Italy,"Enel, SpA"
53,108988.50,"Electronics, Electrical Equip.",Germany,Siemens Aktiengesellschaft
54,108874.50,"Electronics, Electrical Equip.",Japan,"Hitachi, Ltd."
55,108184.00,Banks: Commercial and Savings,U.S.,J.P. Morgan Chase &amp; Co.
56,107552.00,Wholesalers: Health Care,U.S.,"Cardinal Health, Inc."
32,128860.60,Telecommunications,Japan,Nippon Telegraph &amp; Telephone Corporation
33,128349.60,Banks: Commercial and Savings,Netherlands,ING Group N.V.
34,127434.00,Telecommunications,U.S.,AT&amp;T Inc.
35,127230.00,Diversified Financials,U.S.,Fannie Mae
36,125195.40,"Mining, Crude-Oil Production",Mexico,Pemex
37,124706.20,Energy,France,GDF Suez SA
38,124459.00,Petroleum Refining,Venezuela,"Petroleos de Venezuela, S.A."
39,124381.60,Petroleum Refining,Norway,Statoil ASA
40,123133.00,Food and Drug Stores,U.S.,CVS Caremark Corporation
41,123029.20,Banks: Commercial and Savings,France,BNP Paribas
42,122455.00,Wholesalers: Health Care,U.S.,McKesson Corporation
43,120357.00,"Computers, Office Equipment",U.S.,Hewlett-Packard Company
44,119499.40,Petroleum Refining,Japan,"JX Holdings, Inc."
20,154571.30,"Insurance: Life, Health (stock)",France,AXA
21,153527.80,Energy,Russia,OAO Gazprom
22,152256.00,Motor Vehicles and Parts,U.S.,General Motors Company
23,146886.30,Motor Vehicles and Parts,Germany,Daimler AG
24,146874.00,Diversified Financials,U.S.,General Electric Company
25,144103.00,Petroleum Refining,Brazil,Petrobras
26,142226.40,Motor Vehicles and Parts,Italy,EXOR S.p.A.
27,138286.00,Petroleum Refining,U.S.,Valero Energy Corporation
28,134252.00,Motor Vehicles and Parts,U.S.,Ford Motor Company
29,133636.00,Banks: Commercial and Savings,China,Industrial and Commercial Bank of China Limited
30,132076.10,"Electronics, Electrical Equip.",Taiwan,"Hon Hai Precision Industry Co., Ltd."
31,130774.60,Insurance: Property and Casualty (Stock),Germany,Allianz SE
8,265701.80,Motor Vehicles and Parts,Japan,Toyota Motor Corporation
9,247613.30,Motor Vehicles and Parts,Germany,Volkswagen AG
10,234277.50,Petroleum Refining,France,Total S.A.
11,233899.00,Petroleum Refining,U.S.,Chevron Corporation
12,214436.00,Energy,Switzerland,Glencore Xstrata plc
13,190859.30,"Insurance: Life, Health (stock)",Japan,"Japan Post Holdings Co., Ltd."
14,178554.80,"Electronics, Electrical Equip.",South Korea,"Samsung Electronics Co., Ltd."
15,169756.40,Energy,Germany,E.ON AG
16,169551.00,Petroleum Refining,U.S.,Phillips 66
17,167904.50,Petroleum Refining,Italy,ENI SpA
18,162463.00,Insurance: Property and Casualty (Stock),U.S.,Berkshire Hathaway Inc.
19,156508.00,"Computers, Office Equipment",U.S.,"Apple, Inc."
1,481700.00,Petroleum Refining,Netherlands,Royal Dutch Shell plc
2,469162.00,General Merchandisers,U.S.,"Wal-Mart Stores, Inc."
3,449886.00,Petroleum Refining,U.S.,Exxon Mobil Corporation
4,428167.40,Petroleum Refining,China,China Petrochemical Corporation
5,408630.00,Petroleum Refining,China,China National Petroleum Corporation
6,388285.00,Petroleum Refining,Britain,BP p.l.c.
7,298448.80,Utilities,China,State Grid Corporation of China
