rank,revenues,industry,hqCountry,title
100,79766,Motor Vehicles and Parts,South Korea,Hyundai Motor
99,79829,Telecommunications,Germany,Deutsche Telekom
98,80909,"Insurance: Life, Health (stock)",China,China Life Insurance
97,81221,Diversified Financials,U.S.,Freddie Mac
96,81323,Petroleum Refining,India,Indian Oil
95,81867,"Insurance: Life, Health (stock)",Britain,Prudential
94,83149,Banks: Commercial and Savings,Britain,Lloyds Banking Group
93,83844,Insurance: Property and Casualty (Stock),Germany,Munich Re Group
92,84167,Household and Personal Products,U.S.,Procter &amp; Gamble
91,86347,Food and Drug Stores,Germany,Metro
90,86623,Aerospace and Defense,U.S.,Boeing
89,88069,Banks: Commercial and Savings,U.S.,Wells Fargo
88,89140,Wholesalers: Health Care,U.S.,AmerisourceBergen
87,89804,Food Production,U.S.,Archer Daniels Midland
86,91152,"Engineering, Construction",China,China Railway Group
85,92024,Motor Vehicles and Parts,China,SAIC Motor
84,92556,Petroleum Refining,Thailand,PTT
83,93618,Banks: Commercial and Savings,France,Credit Agricole
82,93629,Banks: Commercial and Savings,U.S.,Citigroup
81,93991,Petroleum Refining,U.S.,Marathon Petroleum
80,95746,"Engineering, Construction",China,China Railway Construction
79,95971,"Mining, Crude-Oil Production",China,China National Offshore Oil
78,95988,"Electronics, Electrical Equip.",Japan,Hitachi
77,97529,Banks: Commercial and Savings,Britain,HSBC Holdings
76,97878,Trading,China,Noble Group
75,98203,Chemicals,Germany,BASF
74,98375,Food and Drug Stores,U.S.,Kroger
73,98506,Banks: Commercial and Savings,Spain,Banco Santander
72,99453,Food Consumer Products,Switzerland,Nestlé
71,99751,Information Technology Services,U.S.,International Business Machines
70,100355,Utilities,France,Électricite de France
69,100744,Petroleum Refining,Malaysia,Petronas
68,100971,Motor Vehicles and Parts,Germany,BMW Group
67,101093,Wholesalers: Health Care,U.S.,Cardinal Health
66,101697,Banks: Commercial and Savings,U.S.,Bank of America Corp.
65,101790,Food and Drug Stores,France,Carrefour
64,102122,Petroleum Refining,South Korea,SK Holdings
63,103278,Food and Drug Stores,Britain,Tesco
62,104620,zMiscellaneous,U.S.,Express Scripts Holding
61,104635,Motor Vehicles and Parts,Japan,Nissan Motor
60,105156,Specialty Retailers,U.S.,Costco Wholesale
59,105622,Banks: Commercial and Savings,China,Bank of China
58,106124,"Electronics, Electrical Equip.",Germany,Siemens
57,106283,Banks: Commercial and Savings,U.S.,J.P. Morgan Chase &amp; Co.
56,106915,Utilities,Italy,Enel
55,107647,Telecommunications,China,China Mobile Communications
54,108459,Petroleum Refining,Norway,Statoil
53,109054,Telecommunications,Japan,Nippon Telegraph &amp; Telephone
52,110811,"Engineering, Construction",China,China State Construction Engineering
51,111014,Petroleum Refining,Japan,JX Holdings
50,112298,"Computers, Office Equipment",U.S.,Hewlett-Packard
49,114295,Banks: Commercial and Savings,Netherlands,ING Group
48,115224,"Insurance: Life, Health (stock)",Italy,Assicurazioni Generali
47,115392,Banks: Commercial and Savings,China,Agricultural Bank of China
46,117079,Petroleum Refining,Russia,Rosneft Oil
45,118210,Motor Vehicles and Parts,Japan,Honda Motor
44,118551,Energy,France,GDF Suez
43,119118,Petroleum Refining,Russia,Lukoil
42,120550,Telecommunications,U.S.,Verizon Communications
41,120979,Petroleum Refining,Venezuela,PDVSA
40,121939,Banks: Commercial and Savings,France,BNP Paribas
39,122489,Health Care: Insurance and Managed Care,U.S.,UnitedHealth Group
38,125397,Banks: Commercial and Savings,China,China Construction Bank
37,125696,Diversified Financials,U.S.,Fannie Mae
36,125943,"Mining, Crude-Oil Production",Mexico,Pemex
35,126761,Food and Drug Stores,U.S.,CVS Caremark
34,128752,Telecommunications,U.S.,AT&amp;T
33,132711,Banks: Commercial and Savings,France,Société Générale
32,133161,"Electronics, Electrical Equip.",Taiwan,Hon Hai Precision Industry
31,134636,Insurance: Property and Casualty (Stock),Germany,Allianz
30,137758,Petroleum Refining,U.S.,Valero Energy
29,138030,Wholesalers: Health Care,U.S.,McKesson
28,141462,Petroleum Refining,Brazil,Petrobras
27,146231,Diversified Financials,U.S.,General Electric
26,146917,Motor Vehicles and Parts,U.S.,Ford Motor
25,148802,Banks: Commercial and Savings,China,Industrial &amp; Commercial Bank of China
24,150996,Motor Vehicles and Parts,Italy,EXOR Group
23,152125,"Insurance: Life, Health (stock)",Japan,Japan Post Holdings
22,154108,Petroleum Refining,Italy,ENI
21,155427,Motor Vehicles and Parts,U.S.,General Motors
20,156628,Motor Vehicles and Parts,Germany,Daimler
19,161175,Petroleum Refining,U.S.,Phillips 66
18,162560,Energy,Germany,E.ON
17,165016,Energy,Russia,Gazprom
16,165893,"Insurance: Life, Health (stock)",France,AXA
15,170910,"Computers, Office Equipment",U.S.,Apple
14,182150,Insurance: Property and Casualty (Stock),U.S.,Berkshire Hathaway
13,208938,"Electronics, Electrical Equip.",South Korea,Samsung Electronics
12,220356,Petroleum Refining,U.S.,Chevron
11,227882,Petroleum Refining,France,Total
10,232694,Energy,Switzerland,Glencore
9,256454,Motor Vehicles and Parts,Japan,Toyota Motor
8,261539,Motor Vehicles and Parts,Germany,Volkswagen
7,333386,Utilities,China,State Grid
6,396217,Petroleum Refining,Britain,BP
5,407666,Petroleum Refining,U.S.,Exxon Mobil
4,432007,Petroleum Refining,China,China National Petroleum
3,457201,Petroleum Refining,China,Sinopec Group
2,459599,Petroleum Refining,Netherlands,Royal Dutch Shell
1,476294,General Merchandisers,U.S.,Wal-Mart Stores
199,51667,Banks: Commercial and Savings,Japan,Mitsubishi UFJ Financial Group
200,51506,Banks: Commercial and Savings,Italy,Intesa Sanpaolo
195,52708,Semiconductors and Other Electronic Components,U.S.,Intel
196,52460,Pharmaceuticals,Switzerland,Roche Group
197,52247,Metals,Germany,ThyssenKrupp
198,51917,Railroads,Germany,Deutsche Bahn
191,53785,Pharmaceuticals,U.S.,Pfizer
192,53417,Specialty Retailers,U.S.,Lowe's
193,53310,Chemicals,Germany,Bayer
194,53118,"Electronics, Electrical Equip.",South Korea,LG Electronics
186,54778,Banks: Commercial and Savings,Russia,Sberbank
187,54609,"Engineering, Construction",China,China Communications Construction
188,54420,"Engineering, Construction",France,Vinci
189,54404,Telecommunications,France,Orange
190,54339,Motor Vehicles and Parts,France,Renault
183,55209,Trading,Japan,Itochu
184,55062,Metals,Japan,Nippon Steel &amp; Sumitomo Metal
185,54963,Trading,China,Tewoo Group
178,56472,Aerospace and Defense,China,Aviation Industry Corp. of China
179,56308,Petroleum Refining,Austria,OMV Group
180,55790,"Building Materials, Glass",France,Saint-Gobain
181,55656,Construction and Farm Machinery,U.S.,Caterpillar
182,55438,"Mail, Package, and Freight Delivery",U.S.,United Parcel Service
173,57302,Trading,Japan,Mitsui
174,57080,Chemicals,U.S.,Dow Chemical
175,56590,"Insurance: Life, Health (stock)",France,CNP Assurances
176,56572,Food and Drug Stores,Japan,Seven &amp; I Holdings
177,56520,Metals,South Korea,POSCO
169,58837,Aerospace and Defense,China,China South Industries Group
170,58831,Pharmaceuticals,Switzerland,Novartis
171,57689,Banks: Commercial and Savings,Britain,Barclays
172,57523,Shipping,Denmark,A.P. Moller-Maersk Group
164,60340,"Insurance: Life, Health (stock)",Japan,Dai-ichi Life Insurance
165,59823,"Mining, Crude-Oil Production",China,Shenhua Group
166,59622,"Engineering, Construction",China,Pacific Construction Group
167,59433,"Mining, Crude-Oil Production",U.S.,ConocoPhillips
168,58964,"Mail, Package, and Freight Delivery",China,China Post Group
159,61353,"Insurance: Life, Health (stock)",Britain,Legal &amp; General Group
160,61005,Diversified Financials,China,CITIC Group
161,60826,Food and Drug Stores,Australia,Woolworths
162,60629,Internet Services and Retailing,U.S.,Google
163,60571,Banks: Commercial and Savings,Germany,Deutsche Bank
154,62046,Telecommunications,China,China Telecommunications
155,61632,Motor Vehicles and Parts,Germany,Robert Bosch
156,61562,Telecommunications,Mexico,America Movil
157,61447,"Insurance: Life, Health (stock)",Britain,Aviva
158,61355,Food and Drug Stores,Australia,Wesfarmers
149,63825,Food and Drug Stores,France,Groupe Auchan
150,63596,Trading,Netherlands,Louis Dreyfus Commodities
151,62935,Aerospace and Defense,U.S.,United Technologies
152,62659,Aerospace and Defense,China,China North Industries Group
153,62564,Food Production,U.S.,Bunge
146,64657,Telecommunications,U.S.,Comcast
147,64293,"Insurance: Life, Health (stock)",Netherlands,Aegon
148,64240,General Merchandisers,Japan,AEON
141,65986,Telecommunications,Britain,Vodafone Group
142,65968,"Mining, Crude-Oil Production",Australia,BHP Billiton
143,65959,General Merchandisers,China,China Resources National
144,65463,Food and Drug Stores,France,Foncière Euris
145,64907,"Electronics, Electrical Equip.",Japan,Toshiba
136,66428,Banks: Commercial and Savings,France,Groupe BPCE
137,66415,Food Consumer Products,U.S.,PepsiCo
138,66217,Banks: Commercial and Savings,Brazil,Itaú Unibanco Holding
139,66194,Utilities,Japan,Tokyo Electric Power
140,66108,Food Consumer Products,Britain/Netherlands,Unilever
132,68168,"Insurance: Life, Health (Mutual)",Japan,Nippon Life Insurance
133,67440,Metals,China,China Minmetals
134,67318,"Mail, Package, and Freight Delivery",U.S.,U.S. Postal Service
135,66546,Telecommunications,Japan,Softbank
126,69148,Petroleum Refining,Spain,Repsol
127,68678,Insurance: Property and Casualty (Stock),U.S.,American International Group
128,68508,"Insurance: Life, Health (stock)",China,Ping An Insurance
129,68291,Insurance: Property and Casualty (Mutual),U.S.,State Farm Insurance Cos.
130,68227,Energy,Germany,RWE
131,68202,"Insurance: Life, Health (stock)",U.S.,MetLife
123,71102,Petroleum Refining,Indonesia,Pertamina
124,70429,Trading,Japan,Marubeni
125,69642,Banks: Commercial and Savings,Brazil,Banco do Brasil
119,71807,Motor Vehicles and Parts,France,Peugeot
120,71458,Health Care: Insurance and Managed Care,U.S.,WellPoint
121,71312,Pharmaceuticals,U.S.,Johnson &amp; Johnson
122,71305,Banks: Commercial and Savings,China,China Development Bank
116,72596,General Merchandisers,U.S.,Target
117,72217,Food and Drug Stores,U.S.,Walgreen
118,72045,Insurance: Property and Casualty (Stock),Switzerland,Zurich Insurance Group
112,74452,Internet Services and Retailing,U.S.,Amazon.com
113,74008,Motor Vehicles and Parts,China,Dongfeng Motor Group
114,73332,Petroleum Refining,India,Reliance Industries
115,72697,Utilities,China,China Southern Power Grid
108,75755,Trading,Japan,Mitsubishi
109,75752,Telecommunications,Spain,Telefonica
110,75732,"Mail, Package, and Freight Delivery",Germany,Deutsche Post
111,75005,Motor Vehicles and Parts,China,China FAW Group
105,77532,"Electronics, Electrical Equip.",Japan,Sony
106,77225,"Electronics, Electrical Equip.",Japan,Panasonic
107,75939,Trading,China,Sinochem Group
102,78812,Specialty Retailers,U.S.,Home Depot
103,78666,Aerospace and Defense,Netherlands,Airbus Group
104,77849,Computer Software,U.S.,Microsoft
101,79440,Metals,Luxembourg,ArcelorMittal
298,37795,Construction and Farm Machinery,U.S.,Deere
299,37773,Airlines,U.S.,Delta Air Lines
300,37689,Petroleum Refining,Taiwan,CPC
294,38040,Health Care: Medical Facilities,U.S.,HCA Holdings
295,38030,"Electronics, Electrical Equip.",China,Amer International Group
296,38016,Banks: Commercial and Savings,Canada,Royal Bank of Canada
297,37857,Energy,China,China Guodian
290,38398,"Mining, Crude-Oil Production",China,Shanxi Coking Coal Group
291,38279,Airlines,U.S.,United Continental Holdings
292,38247,"Computers, Office Equipment",Japan,Canon
293,38045,Food and Drug Stores,Britain,J. Sainsbury
284,38958,Petroleum Refining,India,Hindustan Petroleum
285,38875,Network and Other Communications Equipment,China,Huawei Investment &amp; Holding
286,38707,"Computers, Office Equipment",China,Lenovo Group
287,38502,Motor Vehicles and Parts,India,Tata Motors
288,38496,Banks: Commercial and Savings,Australia,Westpac Banking
289,38431,Apparel,France,Christian Dior
280,39193,Petroleum Refining,U.S.,Tesoro
281,39133,Insurance: Property and Casualty (Stock),U.S.,Liberty Mutual Insurance Group
282,39116,Petroleum Refining,Canada,Suncor Energy
283,39055,"Electronics, Electrical Equip.",U.S.,Honeywell International
275,39864,Airlines,Germany,Lufthansa Group
276,39690,Chemicals,China,ChemChina
277,39465,Specialty Retailers,China,Jardine Matheson
278,39418,Industrial Machinery,China,Sinomach
279,39259,zMiscellaneous,China,Shandong Weiqiao Pioneering Group
271,40829,Metals,China,HeBei Iron &amp; Steel Group
272,40501,Banks: Commercial and Savings,Switzerland,Credit Suisse Group
273,40470,"Electronics, Electrical Equip.",Japan,Mitsubishi Electric
274,39898,Banks: Commercial and Savings,Switzerland,UBS
268,41015,zMiscellaneous,China,Greenland Holding Group
269,40885,Motor Vehicles and Parts,Japan,Denso
270,40874,Banks: Commercial and Savings,U.S.,Goldman Sachs Group
263,41533,Utilities,Britain,Centrica
264,41471,"Insurance: Life, Health (stock)",U.S.,Prudential Financial
265,41430,Pharmaceuticals,Britain,GlaxoSmithKline
266,41313,Health Care: Insurance and Managed Care,U.S.,Humana
267,41027,"Building Materials, Glass",China,China National Building Materials Group
260,41715,Petroleum Refining,South Korea,GS Caltex
261,41586,Insurance: Property and Casualty (Stock),Japan,Tokio Marine Holdings
262,41561,Wholesalers: Diversified,U.S.,World Fuel Services
256,42553,Wholesalers: Electronics and Office Equipment,U.S.,Ingram Micro
257,42249,Pipelines,U.S.,Plains GP Holdings
258,41863,Motor Vehicles and Parts,Sweden,Volvo
259,41848,Industrial Machinery,Switzerland,ABB
252,42981,Food and Drug Stores,U.S.,Safeway
253,42790,Railroads,France,SNCF
254,42730,Motor Vehicles and Parts,U.S.,Johnson Controls
255,42586,Banks: Commercial and Savings,Britain,Royal Bank of Scotland Group
246,43486,Motor Vehicles and Parts,South Korea,Kia Motors
247,43483,Food and Drug Stores,Netherlands,Royal Ahold
248,43323,Motor Vehicles and Parts,China,Beijing Automotive Group
249,43258,Telecommunications,Japan,KDDI
250,43195,Beverages,Belgium,Anheuser-Busch InBev
251,43049,Food Production,Brazil,JBS
243,43768,Diversified Financials,U.S.,INTL FCStone
244,43554,Utilities,Spain,Iberdrola
245,43548,Insurance: Property and Casualty (Stock),Japan,MS&amp;AD Insurance Group Holdings
241,44033,Pharmaceuticals,U.S.,Merck
242,43954,Petroleum Refining,India,Bharat Petroleum
236,44287,"Mail, Package, and Freight Delivery",U.S.,FedEx
237,44249,Motor Vehicles and Parts,Germany,Continental
238,44215,Pharmaceuticals,France,Sanofi
239,44085,Food Production,Singapore,Wilmar International
240,44071,Chemicals,Netherlands,LyondellBasell Industries
231,45103,Petroleum Refining,Japan,Idemitsu Kosan
232,45041,Entertainment,U.S.,Walt Disney
233,44479,Wholesalers: Food and Grocery,U.S.,CHS
234,44411,Wholesalers: Food and Grocery,U.S.,Sysco
235,44395,"Engineering, Construction",France,Bouygues
226,46009,Banks: Commercial and Savings,Australia,Commonwealth Bank of Australia
227,45445,Metals,China,Aluminum Corp. of China
228,45368,"Oil and Gas Equipment, Services",U.S.,Schlumberger
229,45358,Aerospace and Defense,U.S.,Lockheed Martin
230,45225,Specialty Retailers,U.S.,Best Buy
221,47681,Energy,China,China Huaneng Group
222,47538,"Computers, Office Equipment",Japan,Fujitsu
223,47294,Health Care: Insurance and Managed Care,U.S.,Aetna
224,46854,Beverages,U.S.,Coca-Cola
225,46334,Banks: Commercial and Savings,Japan,Sumitomo Mitsui Financial Group
217,48321,Banks: Commercial and Savings,China,Bank of Communications
218,48050,"Mining, Crude-Oil Production",Brazil,Vale
219,47727,"Insurance: Life, Health (Mutual)",Japan,Meiji Yasuda Life Insurance
220,47727,Pipelines,U.S.,Enterprise Products Partners
214,48607,Network and Other Communications Equipment,U.S.,Cisco Systems
215,48587,Utilities,Britain,SSE
216,48444,Banks: Commercial and Savings,Australia,National Australia Bank
209,49507,Industrial Machinery,South Korea,Hyundai Heavy Industries
210,49399,Telecommunications,China,China United Network Communications
211,49297,Metals,China,Baosteel Group
212,49072,Utilities,South Korea,Korea Electric Power
213,48750,Pipelines,U.S.,Energy Transfer Equity
203,50838,Banks: Commercial and Savings,Brazil,Banco Bradesco
204,50800,Banks: Commercial and Savings,Italy,UniCredit Group
205,50405,Chemicals,Saudi Arabia,Sabic
206,49966,Banks: Commercial and Savings,Spain,Banco Bilbao Vizcaya Argentaria
207,49714,Petroleum Refining,United Arab Emirates,International Petroleum Investment
208,49563,Insurance: Property and Casualty (Stock),China,People's Insurance Company of China
201,51171,"Mining, Crude-Oil Production",Britain,Rio Tinto Group
202,50941,"Engineering, Construction",Spain,ACS
396,30980,Energy,China,China Datang
397,30965,"Insurance: Life, Health (stock)",Britain,Old Mutual
398,30903,"Mining, Crude-Oil Production",China,China Nonferrous Metal Mining (Group)
399,30871,zMiscellaneous,U.S.,3M
400,30863,Petroleum Refining,Japan,Cosmo Oil
393,31066,Utilities,China,China Power Investment
394,31062,"Mining, Crude-Oil Production",China,Kailuan Group
395,30986,"Insurance: Life, Health (Mutual)",Netherlands,Achmea
388,31244,Motor Vehicles and Parts,South Korea,Hyundai Mobis
389,31218,Aerospace and Defense,U.S.,General Dynamics
390,31217,Tobacco,U.S.,Philip Morris International
391,31193,"Mining, Crude-Oil Production",China,Yangquan Coal Industry Group
392,31123,Network and Other Communications Equipment,Finland,Nokia
386,31324,"Mining, Crude-Oil Production",China,Shanxi Jincheng Anthracite Coal Mining Group
387,31265,"Electronics, Electrical Equip.",France,Schneider Electric
382,31517,Network and Other Communications Equipment,China,China Electronics
383,31440,Banks: Commercial and Savings,China,Shanghai Pudong Development Bank
384,31412,"Insurance: Life, Health (stock)",China,China Pacific Insurance (Group)
385,31333,Petroleum Refining,Taiwan,Formosa Petrochemical
379,31754,Telecommunications,U.S.,DirecTV
380,31652,Utilities,Mexico,CFE
381,31638,"Mining, Crude-Oil Production",China,Jiangxi Copper
375,31999,"Computers, Office Equipment",Taiwan,Pegatron
376,31989,Utilities,France,Veolia Environnement
377,31978,Pipelines,Canada,Enbridge
378,31809,Banks: Commercial and Savings,Germany,Landesbank Baden-Württemberg
371,32380,Health Care: Insurance and Managed Care,U.S.,Cigna
372,32332,"Mining, Crude-Oil Production",China,Shanxi LuAn Mining Group
373,32250,Energy,Netherlands,GasTerra
374,32114,"Insurance: Life, Health (stock)",Britain,Standard Life
368,32548,Utilities,China,China Huadian
369,32458,"Mining, Crude-Oil Production",China,Datong Coal Mine Group
370,32449,"Electronics, Electrical Equip.",Netherlands,Royal Philips
365,32789,Metals,China,Xinxing Cathay International Group
366,32775,Motor Vehicles and Parts,China,Guangzhou Automobile Industry Group
367,32597,Food and Drug Stores,Canada,George Weston
363,33035,Specialty Retailers,China,Hutchison Whampoa
364,32936,"Mail, Package, and Freight Delivery",France,La Poste
358,33214,Utilities,Japan,Kansai Electric Power
359,33198,Wholesalers: Health Care,Germany,Franz Haniel
360,33147,Energy,Spain,Gas Natural Fenosa
361,33146,Banks: Commercial and Savings,Canada,Toronto-Dominion Bank
362,33114,Trading,Japan,Sumitomo
353,33817,"Insurance: Life, Health (Mutual)",U.S.,TIAA-CREF
354,33697,"Engineering, Construction",China,China Metallurgical Group
355,33435,Industrial Machinery,Japan,Mitsubishi Heavy Industries
356,33350,"Insurance: Life, Health (Mutual)",U.S.,Massachusetts Mutual Life Insurance
357,33271,Pharmaceuticals,China,Sinopharm
348,34292,Metals,China,Shougang Group
349,34133,Energy,China,CEFC China Energy
350,34121,Banks: Commercial and Savings,China,China Merchants Bank
351,34091,Airlines,France,Air France-KLM Group
352,34061,Banks: Commercial and Savings,Australia,Australia &amp; New Zealand Banking Group
343,34542,Insurance: Property and Casualty (Mutual),U.S.,Nationwide
344,34507,Insurance: Property and Casualty (Stock),U.S.,Allstate
345,34500,Trading,China,Zhejiang Materials Industry Group
346,34482,Food Production,U.S.,Tyson Foods
347,34349,Banks: Commercial and Savings,Netherlands,Rabobank Group
338,34808,Banks: Commercial and Savings,China,Industrial Bank
339,34792,Petroleum Refining,Russia,Sistema
340,34774,Energy,South Korea,Korea Gas
341,34734,Energy,Turkey,Koc Holding
342,34571,"Insurance: Life, Health (Mutual)",Japan,Sumitomo Life Insurance
333,34932,Banks: Commercial and Savings,U.S.,American Express
334,34925,Chemicals,Japan,Mitsubishi Chemical Holdings
335,34915,Network and Other Communications Equipment,Sweden,L.M. Ericsson
336,34872,"Mail, Package, and Freight Delivery",Italy,Poste Italiane
337,34835,Motor Vehicles and Parts,Canada,Magna International
328,35761,"Mining, Crude-Oil Production",China,Henan Energy &amp; Chemical
329,35543,Specialty Retailers,Canada,Alimentation Couche-Tard
330,35474,Banks: Commercial and Savings,China,China Minsheng Banking
331,35379,"Insurance: Life, Health (stock)",South Korea,Hanwha
332,35299,Food Consumer Products,U.S.,Mondelez International
324,36026,"Insurance: Life, Health (Mutual)",U.S.,New York Life Insurance
325,35873,Telecommunications,France,Vivendi
326,35860,Banks: Commercial and Savings,Germany,DZ Bank
327,35795,Metals,China,Bohai Steel Group
319,36493,Telecommunications,Italy,Telecom Italia
320,36475,Chemicals,U.S.,DuPont
321,36225,Wholesalers: Food and Grocery,Germany,Edeka Zentrale
322,36188,General Merchandisers,U.S.,Sears Holdings
323,36037,Petroleum Refining,Poland,PKN ORLEN Group
314,36729,Wholesalers: Diversified,China,China National Aviation Fuel Group
315,36694,Petroleum Refining,U.S.,Hess
316,36602,Metals,Japan,JFE Holdings
317,36573,Motor Vehicles and Parts,Japan,Bridgestone
318,36566,Entertainment,U.S.,Twenty-First Century Fox
311,36902,Insurance: Property and Casualty (Stock),Switzerland,Swiss Re
312,36848,Banks: Commercial and Savings,U.S.,Morgan Stanley
313,36806,"Engineering, Construction",China,Power China
308,37095,Metals,China,Jiangsu Shagang Group
309,37085,Energy,China,Jinneng Group
310,36927,Metals,China,Wuhan Iron &amp; Steel
305,37362,"Mining, Crude-Oil Production",China,Shandong Energy Group
306,37180,Computer Software,U.S.,Oracle
307,37121,Food and Drug Stores,Switzerland,Alliance Boots
301,37684,"Mining, Crude-Oil Production",Colombia,Ecopetrol
302,37547,Insurance: Property and Casualty (Stock),Germany,Talanx
303,37528,Banks: Commercial and Savings,India,State Bank of India
304,37392,"Mining, Crude-Oil Production",China,Jizhong Energy Group
498,23854,Utilities: Gas and Electric,Russia,Russian Grids
499,23853,Tobacco,Britain,British American Tobacco
500,23706,Aerospace and Defense,U.S.,Raytheon
496,23939,"Insurance: Life, Health (stock)",U.S.,Aflac
497,23937,"Building Materials, Glass",Ireland,CRH
493,24060,Food Services,France,Sodexo
494,24037,Motor Vehicles and Parts,Japan,Fuji Heavy Industries
495,23955,Tobacco,Japan,Japan Tobacco
488,24346,Energy,Chile,AntarChile
489,24248,Aerospace and Defense,Britain,Rolls-Royce Holdings
490,24239,zMiscellaneous,Germany,TUI
491,24213,Banks: Commercial and Savings,China,Agricultural Development Bank of China
492,24176,Banks: Commercial and Savings,U.S.,Capital One Financial
483,24661,Aerospace and Defense,U.S.,Northrop Grumman
484,24651,Airlines,Britain,International Airlines Group
485,24598,Utilities: Gas and Electric,U.S.,Duke Energy
486,24575,Metals,India,Tata Steel
487,24355,zMiscellaneous,Japan,Fujifilm Holdings
479,24888,Utilities,U.S.,Exelon
480,24866,Network and Other Communications Equipment,U.S.,Qualcomm
481,24697,"Electronics, Electrical Equip.",South Korea,LG Display
482,24669,"Electronics, Electrical Equip.",U.S.,Emerson Electric
475,25230,Metals,China,Ansteel Group
476,25151,Petroleum Refining,Japan,Showa Shell Sekiyu
477,25026,Utilities: Gas and Electric,Indonesia,Perusahaan Listrik Negara
478,24999,Wholesalers: Health Care,Japan,Alfresa Holdings
470,25694,Banks: Commercial and Savings,Britain,Standard Chartered
471,25641,"Electronics, Electrical Equip.",Japan,Sumitomo Electric Industries
472,25563,"Mining, Crude-Oil Production",Russia,Surgutneftegas
473,25526,Food and Drug Stores,U.S.,Rite Aid
474,25458,Wholesalers: Electronics and Office Equipment,U.S.,Avnet
465,25769,"Engineering, Construction",China,China Energy Engineering Group
466,25767,Motor Vehicles and Parts,China,Zhejiang Geely Holding Group
467,25736,"Mining, Crude-Oil Production",U.S.,Occidental Petroleum
468,25711,Pharmaceuticals,Britain,AstraZeneca
469,25702,"Engineering, Construction",China,China General Technology
461,25891,zMiscellaneous,Switzerland,Adecco Group
462,25836,Apparel,U.S.,Nike
463,25793,Beverages,Netherlands,Heineken Holding
464,25774,General Merchandisers,South Korea,Lotte Shopping
455,26360,Aerospace and Defense,Britain,BAE Systems
456,26341,Insurance: Property and Casualty (Stock),U.S.,Hartford Financial Services Group
457,26191,Insurance: Property and Casualty (Stock),U.S.,Travelers Cos.
458,26167,"Insurance: Life, Health (stock)",South Korea,Samsung Life Insurance
459,26108,Semiconductors and Other Electronic Components,Singapore,Flextronics International
460,25977,Trading,South Korea,Samsung C&amp;T
452,26743,Airlines,U.S.,American Airlines Group
453,26641,Telecommunications,Australia,Telstra
454,26363,Utilities,Sweden,Vattenfall
449,26873,Motor Vehicles and Parts,Japan,Mazda Motor
450,26821,Wholesalers: Electronics and Office Equipment,U.S.,Tech Data
451,26805,Shipping,China,China Ocean Shipping
444,26990,Health Care: Medical Facilities,Germany,Fresenius
445,26980,Railroads,Japan,East Japan Railway
446,26978,"Insurance: Life, Health (Mutual)",U.S.,Northwestern Mutual
447,26954,zMiscellaneous,Japan,Daiwa House Industry
448,26879,Motor Vehicles and Parts,France,Michelin
438,27351,"Engineering, Construction",U.S.,Fluor
439,27349,"Insurance: Life, Health (stock)",Italy,Unipol
440,27268,Utilities,Germany,Energie Baden-Württemberg
441,27160,Industrial Machinery,France,Alstom
442,27151,Trading,China,China Railway Materials
443,27001,Banks: Commercial and Savings,Russia,VTB Bank
435,27704,Food and Drug Stores,Britain,Wm. Morrison Supermarkets
436,27422,Specialty Retailers,U.S.,TJX
437,27390,Food Services,Britain,Compass Group
431,28171,Motor Vehicles and Parts,Japan,Aisin Seiki
432,28146,"Mining, Crude-Oil Production",China,Shaanxi Yanchang Petroleum (Group)
433,28105,Food Services,U.S.,McDonald's
434,27931,General Merchandisers,U.S.,Macy's
426,28534,Banks: Commercial and Savings,Canada,Bank of Nova Scotia
427,28467,Petroleum Refining,South Korea,S-Oil
428,28370,Utilities,Japan,Chubu Electric Power
429,28274,Food Consumer Products,France,Danone
430,28238,Energy,Brazil,Ultrapar Holdings
421,29051,Telecommunications,Britain,BT Group
422,28988,Wholesalers: Health Care,Germany,Phoenix Pharmahandel
423,28853,Food and Drug Stores,Switzerland,Migros Group
424,28850,"Mining, Crude-Oil Production",India,Oil &amp; Natural Gas
425,28773,"Insurance: Life, Health (stock)",Canada,Power Corp. of Canada
416,29224,Banks: Commercial and Savings,Japan,Mizuho Financial Group
417,29219,"Electronics, Electrical Equip.",Japan,Sharp
418,29147,Food and Drug Stores,U.S.,Publix Super Markets
419,29101,Food and Drug Stores,Switzerland,Coop Group
420,29080,zMiscellaneous,U.S.,International Paper
411,29424,Wholesalers: Health Care,Japan,Medipal Holdings
412,29402,"Oil and Gas Equipment, Services",U.S.,Halliburton
413,29342,"Mining, Crude-Oil Production",Britain,Anglo American
414,29330,Motor Vehicles and Parts,Japan,Suzuki Motor
415,29264,Insurance: Property and Casualty (Stock),Spain,Mapfre Group
406,30029,Insurance: Property and Casualty (Stock),Japan,NKSJ Holdings
407,29818,Food and Drug Stores,Belgium,Delhaize Group
408,29795,Entertainment,U.S.,Time Warner
409,29662,"Computers, Office Equipment",Taiwan,Quanta Computer
410,29637,Aerospace and Defense,Canada,Onex
401,30748,Trading,China,COFCO
402,30502,Household and Personal Products,France,L'Oreal
403,30478,Industrial Machinery,China,China Shipbuilding Industry
404,30394,Information Technology Services,Ireland,Accenture
405,30376,Information Technology Services,Japan,NEC
