rank,revchange,profits,prftchange,assets,employees,industry,hqcity,hqstate,rankgain,rankdrop,newcomer,profitable,ceowoman,jobgrowth,sector,country,title
500,-35.8,54.5,347.2,34447.00,103594,Metals,Wuhan,,no,yes,no,yes,no,no,Materials,China,Wuhan Iron &amp; Steel
499,-23.1,-707,-1728.9,11914.20,6359,Petroleum Refining,Tokyo,,no,yes,no,no,no,no,Energy,Japan,Cosmo Oil
498,-1.9,113.6,-94.7,34649.20,54100,Aerospace and Defense,London,,no,yes,no,yes,no,no,Aerospace & Defense,Britain,Rolls-Royce Holdings
497,-2.1,509.2,11.0,22523.70,24031,Energy,Santiago,,no,yes,no,yes,no,yes,Energy,Chile,AntarChile
496,-1.2,4428,6.5,308854.00,46000,Commercial Banks,McLean,VA,no,yes,no,yes,no,yes,Financials,U.S.,Capital One Financial
495,3.8,268,,37399.00,59000,Metals,New York,NY,no,no,yes,yes,no,no,Materials,U.S.,Alcoa
494,-2.8,2069,6.0,26572.00,64300,Aerospace and Defense,Falls Church,VA,no,yes,no,yes,no,no,Aerospace & Defense,U.S.,Northrop Grumman
493,9.2,5180,18.0,52716.00,47201,Railroads,Omaha,NE,no,no,yes,yes,no,yes,Transportation,U.S.,Union Pacific
492,14.6,3409.6,25.1,130253.20,27635,Insurance: Property and Casualty (Stock),San Antonio,TX,no,no,yes,yes,no,yes,Financials,U.S.,United Services Auto. Assn.
491,-8.3,-1191.7,,63449.20,30181,Utilities,Solna,,no,yes,no,no,no,no,Energy,Sweden,Vattenfall
490,-18.3,-115,,28936.00,192000,Semiconductors and Other Electronic Components,"Toronto, Ontario",,no,yes,no,no,no,no,Technology,Canada,Onex
489,-23.7,575.7,26.4,322117.40,11117,Banks: Commercial and Savings,Stuttgart,,no,yes,no,yes,no,no,Financials,Germany,Landesbank Baden-Württemberg
488,9.3,859.6,48.2,16198.40,71402,Motor Vehicles and Parts,Friedrichshafen,,no,no,yes,yes,no,no,Motor Vehicles & Parts,Germany,ZF Friedrichshafen
487,5.2,2714,-6.1,45885.00,70000,Computer Peripherals,Hopkinton,MA,no,no,yes,yes,no,yes,Technology,U.S.,EMC
486,4.0,3248.6,-17.4,81770.80,24274,Utilities,London,,no,no,yes,yes,no,yes,Energy,Britain,National Grid
485,1.9,666.7,16.1,19070.10,419317,Food Services,Issy-les-Moulineaux,,yes,no,no,yes,no,no,"Hotels, Resturants & Leisure",France,Sodexo
484,-0.5,2147,7.1,24177.00,115100,"Electronics, Electrical Equip.",St. Louis,MO,no,yes,no,yes,no,no,Industrials,U.S.,Emerson Electric
483,9.8,1719,56.8,28827.00,62000,"Oil and Gas Equipment, Services",Houston,TX,no,no,yes,yes,no,yes,Energy,U.S.,Baker Hughes
482,-9.6,-906.1,-221.6,35688.40,90365,Industrial Machinery,Levallois-Perret,,no,yes,no,no,no,no,Industrials,France,Alstom
481,-7.5,3923.5,0.3,37142.60,31931,Telecommunications,Melbourne,,no,yes,no,yes,no,no,Telecommunications,Australia,Telstra
480,-1.4,989,,48760.80,48068,Utilities: Gas and Electric,Jakarta,,no,yes,no,yes,no,no,Energy,Indonesia,Perusahaan Listrik Negara
479,-3.5,2613,-36.1,725914.00,90940,Banks: Commercial and Savings,London,,no,yes,no,yes,no,yes,Financials,Britain,Standard Chartered
478,122.2,12101,293.6,34664.00,7000,Pharmaceuticals,Foster City,CA,no,no,yes,yes,no,yes,Health Care,U.S.,Gilead Sciences
477,-3.0,275.5,133.2,20975.70,42968,Motor Vehicles and Parts,Hangzhou,,no,yes,no,yes,no,yes,Motor Vehicles & Parts,China,Zhejiang Geely Holding Group
476,-7.1,1640.7,-17.8,63428.30,86986,Railroads,Tokyo,,no,yes,no,yes,no,no,Transportation,Japan,East Japan Railway
475,4.8,772,,26638.80,75706,"Building Materials, Glass",Dublin,,yes,no,no,yes,no,yes,Materials,Ireland,CRH
474,9.6,17.4,-7.3,2742.80,518,Energy,London,,no,no,yes,yes,no,yes,Energy,Britain,Greenergy Fuels Holdings
473,1.7,858.8,120.6,20898.10,49421,"Electronics, Electrical Equip.",Seoul,,yes,no,no,yes,no,no,Technology,South Korea,LG Display
472,25.1,8392.2,35.4,47305.50,43591,Semiconductors and Other Electronic Components,Hsinchu,,no,no,yes,yes,no,yes,Technology,Taiwan,Taiwan Semiconductor
471,12.9,1048.7,101.4,148900.70,31239,"Insurance: Life, Health (stock)",Taipei,,no,no,yes,yes,no,no,Financials,Taiwan,Cathay Life Insurance
470,-13.3,-2022.3,-1852.7,16361.50,49096,"Electronics, Electrical Equip.",Osaka,,no,yes,no,no,no,no,Technology,Japan,Sharp
469,4.7,142,2417.7,17716.60,77309,Travel Services,Hanover,,yes,no,no,yes,no,yes,"Hotels, Resturants & Leisure",Germany,TUI
468,-3.6,1218.2,363.9,30851.30,76000,Aerospace and Defense,London,,no,yes,no,yes,no,no,Aerospace & Defense,Britain,BAE Systems
467,16.0,3450,22.3,166919.00,20000,"Insurance: Life, Health (stock)",Hong Kong,,no,no,yes,yes,no,no,Financials,China,AIA Group
466,-17.7,958.1,-13.1,222195.20,61583,"Insurance: Life, Health (stock)",London,,no,yes,no,yes,no,yes,Financials,Britain,Old Mutual
465,-5.2,1065.3,4.5,25194.00,34903,"Engineering, Construction",Osaka,,no,yes,no,yes,no,yes,Engineering & Construction,Japan,Daiwa House Industry
464,36.4,206.9,26.4,79898.50,113089,Airlines,Haikou City,,no,no,yes,yes,no,yes,Transportation,China,HNA Group
463,-0.5,1008.2,11.2,42141.60,76136,Beverages,Amsterdam,,no,no,no,yes,no,no,"Food, Beverages & Tobacco",Netherlands,Heineken Holding
462,4.4,1883,-29.3,120709.00,28344,Utilities: Gas and Electric,Charlotte,NC,yes,no,no,yes,yes,yes,Energy,U.S.,Duke Energy
461,0.1,1089.3,63.5,24399.80,240798,"Electronics, Electrical Equip.",Osaka,,yes,no,no,yes,no,yes,Industrials,Japan,Sumitomo Electric Industries
460,-19.8,47.8,-0.1,4533.60,179,Energy,Groningen,,no,yes,no,yes,no,no,Energy,Netherlands,GasTerra
459,0.6,616,-89.6,56259.00,11700,"Mining, Crude-Oil Production",Houston,TX,yes,no,no,yes,no,no,Energy,U.S.,Occidental Petroleum
458,-3.5,1367.7,-8.6,27130.10,106696,Motor Vehicles and Parts,Clermont-Ferrand,,no,yes,no,yes,no,yes,Motor Vehicles & Parts,France,Michelin
457,21.5,1020.5,-1.4,88798.90,61726,Real estate,Beijing,,no,no,yes,yes,no,yes,Financials,China,China Poly Group
456,-0.5,1270.3,52.6,195117.10,5481,"Insurance: Life, Health (stock)",Seoul,,yes,no,no,yes,no,no,Financials,South Korea,Samsung Life Insurance
455,1.5,1233,-51.8,58595.00,57500,Pharmaceuticals,London,,yes,no,no,yes,no,yes,Health Care,Britain,AstraZeneca
454,-11.2,215.4,-15.3,12132.40,14637,Wholesalers: Health Care,Tokyo,,no,yes,no,yes,no,no,Health Care,Japan,Medipal Holdings
453,0.2,600.8,64.3,11665.60,150000,Semiconductors and Other Electronic Components,Singapore,,yes,no,no,yes,no,no,Technology,Singapore,Flextronics International
452,8.9,2381.8,15.5,18344.70,29774,Motor Vehicles and Parts,Tokyo,,yes,no,no,yes,no,yes,Motor Vehicles & Parts,Japan,Fuji Heavy Industries
451,3.9,-1297.7,,51133.30,218900,Metals,Anshan,,yes,no,no,no,no,yes,Materials,China,Ansteel Group
450,-9.8,555,-60.2,28684.00,58000,"Packaging, Containers",Memphis,TN,no,yes,no,yes,no,no,Materials,U.S.,International Paper
449,-8.8,2998.1,-31.6,53962.30,33185,"Mining, Crude-Oil Production",Dehradun,,no,yes,no,yes,no,no,Energy,India,Oil &amp; Natural Gas
448,6.5,7967,16.3,48574.00,31300,Network and Other Communications Equipment,San Diego,CA,yes,no,no,yes,no,yes,Technology,U.S.,Qualcomm
447,3.9,2109.2,745.7,8863.30,69865,Food and Drug Stores,Camp Hill,PA,yes,no,no,yes,no,yes,Food & Drug Stores,U.S.,Rite Aid
446,2.5,846.3,14.5,11421.70,31576,Temporary Help,Glattbrugg,,yes,no,no,yes,no,yes,"Hotels, Resturants & Leisure",Switzerland,Adecco Group
445,3.5,500.2,-30.6,36462.50,27880,General Merchandisers,Seoul,,yes,no,no,yes,no,yes,Retailing,South Korea,Lotte Shopping
444,-12.1,521.2,54.7,21855.20,98882,Information Technology Services,Tokyo,,no,yes,no,yes,no,no,Technology,Japan,NEC
443,8.5,1302.7,704.3,28617.10,59484,Airlines,Hounslow,,yes,no,no,yes,no,no,Transportation,Britain,International Airlines Group
442,-4.3,703.2,-21.8,24436.70,94748,Motor Vehicles and Parts,Kariya,,no,yes,no,yes,no,yes,Motor Vehicles & Parts,Japan,Aisin Seiki
441,4.0,257.3,16.1,26847.90,8663,Trading,Seoul,,yes,no,no,yes,no,no,Wholesalers,South Korea,Samsung C&amp;T
440,-7.7,-2513,,66010.00,95000,"Mining, Crude-Oil Production",London,,no,yes,no,no,no,no,Energy,Britain,Anglo American
439,-4.7,-273.4,-203.3,9331.90,2796,Petroleum Refining,Seoul,,no,yes,no,no,no,yes,Energy,South Korea,S-Oil
438,3.7,3692,0.5,103078.00,30200,Insurance: Property and Casualty (Stock),New York,NY,yes,no,no,yes,no,no,Financials,U.S.,Travelers
437,17.5,1431.6,5.6,53018.10,158067,Aerospace and Defense,Beijing,,no,no,yes,yes,no,no,Aerospace & Defense,China,China Aerospace Science &amp; Technology
436,-6.5,881,-17.9,27127.00,57409,Motor Vehicles and Parts,Hamamatsu,,no,yes,no,yes,no,no,Motor Vehicles & Parts,Japan,Suzuki Motor
435,10.2,1623,-5.6,86814.00,28993,Utilities: Gas and Electric,Chicago,IL,yes,no,no,yes,no,yes,Energy,U.S.,Exelon
434,-2.4,4757.8,-14.8,34281.40,420000,Food Services,Oak Brook,IL,no,yes,no,yes,no,no,"Hotels, Resturants & Leisure",U.S.,McDonald's
433,1.8,679,-15.3,229933.00,5187,"Insurance: Life, Health (Mutual)",Milwaukee,WI,yes,no,no,yes,no,yes,Financials,U.S.,Northwestern Mutual
432,2.5,541.6,,57875.20,75675,Shipping,Beijing,,yes,no,no,yes,no,yes,Transportation,China,China Ocean Shipping
431,-0.8,-1243.8,,13772.30,85545,Food and Drug Stores,Bradford,,yes,no,no,no,no,no,Food & Drug Stores,Britain,Morrisons
430,8.0,545.6,21.2,11255.50,19000,Wholesalers: Electronics and Office Equipment,Phoenix,AZ,yes,no,no,yes,no,yes,Wholesalers,U.S.,Avnet
429,2.7,1444.4,6.6,20626.20,44035,Motor Vehicles and Parts,Hiroshima,,yes,no,no,yes,no,yes,Motor Vehicles & Parts,Japan,Mazda Motor
428,-0.4,-132,-156.2,11479.90,3512,Petroleum Refining,Tokyo,,no,no,yes,no,no,yes,Energy,Japan,TonenGeneral Sekiyu
427,3.2,175.2,-2.6,6138.20,8900,Wholesalers: Electronics and Office Equipment,Clearwater,FL,yes,no,no,yes,no,no,Wholesalers,U.S.,Tech Data
426,7.7,475.7,6.5,21393.10,40450,"Engineering, Construction",Beijing,,yes,no,no,yes,no,no,Engineering & Construction,China,China General Technology
425,7.6,2693,8.4,18594.00,56500,Apparel,Beaverton,OR,yes,no,no,yes,no,yes,Apparel,U.S.,Nike
424,2.2,-597.9,-983.0,46354.60,18524,Utilities,Karlsruhe,,yes,no,no,no,no,yes,Energy,Germany,Energie Baden-Württemberg
423,19.6,232.1,179.3,11985.80,64473,"Computers, Office Equipment",Taipei,,no,no,yes,yes,no,no,Technology,Taiwan,Compal Electronics
422,-0.8,1484.4,-21.4,38411.40,99927,Food Consumer Products,Paris,,yes,no,no,yes,no,no,"Food, Beverages & Tobacco",France,Danone
421,0.6,1526,2.7,21461.00,166900,General Merchandisers,Cincinnati,OH,yes,no,no,yes,no,no,Retailing,U.S.,Macy's
420,19.7,1475.1,392.1,476719.40,54000,Banks: Commercial and Savings,Beijing,,no,no,yes,yes,no,yes,Financials,China,China Everbright Group
419,-0.5,352.8,,46968.30,30848,Utilities,Nagoya,,yes,no,no,yes,no,yes,Energy,Japan,Chubu Electric Power
418,3.1,1432.4,114.0,14093.00,514718,Food Services,Chertsey,,yes,no,no,yes,no,yes,"Hotels, Resturants & Leisure",Britain,Compass Group
417,0.3,6487.6,3.0,714686.40,86932,Banks: Commercial and Savings,"Toronto, Ontario",,yes,no,no,yes,no,yes,Financials,Canada,Bank of Nova Scotia
416,16.9,-301,,64803.50,136198,"Mining, Crude-Oil Production",Xi'an,,no,no,yes,no,no,no,Energy,China,Shaanxi Coal &amp; Chemical Industry
415,-3.4,3827,3.7,63259.00,25600,Entertainment,New York,NY,no,yes,no,yes,no,no,Media,U.S.,Time Warner
414,1.9,527.4,-7.1,7331.20,13973,Energy,São Paulo,,yes,no,no,yes,no,yes,Energy,Brazil,Ultrapar Holdings
413,-19.4,6293.1,141.0,43240.20,33558,Entertainment,Paris,,no,yes,no,yes,no,no,Media,France,Vivendi
412,-1.0,5565.7,-19.0,1581892.70,54784,Banks: Commercial and Savings,Tokyo,,yes,no,no,yes,no,no,Financials,Japan,Mizuho Financial Group
411,-0.4,3435.3,7.2,40360.70,88500,Telecommunications,London,,yes,no,no,yes,no,yes,Telecommunications,Britain,BT Group
410,6.0,2215.1,3.6,11128.40,198000,Specialty Retailers: Apparel,Framingham,MA,yes,no,no,yes,yes,yes,Retailing,U.S.,TJX
409,-5.8,-10,,29470.10,155566,"Mining, Crude-Oil Production",Yangquan,,no,yes,no,no,no,yes,Energy,China,Yangquan Coal Industry Group
408,-10.7,680.5,-18.2,273882.60,257890,"Mail, Package, and Freight Delivery",Paris,,no,yes,no,yes,no,no,Transportation,France,La Poste
407,-1.1,118.1,-50.3,14672.70,114373,Food and Drug Stores,Brussels,,no,no,no,yes,no,no,Food & Drug Stores,Belgium,Delhaize Group
406,7.9,255.1,,107232.10,13563,"Insurance: Life, Health (stock)",Bologna,,yes,no,no,yes,no,no,Financials,Italy,Unipol
405,1.9,291.6,337.4,8709.70,24153,Wholesalers: Health Care,Mannheim,,yes,no,no,yes,no,yes,Health Care,Germany,Phoenix Pharmahandel
404,9.4,106.3,-96.7,203689.20,101072,Banks: Commercial and Savings,Moscow,,yes,no,no,yes,no,no,Financials,Russia,VTB Bank
403,-4.8,234,-49.8,109669.30,127611,Utilities,Beijing,,no,yes,no,yes,no,yes,Energy,China,China Power Investment
402,-13.5,3.3,,66709.30,139422,Metals,Beijing,,no,yes,no,yes,no,yes,Materials,China,Shougang Group
401,2.0,513.6,3.0,17556.90,66125,Food and Drug Stores,Basel,,yes,no,no,yes,no,yes,Food & Drug Stores,Switzerland,Coop Group
400,-4.3,-478.2,,11952.40,61539,"Mining, Crude-Oil Production",Tangshan,,no,yes,no,no,no,no,Energy,China,Kailuan Group
399,1.6,1121.1,6.8,81345.30,37053,Insurance: Property and Casualty (Stock),Madrid,,yes,no,no,yes,no,yes,Financials,Spain,Mapfre Group
398,-4.6,7493,-12.6,35187.00,82500,Tobacco,New York,NY,no,yes,no,yes,no,no,"Food, Beverages & Tobacco",U.S.,Philip Morris International
397,3.4,970.1,14.7,61740.50,74262,Food and Drug Stores,Zurich,,yes,no,no,yes,no,no,Food & Drug Stores,Switzerland,Migros Group
396,-0.6,493.6,12.0,85509.40,36086,Insurance: Property and Casualty (Stock),Tokyo,,yes,no,no,yes,no,yes,Financials,Japan,Sompo Japan Nipponkoa
395,-2.0,6513.5,65.9,38793.70,78611,Household and Personal Products,Clichy,,yes,no,no,yes,no,yes,Household Products,France,L'Oreal
394,-12.8,822.4,-33.3,824060.50,48254,Banks: Commercial and Savings,Utrecht,,no,yes,no,yes,no,no,Financials,Netherlands,Rabobank
393,-4.0,299.2,-66.9,14969.80,6507,Petroleum Refining,Mailiao,,no,yes,no,yes,no,no,Energy,Taiwan,Formosa Petrochemical
392,-2.5,11.7,-94.1,116112.70,100082,Energy,Beijing,,yes,no,no,yes,no,no,Energy,China,China Datang
391,17.7,389,51.7,36753.80,174755,"Engineering, Construction",Beijing,,yes,no,no,yes,no,yes,Engineering & Construction,China,China Energy Engineering
390,-1.4,-12.3,,19363.90,46716,"Mining, Crude-Oil Production",Beijing,,yes,no,no,no,no,yes,Energy,China,China Nonferrous Metal Mining
389,3.1,623.2,-0.6,19234.60,120370,"Computers, Office Equipment",Taoyuan,,yes,no,no,yes,no,no,Technology,Taiwan,Quanta Computer
388,5.7,1735.3,4.9,15083.50,175000,Food and Drug Stores,Lakeland,FL,yes,no,no,yes,no,yes,Food & Drug Stores,U.S.,Publix Super Markets
387,14.2,1415.4,5.5,48272.20,216275,Health Care: Medical Facilities,Bad Homburg,,yes,no,no,yes,no,yes,Health Care,Germany,Fresenius
386,-1.2,2533,7.5,35355.00,99500,Aerospace and Defense,Falls Church,VA,yes,no,no,yes,yes,yes,Aerospace & Defense,U.S.,General Dynamics
385,-4.8,550.5,-64.5,34303.70,113678,"Electronics, Electrical Equip.",Amsterdam,,no,yes,no,yes,no,no,Industrials,Netherlands,Royal Philips
384,-6.7,-1349.5,,64576.60,33539,Utilities,Osaka,,no,yes,no,no,no,no,Energy,Japan,Kansai Electric Power
383,-13.8,-1682,,13209.00,196000,General Merchandisers,Hoffman Estates,IL,no,yes,no,no,no,no,Retailing,U.S.,Sears Holdings
382,-15.6,-2.3,,36212.10,118171,Energy,Taiyuan,,no,yes,no,no,no,no,Energy,China,Jinneng Group
381,-9.7,1239.2,-11.9,27358.00,85517,Energy,Istanbul,,no,yes,no,yes,no,yes,Energy,Turkey,Koç Holding
380,11.5,1085.3,-31.3,43077.70,141085,"Mining, Crude-Oil Production",Xi'an,,yes,no,no,yes,no,no,Energy,China,Shaanxi Yanchang Petroleum
379,0.6,102.7,-39.4,33879.00,145646,"Mining, Crude-Oil Production",Jincheng,,yes,no,no,yes,no,no,Energy,China,Shanxi Jincheng Anthracite Coal Mining
378,-0.4,-3519.3,,79790.80,93942,Utilities,Mexico City,,yes,no,no,no,no,no,Energy,Mexico,CFE
377,3.1,4956,6.4,31269.00,89800,zMiscellaneous,St. Paul,MN,yes,no,no,yes,no,yes,Industrials,U.S.,3M
376,3.8,326.5,,42013.90,160180,Utilities,Paris,,no,no,no,yes,no,yes,Energy,France,Veolia Environnement
375,-12.9,4514,-36.4,54793.00,27000,Entertainment,New York,NY,no,yes,no,yes,no,yes,Media,U.S.,Twenty-First Century Fox
374,5.0,2941.5,-10.4,17930.50,305000,Information Technology Services,Dublin,,yes,no,no,yes,no,yes,Technology,Ireland,Accenture
373,-12.9,-170.7,-176.5,36670.80,208829,"Mining, Crude-Oil Production",Jinan,,no,yes,no,no,no,no,Energy,China,Shandong Energy Group
372,-5.7,1140.1,-6.9,229261.10,42115,"Insurance: Life, Health (Mutual)",Osaka,,no,yes,no,yes,no,yes,Financials,Japan,Sumitomo Life Insurance
371,7.4,1087.2,-6.1,66526.90,177106,Industrial Machinery,Beijing,,yes,no,no,yes,no,yes,Industrials,China,China Shipbuilding Industry
370,-1.0,1939.4,1.1,60892.90,21961,Energy,Barcelona,,no,yes,no,yes,no,yes,Energy,Spain,Gas Natural Fenosa
369,11.8,3500,64.7,32240.00,80000,"Oil and Gas Equipment, Services",Houston,TX,yes,no,no,yes,no,yes,Energy,U.S.,Halliburton
368,-3.4,6689,7.4,675496.10,50328,Banks: Commercial and Savings,Docklands,,no,yes,no,yes,no,yes,Financials,Australia,Australia &amp; New Zeal. Bnkg.
367,5.8,2574.8,2.7,49797.90,167124,"Electronics, Electrical Equip.",Rueil-Malmaison,,yes,no,no,yes,no,yes,Industrials,France,Schneider Electric
366,5.0,228.7,-19.0,37768.70,125771,Network and Other Communications Equipment,Beijing,,yes,no,no,yes,no,yes,Technology,China,China Electronics
365,-2.8,-262.7,,28106.50,94666,Airlines,Paris,,no,yes,no,no,no,no,Transportation,France,Air France-KLM Group
364,-7.3,-419.8,,44296.90,239625,"Mining, Crude-Oil Production",Zhengzhou,,no,yes,no,no,no,no,Energy,China,Henan Energy &amp; Chemical
363,-4.9,1685.6,-8.6,37519.70,118443,Network and Other Communications Equipment,Stockholm,,no,yes,no,yes,no,yes,Technology,Sweden,Ericsson
362,1.4,284.2,36.7,26277.10,63405,Motor Vehicles and Parts,Guangzhou,,yes,no,no,yes,no,yes,Motor Vehicles & Parts,China,Guangzhou Automobile Industry Group
361,-4.8,553.5,72.0,36052.40,68263,Chemicals,Tokyo,,no,yes,no,yes,no,yes,Chemicals,Japan,Mitsubishi Chemical Holdings
360,4.7,2756,-3.6,25459.00,30925,Telecommunications,El Segundo,CA,yes,no,no,yes,no,yes,Telecommunications,U.S.,DirecTV
359,-8.9,1790.8,,86571.10,82441,Telecommunications,Milan,,no,yes,no,yes,no,yes,Telecommunications,Italy,Telecom Italia
358,3.0,-149,,27659.60,98110,"Mining, Crude-Oil Production",Changzhi,,yes,no,no,no,no,no,Energy,China,Shanxi LuAn Mining Group
357,0.5,7134.4,11.0,838057.30,81137,Banks: Commercial and Savings,"Toronto, Ontario",,yes,no,no,yes,no,yes,Financials,Canada,Toronto-Dominion Bank
356,0.7,1326.9,586.1,253858.20,11418,"Insurance: Life, Health (Mutual)",Springfield,MA,no,no,no,yes,no,yes,Financials,U.S.,Massachusetts Mutual Life
355,5.2,483.7,50.3,14465.00,196251,"Computers, Office Equipment",Taipei,,yes,no,no,yes,no,yes,Technology,Taiwan,Pegatron
354,6.8,52.8,-43.1,18148.80,27082,"Mining, Crude-Oil Production",Guixi,,yes,no,no,yes,no,no,Energy,China,Jiangxi Copper
353,-6.0,-1842.1,-3406.7,13160.50,20305,Petroleum Refining,Plock,,no,yes,no,no,no,no,Energy,Poland,PKN ORLEN Group
352,-22.2,19.3,,3039.70,1141,Diversified Financials,New York,NY,no,yes,no,yes,no,yes,Financials,U.S.,INTL FCStone
351,6.6,1272.3,108.4,62910.80,8882,Pipelines,"Calgary, Alberta",,yes,no,no,yes,no,yes,Energy,Canada,Enbridge
350,3.3,-665.5,-129.9,75234.50,75448,Trading,Tokyo,,yes,no,no,no,no,yes,Wholesalers,Japan,Sumitomo
349,1.2,966.7,-43.9,526048.40,12322,"Insurance: Life, Health (Mutual)",New York,NY,yes,no,no,yes,no,yes,Financials,U.S.,TIAA-CREF
348,-3.0,2184,-44.2,66815.00,104000,Food Consumer Products,Deerfield,IL,no,yes,no,yes,yes,no,"Food, Beverages & Tobacco",U.S.,Mondelez International
347,10.0,3250.5,4.0,35588.60,22842,Motor Vehicles and Parts,Seoul,,yes,no,no,yes,no,yes,Motor Vehicles & Parts,South Korea,Hyundai Mobis
346,-8.6,3752.5,-46.5,59865.80,11069,"Mining, Crude-Oil Production",Bogotá,,no,yes,no,yes,no,yes,Energy,Colombia,Ecopetrol
345,6.0,1080.7,35.0,117112.00,110300,Utilities,Beijing,,yes,no,no,yes,no,no,Energy,China,China Huadian
344,5.2,439,13.8,18943.40,67897,Metals,Beijing,,yes,no,no,yes,no,no,Materials,China,Xinxing Cathay International
343,-8.5,488.5,-14.5,126877.40,128299,Energy,Beijing,,no,yes,no,yes,no,no,Energy,China,China Guodian
342,1.7,561,62.4,8392.30,21568,Energy,Shanghai,,yes,no,no,yes,no,yes,Energy,China,CEFC China Energy
341,6.9,-452.4,,35622.30,167030,"Mining, Crude-Oil Production",Datong,,yes,no,no,no,no,yes,Energy,China,Datong Coal Mine Group
340,-5.1,2840,37.1,33040.60,144632,Motor Vehicles and Parts,Tokyo,,no,yes,no,yes,no,no,Motor Vehicles & Parts,Japan,Bridgestone
339,0.9,144.2,143.6,9955.10,17055,Trading,Hangzhou,,yes,no,no,yes,no,no,Wholesalers,China,Zhejiang Materials Industry Group
338,7.8,2102,42.4,55896.00,37200,Health Care: Insurance and Managed Care,Bloomfield,CT,yes,no,no,yes,no,yes,Health Care,U.S.,Cigna
337,-4.3,1267.5,24.0,38690.80,58856,Metals,Tokyo,,no,yes,no,yes,no,yes,Materials,Japan,JFE Holdings
336,6.2,8660.2,115.9,113928.40,280000,Specialty Retailers,Hong Kong,,yes,no,no,yes,no,yes,Retailing,China,Hutchison Whampoa
335,9.3,828,13.7,317429.10,8335,"Insurance: Life, Health (stock)",Edinburgh,,yes,no,no,yes,no,yes,Financials,Britain,Standard Life
334,-7.9,2407.3,1.9,37209.00,191889,"Computers, Office Equipment",Tokyo,,no,yes,no,yes,no,no,Technology,Japan,Canon
333,2.1,2850,25.0,108533.00,39950,Insurance: Property and Casualty (Stock),Northbrook,IL,yes,no,no,yes,no,yes,Financials,U.S.,Allstate
332,1.8,424.8,,42558.70,3349,Energy,Daegum,,yes,no,no,yes,no,yes,Energy,South Korea,Korea Gas
331,14.7,18.6,-96.0,112770.70,16556,"Insurance: Life, Health (Mutual)",Zeist,,yes,no,no,yes,no,no,Financials,Netherlands,Achmea
330,-7.7,6955.8,2.8,674402.40,36373,Banks: Commercial and Savings,Sydney,,no,yes,no,yes,no,yes,Financials,Australia,Westpac Banking
329,0.6,-346.2,-391.4,112542.50,34828,"Insurance: Life, Health (stock)",Seoul,,yes,no,no,no,no,no,Financials,South Korea,Hanwha
328,13.6,1793.2,19.1,132994.80,90829,"Insurance: Life, Health (stock)",Shanghai,,yes,no,no,yes,no,yes,Financials,China,China Pacific Insurance
327,-8.3,245.1,37.2,13702.10,10634,Petroleum Refining,Mumbai,,no,yes,no,yes,yes,no,Energy,India,Hindustan Petroleum
326,6.3,280.6,,54602.70,149987,"Engineering, Construction",Beijing,,yes,no,no,yes,no,yes,Engineering & Construction,China,China Metallurgical Group
325,3.1,5885,9.8,159103.00,54000,Commercial Banks,New York,NY,yes,no,no,yes,no,no,Financials,U.S.,American Express
324,-1.2,3625,-25.2,49876.00,63000,Chemicals,Wilmington,DE,no,yes,no,yes,yes,no,Chemicals,U.S.,DuPont
323,-4.6,3161.7,-10.6,61336.40,59623,Construction and Farm Machinery,Moline,IL,no,yes,no,yes,no,no,Industrials,U.S.,Deere
322,-15.5,802.6,,51055.10,245763,Railroads,St. Denis,,no,yes,no,yes,no,yes,Transportation,France,SNCF
321,-1.5,94.2,-38.3,6242.50,11181,Wholesalers: Diversified,Beijing,,no,yes,no,yes,no,yes,Wholesalers,China,China National Aviation Fuel Group
320,5.0,431.8,-45.8,182575.40,33672,Insurance: Property and Casualty (Mutual),Columbus,OH,yes,no,no,yes,no,yes,Financials,U.S.,Nationwide
319,8.6,1004.2,-37.3,46037.50,81845,Industrial Machinery,Tokyo,,yes,no,no,yes,no,yes,Industrials,Japan,Mitsubishi Heavy Industries
318,5.2,1882,20.6,18139.00,131225,Motor Vehicles and Parts,"Aurora, Ontario",,yes,no,no,yes,no,yes,Motor Vehicles & Parts,Canada,Magna International
317,-6.3,2444,-35.6,68794.60,13980,Petroleum Refining,"Calgary, Alberta",,no,yes,no,yes,no,yes,Energy,Canada,Suncor Energy
316,-1.8,-1113.9,-1104.2,26383.10,14787,Petroleum Refining,Taipei,,no,yes,no,no,no,no,Energy,Taiwan,CPC
315,-0.5,-351.5,,30614.40,147970,"Mining, Crude-Oil Production",Xingtai,,no,yes,no,no,no,yes,Energy,China,Jizhong Energy Group
314,3.1,329,37.5,7496.30,336100,Wholesalers: Food and Grocery,Hamburg,,yes,no,no,yes,no,yes,Wholesalers,Germany,Edeka Zentrale
313,1.2,3500,-21.2,204461.00,12224,Insurance: Property and Casualty (Stock),Zurich,,no,yes,no,yes,no,yes,Financials,Switzerland,Swiss Re
312,-21.9,657,12.5,116489.00,76531,"Mining, Crude-Oil Production",Rio de Janeiro,,no,yes,no,yes,no,no,Energy,Brazil,Vale
311,9.0,864,11.1,23956.00,124000,Food Production,Springdale,AR,yes,no,no,yes,no,yes,"Food, Beverages & Tobacco",U.S.,Tyson Foods
310,8.5,281.2,-78.9,192328.30,143003,"Mail, Package, and Freight Delivery",Rome,,yes,no,no,yes,no,no,Transportation,Italy,Poste Italiane
309,-8.6,4536.8,-46.6,63378.50,97921,Pharmaceuticals,Brentford,,no,yes,no,yes,no,no,Health Care,Britain,GlaxoSmithKline
308,0.1,3942.9,8.2,1069536.90,60155,Banks: Commercial and Savings,Zurich,,no,yes,no,yes,no,no,Financials,Switzerland,UBS Group
307,-15.9,-1254.8,-446.3,22775.40,8829,Petroleum Refining,Tokyo,,no,yes,no,no,no,yes,Energy,Japan,Idemitsu Kosan
306,3.0,3467,18.2,801510.00,55802,Commercial Banks,New York,NY,yes,no,no,yes,no,yes,Financials,U.S.,Morgan Stanley
305,6.8,811.2,41.6,10545.00,80000,Specialty Retailers,"Laval, Quebec",,yes,no,no,yes,no,yes,Retailing,Canada,Alimentation Couche-Tard
304,6.1,38.5,-40.1,45917.10,67151,Metals,Tianjin,,yes,no,no,yes,no,no,Materials,China,Bohai Steel Group
303,-10.6,-4561.5,,1638233.60,108700,Banks: Commercial and Savings,Edinburgh,,no,yes,no,no,no,no,Financials,Britain,Royal Bank of Scotland Group
302,-8.3,-642.2,-288.1,17676.20,4243,Petroleum Refining,Seoul,,no,yes,no,no,no,no,Energy,South Korea,GS Caltex
301,0.5,-267.1,-123.5,24546.50,107400,Food and Drug Stores,London,,no,yes,no,no,no,yes,Food & Drug Stores,Britain,Sainsbury's
300,2.9,10955,0.3,90344.00,122000,Computer Software,Redwood City,CA,yes,no,no,yes,yes,yes,Technology,U.S.,Oracle
299,1.4,8261.1,1.1,834338.70,73498,Banks: Commercial and Savings,"Toronto, Ontario",,no,yes,no,yes,no,no,Financials,Canada,Royal Bank of Canada
298,34.2,1201.6,20.3,326207.60,25500,"Insurance: Life, Health (stock)","Montreal, Quebec",,yes,no,no,yes,no,no,Financials,Canada,Power Corp. of Canada
297,7.4,1602,20.8,249664.30,11563,"Insurance: Life, Health (Mutual)",New York,NY,yes,no,no,yes,no,yes,Financials,U.S.,New York Life Insurance
296,22.8,7632.3,14.7,676325.60,43654,Banks: Commercial and Savings,Shanghai,,yes,no,no,yes,no,yes,Financials,China,Shanghai Pudong Devel. Bank
295,8.2,2294.9,47.9,487045.40,28012,Banks: Commercial and Savings,Frankfurt,,yes,no,no,yes,no,yes,Financials,Germany,DZ Bank
294,1.6,1132,98.2,37353.00,84000,Airlines,Chicago,IL,no,yes,no,yes,no,no,Transportation,U.S.,United Continental Holdings
293,-4.1,2350,-15.1,44060.20,146714,Motor Vehicles and Parts,Kariya,,no,yes,no,yes,no,yes,Motor Vehicles & Parts,Japan,Denso
292,4.6,1020.1,0.8,178219.00,19819,Insurance: Property and Casualty (Stock),Hanover,,yes,no,no,yes,no,no,Financials,Germany,Talanx
291,-2.8,2134.6,39.3,33854.10,129249,"Electronics, Electrical Equip.",Tokyo,,no,yes,no,yes,no,yes,Industrials,Japan,Mitsubishi Electric
290,-5.3,2250.5,22.5,174211.20,33786,Insurance: Property and Casualty (Stock),Tokyo,,no,yes,no,yes,no,yes,Financials,Japan,Tokio Marine Holdings
289,-2.1,2049,-18.4,927584.10,45800,Banks: Commercial and Savings,Zurich,,no,yes,no,yes,no,no,Financials,Switzerland,Credit Suisse Group
288,0.8,-288.9,-215.8,40801.80,120771,Industrial Machinery,Beijing,,no,yes,no,no,no,no,Industrials,China,Sinomach
287,22.0,114.1,-80.9,32010.20,195000,Food and Drug Stores,"Toronto, Ontario",,yes,no,no,yes,no,yes,Food & Drug Stores,Canada,Weston
286,1.7,1833,5.2,124304.00,50000,Insurance: Property and Casualty (Stock),Boston,MA,no,yes,no,yes,no,no,Financials,U.S.,Liberty Mutual Insurance Group
285,-0.1,73,-82.4,36871.10,118781,Airlines,Cologne,,no,yes,no,yes,no,yes,Transportation,Germany,Lufthansa Group
284,-4.8,2594,-6.9,44878.00,140400,Industrial Machinery,Zurich,,no,yes,no,yes,no,no,Industrials,Switzerland,ABB
283,-8.5,3086.2,-9.6,113456.00,28021,Utilities,Bilbao,,no,yes,no,yes,no,no,Energy,Spain,Iberdrola
282,1.2,1710,9.2,66457.00,430000,Specialty Retailers,Hong Kong,,no,yes,no,yes,no,yes,Retailing,China,Jardine Matheson
281,12.4,7229.8,5.1,647185.00,59659,Banks: Commercial and Savings,Beijing,,yes,no,no,yes,no,yes,Financials,China,China Minsheng Banking
280,-9.0,786,21.5,13895.90,13570,Petroleum Refining,Mumbai,,no,yes,no,yes,no,no,Energy,India,Bharat Petroleum
279,2.2,843,104.6,16584.00,5641,Petroleum Refining,San Antonio,TX,yes,no,no,yes,no,no,Energy,U.S.,Tesoro
278,-1.9,8477,5.4,856240.00,34000,Commercial Banks,New York,NY,no,yes,no,yes,no,yes,Financials,U.S.,Goldman Sachs Group
277,5.4,1875,20.5,31199.00,197000,Health Care: Medical Facilities,Nashville,TN,yes,no,no,yes,no,yes,Health Care,U.S.,HCA Holdings
276,20.5,439,27.7,32107.10,94743,Pharmaceuticals,Beijing,,yes,no,no,yes,no,yes,Health Care,China,Sinopharm
275,3.2,4239,8.0,45451.00,127000,"Electronics, Electrical Equip.",Morris Township,NJ,yes,no,no,yes,no,no,Industrials,U.S.,Honeywell International
274,8.7,284.1,64.3,27094.90,40037,Metals,Zhangjiagang,,yes,no,no,yes,no,no,Materials,China,Jiangsu Shagang Group
273,6.9,659,-93.7,54121.00,79655,Airlines,Atlanta,GA,yes,no,no,yes,no,yes,Transportation,U.S.,Delta Air Lines
272,31.8,123.7,197.3,70888.70,120674,Trading,Beijing,,yes,no,no,yes,no,yes,Wholesalers,China,COFCO
271,16.6,7650.5,14.1,710251.30,50214,Banks: Commercial and Savings,Fuzhou,,yes,no,no,yes,no,yes,Financials,China,Industrial Bank
270,-0.9,477.8,9.8,65591.80,176854,"Building Materials, Glass",Beijing,,no,yes,no,yes,no,no,Materials,China,China National Bldg. Materials Group
269,-11.6,7921.3,0.6,746863.30,44329,Banks: Commercial and Savings,Sydney,,no,yes,no,yes,no,no,Financials,Australia,Commonwealth Bank
268,-1.5,305.9,-44.4,48938.00,98697,Motor Vehicles and Parts,Göteborg,,no,yes,no,yes,no,no,Motor Vehicles & Parts,Sweden,Volvo
267,-3.8,3892.1,21.1,43785.90,28173,Telecommunications,Tokyo,,no,yes,no,yes,no,yes,Telecommunications,Japan,KDDI
266,-13.9,4871.2,-10.0,772791.80,42853,Banks: Commercial and Savings,Docklands,,no,yes,no,yes,no,yes,Financials,Australia,National Australia Bank
265,5.3,-185.9,,43854.20,99247,Chemicals,Beijing,,yes,no,no,no,no,no,Chemicals,China,ChemChina
264,8.9,67.4,-9.8,39512.40,222137,"Mining, Crude-Oil Production",Taiyuan,,yes,no,no,yes,no,yes,Energy,China,Shanxi Coking Coal Group
263,-12.3,2413.9,0.5,305059.00,40793,"Insurance: Life, Health (Mutual)",Tokyo,,no,yes,no,yes,no,yes,Financials,Japan,Meiji Yasuda Life Insurance
262,-7.3,1233,131.8,15256.00,125000,Specialty Retailers: Other,Richfield,MN,no,yes,no,yes,no,no,Retailing,U.S.,Best Buy
261,9.4,1933.1,5.0,83724.80,107012,Apparel,Paris,,yes,no,no,yes,no,yes,Apparel,France,Christian Dior
260,12.1,2779.1,18.6,431482.60,293459,Banks: Commercial and Savings,Mumbai,,yes,no,no,yes,yes,yes,Financials,India,State Bank of India
259,-4.1,11920,170.7,98335.00,70000,Pharmaceuticals,Kenilworth,NJ,no,yes,no,yes,no,no,Health Care,U.S.,Merck
258,3.7,904,-32.1,82037.20,32990,Real estate,Shanghai,,yes,no,no,yes,no,yes,Financials,China,Greenland Holding Group
257,59.5,2882,,43771.00,113300,Airlines,Fort Worth,TX,yes,no,no,yes,no,yes,Transportation,U.S.,American Airlines Group
256,-2.1,1239.2,32.8,156681.30,38358,Insurance: Property and Casualty (Stock),Tokyo,,no,yes,no,yes,no,yes,Financials,Japan,MS&amp;AD Insurance
255,-4.1,1081.4,9.0,15147.00,11824,Food Production,Inver Grove Heights,MN,no,yes,no,yes,no,yes,"Food, Beverages & Tobacco",U.S.,CHS
254,11.6,2287.2,-1.1,38138.00,75502,Motor Vehicles and Parts,Mumbai,,yes,no,no,yes,no,yes,Motor Vehicles & Parts,India,Tata Motors
253,16.9,1071.8,28.7,66599.00,201066,"Engineering, Construction",Beijing,,yes,no,no,yes,no,no,Engineering & Construction,China,Power China
252,-2.3,1156.2,-12.3,43558.20,92000,Food Production,Singapore,,no,yes,no,yes,no,yes,"Food, Beverages & Tobacco",Singapore,Wilmar International
251,-9.1,1273.5,12.7,27279.80,158846,Information Technology Services,Tokyo,,no,yes,no,yes,no,no,Technology,Japan,Fujitsu
250,4.4,221.7,9.2,4880.00,4041,Wholesalers: Diversified,Miami,FL,yes,no,no,yes,no,yes,Wholesalers,U.S.,World Fuel Services
249,2.9,70,366.7,23983.00,5300,Pipelines,Houston,TX,yes,no,no,yes,no,yes,Energy,U.S.,Plains GP Holdings
248,0.1,788,-76.6,17105.90,126000,Food and Drug Stores,Zaandam,,no,yes,no,yes,no,yes,Food & Drug Stores,Netherlands,Royal Ahold
247,14.7,957.7,14.9,18655.00,17556,"Electronics, Electrical Equip.",Shenzhen,,yes,no,no,yes,no,yes,Industrials,China,Amer International Group
246,-13.8,2663.4,,1021436.60,129021,Banks: Commercial and Savings,Milan,,no,yes,no,yes,no,no,Financials,Italy,UniCredit Group
245,2.6,1215,3.1,32804.00,168000,Motor Vehicles and Parts,Milwaukee,WI,yes,no,no,yes,no,no,Motor Vehicles & Parts,U.S.,Johnson Controls
244,-0.7,1070.5,,42187.50,127470,"Engineering, Construction",Paris,,no,yes,no,yes,no,no,Engineering & Construction,France,Bouygues
243,-4.8,6854.2,-17.8,1529835.60,68739,Banks: Commercial and Savings,Tokyo,,no,yes,no,yes,no,yes,Financials,Japan,Sumitomo Mitsui Financial Group
242,2.9,2843.2,-18.5,37346.90,48936,Motor Vehicles and Parts,Seoul,,yes,no,no,yes,no,yes,Motor Vehicles & Parts,South Korea,Kia Motors
241,2.3,5823.5,18.0,117836.70,113496,Pharmaceuticals,Paris,,no,yes,no,yes,no,yes,Health Care,France,Sanofi
240,,-1758.2,,78408.90,147564,Metals,Beijing,,no,yes,no,no,no,no,Materials,China,Aluminum Corp. of China
239,11.5,-186.6,,52270.60,132146,Metals,Shijiazhuang,,yes,no,no,no,no,yes,Materials,China,HeBei Iron &amp; Steel Group
238,2.9,2097,34.3,33070.00,298099,"Mail, Package, and Freight Delivery",Memphis,TN,no,yes,no,yes,no,yes,Transportation,U.S.,FedEx
237,0.5,3614,21.2,37073.00,112000,Aerospace and Defense,Bethesda,MD,no,yes,no,yes,yes,no,Aerospace & Defense,U.S.,Lockheed Martin
236,3.5,4174,8.2,24283.00,13100,Chemicals,Rotterdam,,yes,no,no,yes,no,no,Chemicals,Netherlands,LyondellBasell Industries
235,33.7,9074.3,7.8,762706.20,75109,Banks: Commercial and Savings,Shenzhen,,yes,no,no,yes,no,yes,Financials,China,China Merchants Bank
234,16.5,1150.3,4.3,23400.90,123517,Textiles,Shandong,,yes,no,no,yes,no,no,Apparel,China,Shandong Weiqiao Pioneering
233,3.4,3150.9,23.4,36589.40,189168,Motor Vehicles and Parts,Hanover,,yes,no,no,yes,no,yes,Motor Vehicles & Parts,Germany,Continental
232,-1.8,7098,-17.3,92023.00,129200,Beverages,Atlanta,GA,no,yes,no,yes,no,no,"Food, Beverages & Tobacco",U.S.,Coca-Cola
231,19.6,828.7,1.4,27081.30,60000,"Computers, Office Equipment",Hong Kong,,yes,no,no,yes,no,yes,Technology,China,Lenovo Group
230,9.2,266.7,-14.1,12831.40,21700,Wholesalers: Electronics and Office Equipment,Santa Ana,CA,yes,no,no,yes,no,no,Wholesalers,U.S.,Ingram Micro
229,4.7,931.5,-6.1,13168.00,50300,Wholesalers: Food and Grocery,Houston,TX,yes,no,no,yes,no,yes,Wholesalers,U.S.,Sysco
228,20.3,4520.2,32.9,49931.20,170000,Network and Other Communications Equipment,Shenzhen,,yes,no,no,yes,no,yes,Technology,China,Huawei Investment &amp; Holding
227,-5.2,646.2,15.4,88189.00,228613,Telecommunications,Shanghai,,no,yes,no,yes,no,yes,Telecommunications,China,China United Network Communications
226,9.0,9216,-36.0,142550.00,154029,Beverages,Leuven,,yes,no,no,yes,no,no,"Food, Beverages & Tobacco",Belgium,Anheuser-Busch InBev
225,-3.0,7853,-21.3,105134.00,74042,Network and Other Communications Equipment,San Jose,CA,no,yes,no,yes,no,no,Technology,U.S.,Cisco Systems
224,-0.6,423.9,-0.6,149606.40,142260,Energy,Beijing,,no,yes,no,yes,no,no,Energy,China,China Huaneng Group
223,-15.4,524,-67.1,41062.30,25501,Petroleum Refining,Vienna,,no,yes,no,yes,no,no,Energy,Austria,OMV Group
222,-6.9,6527,78.1,107827.00,59775,"Mining, Crude-Oil Production",London,,no,yes,no,yes,no,no,Energy,Britain,Rio Tinto Group
221,-4.5,3472.9,17.4,764600.10,108770,Banks: Commercial and Savings,Bilbao,,no,yes,no,yes,no,no,Financials,Spain,Banco Bilbao Vizcaya Argentaria
220,0.5,2787.4,7.3,47100.70,6900,Pipelines,Houston,TX,no,no,no,yes,no,yes,Energy,U.S.,Enterprise Products
219,-3.2,1205.7,-37.1,66292.10,19892,Petroleum Refining,Abu Dhabi,,no,yes,no,yes,no,no,Energy,United Arab Emirates,International Petroleum Investment
218,-2.0,952.9,3.0,86187.30,136616,Metals,Shanghai,,no,yes,no,yes,no,no,Materials,China,Baosteel Group
217,16.6,-1665.9,-212.2,35378.90,37530,Utilities,Windsor,,yes,no,no,no,no,yes,Energy,Britain,Centrica
216,17.4,1147,-6.8,23466.00,57000,Health Care: Insurance and Managed Care,Louisville,KY,yes,no,no,yes,no,yes,Health Care,U.S.,Humana
215,7.1,5438,-19.2,66904.00,120000,"Oil and Gas Equipment, Services",Houston,TX,yes,no,no,yes,no,no,Energy,U.S.,Schlumberger
214,8.4,7501,22.2,84186.00,180000,Entertainment,Burbank,CA,yes,no,no,yes,no,yes,Media,U.S.,Walt Disney
213,-14.1,2787.6,-20.2,101767.30,47118,Trading,Tokyo,,no,yes,no,yes,no,no,Wholesalers,Japan,Mitsui
212,172.4,3170.3,4.3,500307.40,29400,"Insurance: Life, Health (stock)","Toronto, Ontario",,no,no,yes,yes,no,yes,Financials,Canada,Manulife Financial
211,-7.8,9135,-58.5,169274.00,78300,Pharmaceuticals,New York,NY,no,yes,no,yes,no,yes,Health Care,U.S.,Pfizer
210,0.9,-1680.3,-759.9,48575.40,43266,Industrial Machinery,Ulsan,,no,yes,no,no,no,yes,Industrials,South Korea,Hyundai Heavy Industries
209,-0.5,6224.6,-7.7,90624.50,40000,Chemicals,Riyadh,,no,yes,no,yes,no,no,Chemicals,Saudi Arabia,SABIC
208,-12.5,5015,45.3,68844.00,119207,Shipping,Copenhagen,,no,yes,no,yes,no,yes,Transportation,Denmark,A.P. Møller-Mærsk A/S
207,16.7,819.9,-10.7,42904.80,108000,Motor Vehicles and Parts,Beijing,,yes,no,no,yes,no,yes,Motor Vehicles & Parts,China,Beijing Automotive Group
206,-8.8,2733.7,11.6,71392.70,110487,Trading,Osaka,,no,yes,no,yes,no,yes,Wholesalers,Japan,Itochu
205,4.8,873.9,70.3,34578.60,19965,Utilities,Perth,,yes,no,no,yes,no,yes,Energy,Britain,SSE
204,-7.3,1949,-19.6,59694.20,84447,Metals,Tokyo,,no,yes,no,yes,no,yes,Materials,Japan,Nippon Steel &amp; Sumitomo Metal
203,0.4,951.2,2.1,47575.00,146543,"Engineering, Construction",Madrid,,no,yes,no,yes,no,yes,Engineering & Construction,Spain,ACS
202,18.9,864.9,101.4,30876.00,216693,Food Production,São Paulo,,yes,no,no,yes,no,yes,"Food, Beverages & Tobacco",Brazil,JBS
201,-0.7,9402.2,-4.4,2386371.20,125739,Banks: Commercial and Savings,Tokyo,,no,yes,no,yes,no,yes,Financials,Japan,Mitsubishi UFJ Financial Group
200,-4.5,3297.8,26.6,76261.30,185293,"Engineering, Construction",Rueil-Malmaison,,no,yes,no,yes,no,no,Engineering & Construction,France,Vinci
199,-3.8,1227,-50.7,106961.90,156233,Telecommunications,Paris,,no,yes,no,yes,no,no,Telecommunications,France,Orange
198,-22.3,-374.1,-193.1,59010.20,110261,Metals,Beijing,,no,yes,no,no,no,no,Materials,China,China Minmetals
197,1.5,1281.4,46.9,67614.00,295763,Railroads,Berlin,,yes,no,no,yes,no,yes,Transportation,Germany,Deutsche Bahn
196,-11.9,4376,-26.3,149685.30,212233,"Mining, Crude-Oil Production",Beijing,,no,yes,no,yes,no,no,Energy,China,Shenhua Group
195,-6.7,-286.4,-133.9,2117097.00,132300,Banks: Commercial and Savings,London,,no,yes,no,no,no,no,Financials,Britain,Barclays
194,30.5,1381,,766655.00,48331,"Insurance: Life, Health (stock)",Newark,NJ,yes,no,no,yes,no,yes,Financials,U.S.,Prudential Financial
193,10.6,2551.9,4554.4,148961.10,40292,Utilities,Jeollanam-do,,yes,no,no,yes,no,no,Energy,South Korea,Korea Electric Power
192,-2.4,1264.2,60.0,54209.30,181742,"Building Materials, Glass",Courbevoie,,no,yes,no,yes,no,no,Materials,France,Saint-Gobain
191,0.2,2507.1,222.3,98670.30,117395,Motor Vehicles and Parts,Boulogne-Billancourt,,no,yes,no,yes,no,no,Motor Vehicles & Parts,France,Renault
190,12.7,10687.4,5.5,1010364.10,95659,Banks: Commercial and Savings,Shanghai,,yes,no,no,yes,no,no,Financials,China,Bank of Communications
189,3.9,10198.2,-15.4,76143.50,88509,Pharmaceuticals,Basel,,yes,no,no,yes,no,yes,Health Care,Switzerland,Roche Group
188,-20.9,2138.4,726.0,62781.60,23354,Petroleum Refining,Madrid,,no,yes,no,yes,no,yes,Energy,Spain,Repsol
187,-0.8,3695,-2.5,84681.00,114233,Construction and Farm Machinery,Peoria,IL,no,yes,no,yes,no,no,Industrials,U.S.,Caterpillar
186,-9.3,4715,-23.4,762879.40,179288,Diversified Financials,Beijing,,no,yes,no,yes,no,yes,Financials,China,CITIC Group
185,9.4,6505.8,13.3,350162.20,81621,Banks: Commercial and Savings,Osasco,,yes,no,no,yes,no,no,Financials,Brazil,Banco Bradesco
184,-1.6,1595.1,-9.6,43794.10,54665,Food and Drug Stores,Tokyo,,no,yes,no,yes,no,no,Food & Drug Stores,Japan,Seven &amp; I Holdings
183,14.2,633,223.0,64469.00,27605,Pipelines,Dallas,TX,yes,no,no,yes,no,yes,Energy,U.S.,Energy Transfer Equity
182,6.0,11704,21.7,91956.00,106700,Semiconductors and Other Electronic Components,Santa Clara,CA,yes,no,no,yes,no,no,Technology,U.S.,Intel
181,-8.0,2250.1,-2.9,22841.60,198000,Food and Drug Stores,Bella Vista,,no,yes,no,yes,no,yes,Food & Drug Stores,Australia,Woolworths
180,-5.8,6869,-25.0,116539.00,19100,"Mining, Crude-Oil Production",Houston,TX,no,yes,no,yes,no,yes,Energy,U.S.,ConocoPhillips
179,7.2,284.9,,45528.60,160745,Metals,Essen,,yes,no,no,yes,no,yes,Materials,Germany,ThyssenKrupp
178,5.1,4544.7,7.3,84977.60,118888,Chemicals,Leverkusen,,yes,no,no,yes,no,yes,Chemicals,Germany,Bayer
177,2.6,7579.3,-33.6,421066.00,329566,Banks: Commercial and Savings,Moscow,,yes,no,no,yes,no,yes,Financials,Russia,Sberbank
176,5.3,2698,18.0,31827.00,220500,Specialty Retailers: Other,Mooresville,NC,yes,no,no,yes,no,yes,Retailing,U.S.,Lowe's
175,7.4,379.3,134.9,33729.20,83000,"Electronics, Electrical Equip.",Seoul,,yes,no,no,yes,no,no,Technology,South Korea,LG Electronics
174,15.1,2127.6,61.1,126083.30,120842,Insurance: Property and Casualty (Stock),Beijing,,yes,no,no,yes,no,yes,Financials,China,People's Insurance Co. of China
173,10.8,1659.5,,782125.80,89486,Banks: Commercial and Savings,Turin,,yes,no,no,yes,no,no,Financials,Italy,Intesa Sanpaolo
172,-8.6,515,68.3,21432.00,35000,Food Production,White Plains,NY,no,yes,no,yes,no,no,"Food, Beverages & Tobacco",U.S.,Bunge
171,-6.7,2467.9,6.4,37488.90,203000,Food and Drug Stores,Perth,,no,yes,no,yes,no,yes,Food & Drug Stores,Australia,Wesfarmers
170,22.6,2040.8,6.6,53402.10,48800,Health Care: Insurance and Managed Care,Hartford,CT,yes,no,no,yes,no,yes,Health Care,U.S.,Aetna
169,1.9,3772,-21.2,68796.00,53216,Chemicals,Midland,MI,yes,no,no,yes,no,yes,Chemicals,U.S.,Dow Chemical
168,5.0,3032,-30.6,35471.00,336150,"Mail, Package, and Freight Delivery",Atlanta,GA,yes,no,no,yes,no,yes,Transportation,U.S.,UPS
167,1.3,10210,11.3,125387.00,133413,Pharmaceuticals,Basel,,yes,no,no,yes,no,no,Health Care,Switzerland,Novartis
166,5.4,1432.4,4.7,478404.40,4705,"Insurance: Life, Health (stock)",Paris,,yes,no,no,yes,no,no,Financials,France,CNP Assurances
165,10.1,1467.1,9.8,106696.30,113189,"Engineering, Construction",Beijing,,yes,no,no,yes,no,yes,Engineering & Construction,China,China Communications Construction
164,0.8,2206,149.5,2067396.20,98138,Banks: Commercial and Savings,Frankfurt,,no,yes,no,yes,no,no,Financials,Germany,Deutsche Bank
163,-4.4,1002.9,-22.8,513571.70,28602,"Insurance: Life, Health (stock)",The Hague,,no,yes,no,yes,no,yes,Financials,Netherlands,Aegon
162,8.8,600.9,-52.2,78110.60,37225,Metals,Seoul,,yes,no,no,yes,no,yes,Materials,South Korea,POSCO
161,-6.5,4106.9,-6.2,118527.90,43330,Utilities,Tokyo,,no,yes,no,yes,no,no,Energy,Japan,Tokyo Electric Power
160,0.2,2037.7,31.0,112881.70,454292,Telecommunications,Beijing,,no,yes,no,yes,no,yes,Telecommunications,China,China Telecommunications
159,10.3,760,1.8,128887.20,535942,Aerospace and Defense,Beijing,,yes,no,no,yes,no,yes,Aerospace & Defense,China,Aviation Industry Corp. of China
158,-14.4,3853.8,3.6,80617.80,24930,Petroleum Refining,Mumbai,,no,yes,no,yes,no,yes,Energy,India,Reliance Industries
157,-2.7,,,58191.10,198741,"Electronics, Electrical Equip.",Tokyo,,no,yes,no,no,no,no,Industrials,Japan,Toshiba
156,6.3,2667.9,-3.8,36603.70,312785,"Engineering, Construction",Nanjing,,yes,no,no,yes,no,yes,Engineering & Construction,China,Pacific Construction Group
155,3.5,3467.8,-40.7,86739.40,191156,Telecommunications,Mexico City,,yes,no,no,yes,no,yes,Telecommunications,Mexico,America Movil
154,-6.3,2403.7,,104435.60,59784,Utilities: Gas and Electric,Essen,,no,yes,no,yes,no,no,Energy,Germany,RWE
153,-2.8,6859.5,6.7,58108.90,173000,Food Consumer Products,London,,no,yes,no,yes,no,no,"Food, Beverages & Tobacco",Britain/Netherlands,Unilever
152,-6.2,7529,-17.1,515581.00,65000,Insurance: Property and Casualty (Stock),New York,NY,no,yes,no,yes,no,yes,Financials,U.S.,AIG
151,1.8,648,1.2,19433.00,17615,Food Production,Rotterdam,,no,yes,no,yes,no,yes,"Food, Beverages & Tobacco",Netherlands,Louis Dreyfus Commodities
150,5.4,3196.9,119.7,74923.20,290183,Motor Vehicles and Parts,Stuttgart,,yes,no,no,yes,no,yes,Motor Vehicles & Parts,Germany,Bosch
149,3.4,6220,8.7,91289.00,211500,Aerospace and Defense,Hartford,CT,yes,no,no,yes,no,no,Aerospace & Defense,U.S.,United Technologies
148,-0.4,-10.6,-110.1,57549.90,340060,Food and Drug Stores,Paris,,no,no,yes,no,no,yes,Food & Drug Stores,France,Finatis
147,1.6,387.9,-15.3,65755.90,249966,General Merchandisers,Chiba,,yes,no,no,yes,no,yes,Retailing,Japan,AEON
146,18.8,178.5,-21.7,27261.30,19373,Trading,Tianjin,,yes,no,no,yes,no,yes,Wholesalers,China,Tewoo Group
145,-21.1,2324.4,,1332859.40,84490,Banks: Commercial and Savings,London,,no,yes,no,yes,no,no,Financials,Britain,Lloyds Banking Group
144,4.7,727.5,1.7,52570.20,250138,Aerospace and Defense,Beijing,,yes,no,no,yes,no,no,Aerospace & Defense,China,China North Industries
143,11.4,4641.1,12.8,1048008.50,903357,"Mail, Package, and Freight Delivery",Beijing,,yes,no,no,yes,no,no,Transportation,China,China Post Group
142,9.3,1295.8,66.6,415621.70,54090,"Insurance: Life, Health (stock)",Tokyo,,yes,no,no,yes,no,no,Financials,Japan,Dai-ichi Life Insurance
141,0.4,6513,-3.4,70509.00,271000,Food Consumer Products,Purchase,NY,no,yes,no,yes,yes,no,"Food, Beverages & Tobacco",U.S.,PepsiCo
140,-11.8,3980.9,-34.7,147972.20,123700,Telecommunications,Madrid,,no,yes,no,yes,no,no,Telecommunications,Spain,Telefonica
139,1.9,13832,27.2,151413.00,47044,"Mining, Crude-Oil Production",Melbourne,,yes,no,no,yes,no,no,Energy,Australia,BHP Billiton
138,-1.1,2802,13.6,522463.90,73610,"Insurance: Life, Health (Mutual)",Osaka,,no,yes,no,yes,no,yes,Financials,Japan,Nippon Life Insurance
137,0.8,-5508,,22962.00,553089,"Mail, Package, and Freight Delivery",Washington,DC,no,yes,no,no,yes,no,Transportation,U.S.,U.S. Postal Service
136,3.0,9269.6,-90.2,181940.00,105970,Telecommunications,Newbury,,yes,no,no,yes,no,yes,Telecommunications,Britain,Vodafone Group
135,6.4,8380,22.9,159339.00,139000,Telecommunications,Philadelphia,PA,yes,no,no,yes,no,yes,Telecommunications,U.S.,Comcast
134,3.9,3856.2,8.8,1480094.40,108565,Banks: Commercial and Savings,Paris,,yes,no,no,yes,no,no,Financials,France,Groupe BPCE
133,-14.6,7690,-84.2,1945539.00,4982,Diversified Financials,McLean,VA,no,yes,no,yes,no,no,Financials,U.S.,Freddie Mac
132,-8.5,3643.3,1.0,139891.30,71994,Trading,Tokyo,,no,yes,no,yes,no,yes,Wholesalers,Japan,Mitsubishi Corp.
131,-9.1,1632.4,35.8,49678.50,254084,"Electronics, Electrical Equip.",Osaka,,no,yes,no,yes,no,no,Technology,Japan,Panasonic
130,-0.6,1504.7,-50.9,50327.90,27429,Petroleum Refining,Jakarta,,no,yes,no,yes,no,yes,Energy,Indonesia,Pertamina
129,11.1,761.4,-25.2,42572.30,330680,Food and Drug Stores,Croix,,yes,no,no,yes,no,yes,Food & Drug Stores,France,Groupe Auchan
128,-1.0,-936.5,,74061.70,189786,Motor Vehicles and Parts,Paris,,no,yes,no,no,no,no,Motor Vehicles & Parts,France,Peugeot
127,4.2,4191,-19.2,239143.40,73262,Insurance: Property and Casualty (Mutual),Bloomington,IL,yes,no,no,yes,no,yes,Financials,U.S.,State Farm Insurance Cos.
126,17.4,5035.2,4.1,481008.90,111628,Banks: Commercial and Savings,Bras'lia,,no,yes,no,yes,no,no,Financials,Brazil,Banco do Brasil
125,1.2,960.5,-54.4,63990.20,38830,Trading,Tokyo,,no,yes,no,yes,no,no,Wholesalers,Japan,Marubeni
124,17.9,14444,11.8,131133.00,53600,Internet Services and Retailing,Mountain View,CA,yes,no,no,yes,no,yes,Technology,U.S.,Alphabet
123,16.5,2582.8,-17.7,445461.50,26364,"Insurance: Life, Health (stock)",London,,yes,no,no,yes,no,no,Financials,Britain,Aviva
122,0.7,3895,-3.3,406529.00,54551,Insurance: Property and Casualty (Stock),Zurich,,no,yes,no,yes,no,no,Financials,Switzerland,Zurich Insurance Group
121,7.5,6309,87.3,902337.00,68000,"Insurance: Life, Health (stock)",New York,NY,yes,no,no,yes,no,yes,Financials,U.S.,MetLife
120,3.4,2569.7,3.2,62065.00,51500,Health Care: Insurance and Managed Care,Indianapolis,IN,no,no,no,yes,no,yes,Health Care,U.S.,Anthem
119,-8.8,803.3,-31.4,37352.60,34806,Petroleum Refining,New Delhi,,no,yes,no,yes,no,no,Energy,India,Indian Oil
118,4.2,16323,18.0,131119.00,126500,Pharmaceuticals,New Brunswick,NJ,yes,no,no,yes,no,no,Health Care,U.S.,Johnson &amp; Johnson
117,2.7,-1636,-183.0,41404.00,347000,General Merchandisers,Minneapolis,MN,no,yes,no,no,no,no,Retailing,U.S.,Target
116,-3.6,-1145.8,,132051.80,131700,"Electronics, Electrical Equip.",Tokyo,,no,yes,no,no,no,no,Technology,Japan,Sony
115,13.5,2450.9,20.8,150652.60,451503,General Merchandisers,Hong Kong,,yes,no,no,yes,no,yes,Retailing,China,China Resources National
114,5.8,1932,-21.1,37182.00,213000,Food and Drug Stores,Deerfield,IL,yes,no,no,yes,no,yes,Food & Drug Stores,U.S.,Walgreens
113,5.5,1703.3,28.5,99446.60,306572,Utilities,Guangzhou,,yes,no,no,yes,no,no,Energy,China,China Southern Power Grid
112,16.2,9156.6,20.3,424207.10,93175,Banks: Commercial and Savings,,,yes,no,no,yes,no,no,Financials,Brazil,Itaú Unibanco Holding
111,2.7,2747.2,-1.0,44741.70,443784,"Mail, Package, and Freight Delivery",Bonn,,no,yes,no,yes,no,yes,Transportation,Germany,Deutsche Post
110,18.5,6078.9,15.5,175416.30,66154,Telecommunications,Tokyo,,yes,no,no,yes,no,no,Telecommunications,Japan,SoftBank Group
109,6.7,1600.4,10.5,54201.40,197192,Motor Vehicles and Parts,Wuhan,,yes,no,no,yes,no,yes,Motor Vehicles & Parts,China,Dongfeng Motor Group
108,-0.2,-1086,,99179.00,222327,Metals,Luxembourg,,no,yes,no,no,no,no,Materials,Luxembourg,ArcelorMittal
107,6.9,4248.3,30.2,52983.60,135599,Motor Vehicles and Parts,Changchun,,yes,no,no,yes,no,yes,Motor Vehicles & Parts,China,China FAW Group
106,2.4,3108.1,59.8,116275.90,138622,Aerospace and Defense,Leiden,,no,yes,no,yes,no,no,Aerospace & Defense,Netherlands,Airbus Group
105,6.2,562.7,-25.5,57278.20,54742,Trading,Beijing,,yes,no,no,yes,no,yes,Wholesalers,China,Sinochem
104,-9.6,2248,67.5,44027.00,33900,Food Production,Chicago,IL,no,yes,no,yes,no,yes,"Food, Beverages & Tobacco",U.S.,Archer Daniels Midland
103,-2.6,4182.5,-4.9,330283.10,43316,Insurance: Property and Casualty (Stock),Munich,,no,yes,no,yes,no,no,Financials,Germany,Munich Re
102,4.1,3878.8,214.2,156515.40,228000,Telecommunications,Bonn,,no,yes,no,yes,no,no,Telecommunications,Germany,Deutsche Telekom
101,5.5,6345,17.8,39946.00,371000,Specialty Retailers: Other,Atlanta,GA,yes,no,no,yes,no,yes,Retailing,U.S.,Home Depot
100,0.4,11643,2.9,144266.00,118000,Household and Personal Products,Cincinnati,OH,no,yes,no,yes,no,no,Household Products,U.S.,Procter &amp; Gamble
99,6.3,6977.7,-10.6,133962.80,109748,Motor Vehicles and Parts,Seoul,,yes,no,no,yes,no,yes,Motor Vehicles & Parts,South Korea,Hyundai Motor
98,38.2,1621.5,16.2,622938.90,11038,"Insurance: Life, Health (stock)",London,,yes,no,no,yes,no,no,Financials,Britain,Legal &amp; General Group
97,-1.0,172.3,-65.9,35372.00,227868,Food and Drug Stores,Düsseldorf,,no,yes,no,yes,no,no,Food & Drug Stores,Germany,Metro
96,25.6,6374.9,39.2,645698.10,235999,"Insurance: Life, Health (stock)",Shenzhen,,yes,no,no,yes,no,yes,Financials,China,Ping An Insurance
95,11.5,22074,1.0,172384.00,128000,Computer Software,Redmond,WA,yes,no,no,yes,no,yes,Technology,U.S.,Microsoft
94,7.8,1687.5,183.7,442745.80,151719,"Insurance: Life, Health (stock)",Beijing,,yes,no,no,yes,no,yes,Financials,China,China Life Insurance
93,-5.7,1718.3,-44.2,54094.80,25986,Petroleum Refining,Bangkok,,no,yes,no,yes,no,yes,Energy,Thailand,PTT
92,-20.9,-2521.3,-336.0,61908.10,26415,Petroleum Refining,Tokyo,,no,yes,no,no,no,no,Energy,Japan,JX Holdings
91,-23.0,1277.4,-79.0,1195046.60,68431,Banks: Commercial and Savings,Amsterdam,,no,yes,no,yes,no,no,Financials,Netherlands,ING Group
89,-7.5,2194.7,-17.0,103372.40,333150,"Electronics, Electrical Equip.",Tokyo,,no,yes,no,yes,no,yes,Industrials,Japan,Hitachi
88,19.5,-241,-188.0,54505.00,154100,Internet Services and Retailing,Seattle,WA,yes,no,no,no,no,yes,Technology,U.S.,Amazon.com
87,26.1,15921.5,22.9,1662855.30,8723,Banks: Commercial and Savings,Beijing,,yes,no,no,yes,no,yes,Financials,China,China Development Bank
86,-3.2,7313,-46.5,1842530.00,241000,Commercial Banks,New York,NY,no,yes,no,yes,no,no,Financials,U.S.,Citigroup
85,4.8,5446,18.8,99198.00,165500,Aerospace and Defense,Chicago,IL,yes,no,no,yes,no,no,Aerospace & Defense,U.S.,Boeing
84,-9.9,1166,249.1,26033.00,34000,Wholesalers: Health Care,Dublin,OH,no,yes,no,yes,no,yes,Health Care,U.S.,Cardinal Health
83,-2.7,2524,19.5,30460.00,45340,Petroleum Refining,Findlay,OH,no,yes,no,yes,no,yes,Energy,U.S.,Marathon Petroleum
82,-5.6,12022,-27.1,117532.00,412775,Information Technology Services,Armonk,NY,no,yes,no,yes,yes,no,Technology,U.S.,IBM
81,-3.2,13688,-15.5,2634139.00,264767,Banks: Commercial and Savings,London,,no,yes,no,yes,no,no,Financials,Britain,HSBC Holdings
80,-6.4,4833,-57.7,2104534.00,223715,Commercial Banks,Charlotte,NC,no,yes,no,yes,no,no,Financials,U.S.,Bank of America Corp.
79,0.7,1154.2,17.0,101562.80,297035,"Engineering, Construction",Beijing,,yes,no,no,yes,no,no,Engineering & Construction,China,China Railway Construction
78,-3.7,4909.5,5.1,324245.60,148024,Utilities,Paris,,no,yes,no,yes,no,no,Energy,France,Électricité de France
77,-0.3,132,-45.8,20002.40,1900,Trading,Hong Kong,,no,yes,no,yes,no,no,Wholesalers,China,Noble Group
76,0.4,6838.3,6.4,86338.80,113292,Chemicals,Ludwigshafen,,no,yes,no,yes,no,yes,Chemicals,Germany,BASF
75,-8.9,3474.8,-48.8,131639.40,22516,Petroleum Refining,Stavanger,,no,yes,no,yes,no,no,Energy,Norway,Statoil
74,20.9,3647.9,73.4,575622.10,18604,"Insurance: Life, Health (stock)",London,,yes,no,no,yes,no,no,Financials,Britain,Prudential plc
73,-16.4,3236.7,,200006.00,152882,Energy,Courbevoie,,no,yes,no,yes,no,yes,Energy,France,GDF Suez
72,3.4,8592.6,11.6,180427.80,114573,"Mining, Crude-Oil Production",Beijing,,yes,no,no,yes,no,yes,Energy,China,China National Offshore Oil
71,9.1,959.9,9.2,110473.00,276697,"Engineering, Construction",Beijing,,no,no,yes,yes,no,yes,Engineering & Construction,China,China Railway Engineering
70,0.7,15797.8,46.2,134336.60,339000,Food Consumer Products,Vevey,,yes,no,no,yes,no,yes,"Food, Beverages & Tobacco",Switzerland,Nestlé
69,-6.0,685.8,-84.0,201614.00,68961,Utilities,Rome,,no,yes,no,yes,no,no,Energy,Italy,Enel
68,-0.1,11322.3,-34.1,153787.40,50949,Petroleum Refining,Kuala Lumpur,,yes,no,no,yes,no,yes,Energy,Malaysia,Petronas
67,2.2,7715.1,33.0,1532118.60,185405,Banks: Commercial and Savings,Madrid,,yes,no,no,yes,no,yes,Financials,Spain,Banco Santander
66,-3.6,2007.6,8.8,53798.90,29500,Health Care: Pharmacy and Other Services,St. Louis,MO,no,yes,no,yes,no,no,Health Care,U.S.,Express Scripts Holding
65,-7.5,4711.9,-19.4,172649.70,241600,Telecommunications,Tokyo,,no,yes,no,yes,no,yes,Telecommunications,Japan,Nippon Tel. &amp; Tel.
64,-0.5,1656.8,-1.2,55401.10,381227,Food and Drug Stores,Boulogne-Billancourt,,yes,no,no,yes,no,yes,Food & Drug Stores,France,Carrefour
63,-4.3,7288.3,29.7,132473.20,357000,"Electronics, Electrical Equip.",Munich,,no,yes,no,yes,no,no,Industrials,Germany,Siemens
62,-1.6,-9321.1,-707.3,68315.80,386086,Food and Drug Stores,Cheshunt,,yes,no,no,no,no,no,Food & Drug Stores,Britain,Tesco
61,-3.9,21762,21.4,2573126.00,241359,Commercial Banks,New York,NY,no,yes,no,yes,no,no,Financials,U.S.,JP Morgan Chase
60,11.1,4540.1,12.5,66871.50,92484,Motor Vehicles and Parts,Shanghai,,yes,no,no,yes,no,no,Motor Vehicles & Parts,China,SAIC Motor
59,-1.1,4161.7,7.2,142153.80,149388,Motor Vehicles and Parts,Yokohama,,yes,no,no,yes,no,yes,Motor Vehicles & Parts,Japan,Nissan Motor
58,13.4,3104.1,-6.7,1922657.00,72567,Banks: Commercial and Savings,Paris,,yes,no,no,yes,no,no,Financials,France,Credit Agricole
57,4.0,-506.6,-296.2,84620.30,81667,Petroleum Refining,Seoul,,yes,no,no,no,no,yes,Energy,South Korea,SK Holdings
56,5.6,7691.2,9.0,187299.50,116324,Motor Vehicles and Parts,Munich,,yes,no,no,yes,no,yes,Motor Vehicles & Parts,Germany,BMW
55,-0.1,10451.2,13.6,246748.80,274347,Telecommunications,Beijing,,no,no,no,yes,no,yes,Telecommunications,China,China Mobile Communications
54,10.3,1728,13.8,30556.00,400000,Food and Drug Stores,Cincinnati,OH,yes,no,no,yes,no,yes,Food & Drug Stores,U.S.,Kroger
53,-0.8,5013,-2.0,103206.00,302000,"Computers, Office Equipment",Palo Alto,CA,no,yes,no,yes,no,no,Technology,U.S.,HP
52,7.1,2058,0.9,33024.00,153500,Specialty Retailers: Other,Issaquah,WA,yes,no,no,yes,no,yes,Retailing,U.S.,Costco
51,-2.9,9026.7,-47.2,145964.90,249000,Petroleum Refining,Moscow,,no,yes,no,yes,no,yes,Energy,Russia,Rosneft Oil
50,-7.3,14208,-83.1,3248176.00,7600,Diversified Financials,Washington,DC,no,yes,no,yes,no,yes,Financials,U.S.,Fannie Mae
49,-10.9,3571,23.7,1582782.80,153836,Banks: Commercial and Savings,Paris,,no,yes,no,yes,no,yes,Financials,France,Societe Generale
48,3.2,2215.3,-12.9,606555.40,78333,"Insurance: Life, Health (stock)",Trieste,,no,no,no,yes,no,yes,Financials,Italy,Assicurazioni Generali
47,-5.3,-19929.4,,144414.60,144927,"Mining, Crude-Oil Production",Mexico City,,no,yes,no,no,no,no,Energy,Mexico,Pemex
46,34.1,276.5,-36.3,21532.20,13500,Wholesalers: Health Care,Chesterbrook,PA,yes,no,no,yes,no,yes,Health Care,U.S.,AmerisourceBergen
45,14.5,27525.1,7.9,2458314.30,308128,Banks: Commercial and Savings,Beijing,,yes,no,no,yes,no,yes,Financials,China,Bank of China
44,-2.9,4633.4,-25.7,153663.90,204730,Motor Vehicles and Parts,Tokyo,,yes,no,no,yes,no,yes,Motor Vehicles & Parts,Japan,Honda Motor
43,3.1,4746,-39.4,111800.00,110300,Petroleum Refining,Moscow,,no,no,no,yes,no,yes,Energy,Russia,Lukoil
42,2.0,208.3,-96.8,2513925.00,179603,Banks: Commercial and Savings,Paris,,no,yes,no,yes,no,yes,Financials,France,BNP Paribas
41,5.4,9625,-16.3,232708.00,177300,Telecommunications,New York,NY,yes,no,no,yes,no,yes,Telecommunications,U.S.,Verizon
40,-4.1,1039.7,-48.8,39574.80,5326,Trading,Amsterdam,,no,no,yes,yes,no,no,Wholesalers,Netherlands,Trafigura Beheer
39,-4.4,7386,-48.2,226760.00,152072,Petroleum Refining,Caracas,,yes,no,no,yes,no,yes,Energy,Venezuela,PDVSA
38,-14.8,4390.1,-8.2,2467265.40,221000,"Insurance: Life, Health (stock)",Tokyo,,no,yes,no,yes,no,no,Financials,Japan,Japan Post Holdings
37,17.2,2079.1,12.2,148914.80,247672,"Engineering, Construction",Beijing,,yes,no,no,yes,no,yes,Engineering & Construction,China,China State Construction Engineering
36,12.7,29126.4,7.7,2574815.00,505627,Banks: Commercial and Savings,Beijing,,yes,no,no,yes,no,yes,Financials,China,Agricultural Bank of China
35,6.5,5619,-0.1,86382.00,170000,Health Care: Insurance and Managed Care,Minnetonka,MN,yes,no,no,yes,no,yes,Health Care,U.S.,UnitedHealth Group
34,-5.0,3630,33.5,45550.00,10065,Petroleum Refining,San Antonio,TX,no,yes,no,yes,no,yes,Energy,U.S.,Valero Energy
33,2.9,6224,-65.9,292829.00,243620,Telecommunications,Dallas,TX,yes,no,no,yes,no,yes,Telecommunications,U.S.,AT&amp;T
32,1.6,8252.3,3.7,974938.90,147425,Insurance: Property and Casualty (Stock),Munich,,no,yes,no,yes,no,no,Financials,Germany,Allianz
31,4.4,4307.8,19.8,77934.00,1060000,"Electronics, Electrical Equip.",New Taipei City,,yes,no,no,yes,no,no,Technology,Taiwan,Hon Hai Precision Industry
30,9.9,4644,1.1,74252.00,177800,Food and Drug Stores,Woonsocket,RI,yes,no,no,yes,no,yes,Food & Drug Stores,U.S.,CVS Health
29,11.6,36976.6,5.9,2698924.90,372321,Banks: Commercial and Savings,Beijing,,yes,no,no,yes,no,yes,Financials,China,China Construction Bank
28,1.6,-7367,-166.4,298687.00,80908,Petroleum Refining,Rio de Janeiro,,no,no,no,no,no,no,Energy,Brazil,Petrobras
27,-1.9,3187,-55.5,208527.00,187000,Motor Vehicles and Parts,Dearborn,MI,no,yes,no,yes,no,yes,Motor Vehicles & Parts,U.S.,Ford Motor
26,-12.5,4124.4,-88.5,253591.80,459600,Energy,Moscow,,no,yes,no,yes,no,yes,Energy,Russia,Gazprom
25,-4.5,1712.6,-75.0,176899.00,84405,Petroleum Refining,Rome,,no,yes,no,yes,no,yes,Energy,Italy,ENI
24,1.4,15233,16.7,648349.00,305000,Diversified Financials,Fairfield,CT,yes,no,no,yes,no,no,Financials,U.S.,General Electric
23,-7.3,4762,27.8,48741.00,14000,Petroleum Refining,Houston,TX,no,yes,no,yes,no,yes,Energy,U.S.,Phillips 66
22,-6.8,-4191.8,-247.4,152075.00,58503,Energy,Düsseldorf,,no,yes,no,no,no,no,Energy,Germany,E.ON
21,0.3,3949,-26.1,177677.00,216000,Motor Vehicles and Parts,Detroit,MI,no,no,no,yes,yes,no,Motor Vehicles & Parts,U.S.,General Motors
20,-2.8,6664.5,12.0,1016417.40,96279,"Insurance: Life, Health (stock)",Paris,,no,yes,no,yes,no,yes,Financials,France,AXA
19,7.4,428.5,-84.5,182104.10,318562,Motor Vehicles and Parts,Turin,,yes,no,no,yes,no,yes,Motor Vehicles & Parts,Italy,EXOR Group
18,9.7,44763.9,4.8,3322042.70,462282,Banks: Commercial and Savings,Beijing,,yes,no,no,yes,no,yes,Financials,China,Industrial &amp; Commer. Bank of China
17,10.0,9235.3,1.7,229443.40,279972,Motor Vehicles and Parts,Stuttgart,,yes,no,no,yes,no,yes,Motor Vehicles & Parts,Germany,Daimler
16,31.3,1476,16.9,53870.00,70400,Wholesalers: Health Care,San Francisco,CA,yes,no,no,yes,no,yes,Health Care,U.S.,McKesson
15,7.0,39510,6.7,231839.00,97200,"Computers, Office Equipment",Cupertino,CA,no,no,no,yes,no,yes,Technology,U.S.,Apple
14,6.9,19872,2.0,526186.00,316000,Insurance: Property and Casualty (Stock),Omaha,NE,no,no,no,yes,no,yes,Financials,U.S.,Berkshire Hathaway
13,-6.3,21922.7,-19.5,209666.00,307000,"Electronics, Electrical Equip.",Suwon,,no,no,no,yes,no,yes,Technology,South Korea,Samsung Electronics
12,-7.5,19241,-10.2,266026.00,64700,Petroleum Refining,San Ramon,CA,no,no,no,yes,no,yes,Energy,U.S.,Chevron
11,-7.0,4244,-62.1,229798.00,100307,Petroleum Refining,Courbevoie,,no,no,no,yes,no,yes,Energy,France,Total
10,-5.0,2308,,152205.00,106831,"Mining, Crude-Oil Production",Baar,,no,no,no,yes,no,no,Energy,Switzerland,Glencore
9,-3.4,19766.9,8.6,398047.10,344109,Motor Vehicles and Parts,Toyota,,no,no,no,yes,no,yes,Motor Vehicles & Parts,Japan,Toyota Motor
8,2.7,14571.9,20.7,424935.30,592586,Motor Vehicles and Parts,Wolfsburg,,no,no,no,yes,no,yes,Motor Vehicles & Parts,Germany,Volkswagen
7,1.8,9796.2,22.7,466298.10,921964,Utilities,Beijing,,no,no,no,yes,no,yes,Energy,China,State Grid
6,-9.5,3780,-83.9,284305.00,84500,Petroleum Refining,London,,no,no,no,yes,no,yes,Energy,Britain,BP
5,-6.1,32520,-0.2,349493.00,83700,Petroleum Refining,Irving,TX,no,no,no,yes,no,no,Energy,U.S.,Exxon Mobil
4,-0.8,16359.5,-11.6,634811.50,1636532,Petroleum Refining,Beijing,,no,no,no,yes,no,yes,Energy,China,China National Petroleum
3,-6.1,14874,-9.1,353116.00,94000,Petroleum Refining,The Hague,,no,yes,no,yes,no,yes,Energy,Netherlands,Royal Dutch Shell
2,-2.3,5177,-42.0,359182.20,897488,Petroleum Refining,Beijing,,yes,no,no,yes,no,no,Energy,China,Sinopec Group
1,2.0,16363,2.1,203706.00,2200000,General Merchandisers,Bentonville,AR,no,no,no,yes,no,no,Retailing,U.S.,Walmart
90,0.3,23057,5.4,1687155.00,264500,Commercial Banks,San Francisco,CA,no,yes,no,yes,no,no,Financials,U.S.,Wells Fargo
