rank,employees,revchange,profits,prftchange,assets,sector,industry,hqcountry,hqcity,hqstate,100-fastest-growing-companies-y-n,change-the-world-y-n,worlds-most-admired-companies-y-n,rankdrop,profitable,rankgain,ceowoman,jobgrowth,newcomer,fortune500-y-n,best-companies-y-n,title
319,196152,-10.1,-2416,-401,40861,Transportation,Railroads,France,St. Denis,,no,no,no,no,no,yes,no,no,no,no,no,SNCF Mobilités
125,53149,-36.9,3372,-70.2,137974,Energy,Petroleum Refining,Malaysia,Kuala Lumpur,,no,no,no,yes,yes,no,no,yes,no,no,no,Petronas
124,5439,-8.5,6376,-17.1,1986050,Financials,Diversified Financials,U.S.,McLean,Virginia,no,no,no,no,yes,yes,no,yes,no,yes,no,Freddie Mac
123,209404,-19.8,-7946,,76846,Materials,Metals,Luxembourg,Luxembourg,,no,no,yes,yes,no,no,no,no,no,no,no,ArcelorMittal
122,17860,-1.6,160,-10.2,35187,Wholesalers,Trading,China,Tianjin,,no,no,no,no,yes,yes,no,no,no,no,no,Tewoo Group
121,121767,59.2,266,114.6,70682,Wholesalers,Trading,China,Beijing,,no,no,no,no,yes,yes,no,yes,no,no,no,COFCO
120,45440,-29.4,2852,13,43115,Energy,Petroleum Refining,U.S.,Findlay,Ohio,no,no,no,yes,yes,no,no,yes,no,yes,no,Marathon Petroleum
118,261500,-43,5810,-35.6,132236,Energy,Petroleum Refining,Russia,Moscow,,no,no,no,yes,yes,no,no,yes,no,no,no,Rosneft Oil
117,57553,-24.8,5464,327.8,910078,Financials,Banks: Commercial and Savings,Netherlands,Amsterdam,,no,no,no,yes,yes,no,no,no,no,no,no,ING Group
116,1500,-31.7,-1672,-1366.4,17074,Wholesalers,Trading,China,Hong Kong,,no,no,no,yes,no,no,no,no,no,no,no,Noble Group
115,109191,-5.8,4221,-16.2,351167,Financials,Banks: Commercial and Savings,Brazil,Brasília,,no,no,no,no,yes,yes,no,no,no,no,no,Banco do Brasil
114,73578,-0.4,3361,19.9,628296,Financials,"Insurance: Life, Health (Mutual)",Japan,Osaka,,no,no,no,no,yes,yes,no,no,no,no,no,Nippon Life Insurance
113,125300,-9.6,1231,,148366,Technology,"Electronics, Electrical Equip.",Japan,Tokyo,,no,no,yes,no,yes,yes,no,no,no,no,no,Sony
112,32300,-16.6,1849,-17.7,40157,"Food, Beverages & Tobacco",Food Production,U.S.,Chicago,Illinois,no,no,yes,yes,yes,no,no,no,no,yes,no,Archer Daniels Midland
111,265736,3.8,50,-87.2,72886,Retailing,General Merchandisers,Japan,Chiba,,no,no,no,no,yes,yes,no,yes,no,no,no,AEON
110,136655,12.7,1709,16.5,140783,Engineering & Construction,"Engineering, Construction",China,Beijing,,no,no,no,no,yes,yes,no,yes,no,no,no,China Communications Construction
109,110200,-31.7,4608,-46.4,179004,Energy,"Mining, Crude-Oil Production",China,Beijing,,no,no,no,yes,yes,no,no,no,no,no,no,China National Offshore Oil
108,450508,-12.1,1708,-37.8,41134,Transportation,"Mail, Package, and Freight Delivery",Germany,Bonn,,no,no,yes,no,yes,yes,no,yes,no,no,no,Deutsche Post
107,556850,1.6,-5060,,24014,Transportation,"Mail, Package, and Freight Delivery",U.S.,Washington,Washington DC,no,no,no,no,no,yes,yes,yes,no,no,no,U.S. Postal Service
106,43554,-15,3447,-17.6,300356,Financials,Insurance: Property and Casualty (Stock),Germany,Munich,,no,yes,no,yes,yes,no,no,yes,no,no,no,Munich Re Group
105,938494,6,4194,-9.6,1157379,Transportation,"Mail, Package, and Freight Delivery",China,Beijing,,no,no,no,no,yes,yes,no,yes,no,no,no,China Post Group
104,69000,-4.6,5310,-15.8,877933,Financials,"Insurance: Life, Health (stock)",U.S.,New York,New York,no,no,yes,no,yes,yes,no,yes,no,yes,no,MetLife
103,127100,-5.7,15409,-5.6,133411,Health Care,Pharmaceuticals,U.S.,New Brunswick,New Jersey,no,yes,yes,no,yes,yes,no,yes,no,yes,no,Johnson &amp; Johnson
102,238287,1.7,1488,,60348,Aerospace & Defense,Aerospace and Defense,China,Beijing,,no,no,no,no,yes,no,no,no,yes,no,no,China South Industries Group
101,203773,-16.7,769,346.6,30867,Food & Drug Stores,Food and Drug Stores,Germany,Düsseldorf,,no,no,no,yes,yes,no,no,no,no,no,no,Metro
200,196368,6,1170,9.2,77400,Engineering & Construction,"Engineering, Construction",China,Beijing,,no,no,no,no,yes,yes,no,no,no,no,no,PowerChina
199,330677,-18.8,3655,-51.8,375039,Financials,Banks: Commercial and Savings,Russia,Moscow,,no,no,no,yes,yes,no,no,yes,no,no,no,Sberbank
198,11463,18.6,257,-84,271668,Financials,"Insurance: Life, Health (Mutual)",U.S.,New York,New York,no,no,yes,no,yes,yes,no,no,no,yes,no,New York Life Insurance
197,126000,1.2,3605,-0.2,49128,Aerospace & Defense,Aerospace and Defense,U.S.,Bethesda,Maryland,no,no,yes,no,yes,yes,yes,yes,no,yes,no,Lockheed Martin
196,168114,-15.2,1437,13.6,48723,Materials,"Building Materials, Glass",France,Courbevoie,,no,no,no,yes,yes,no,no,no,no,no,no,Saint-Gobain
195,52016,14.4,7989,4.4,816016,Financials,Banks: Commercial and Savings,China,Fuzhou,,no,no,no,no,yes,yes,no,yes,no,no,no,Industrial Bank
194,112200,-14.8,2102,-43.1,78497,Industrials,Construction and Farm Machinery,U.S.,Peoria,Illinois,no,no,yes,yes,yes,no,no,no,no,yes,no,Caterpillar
193,75306,-28.1,1314,-43.5,1188816,Financials,Banks: Commercial and Savings,Britain,London,,no,no,no,yes,yes,no,no,no,no,no,no,Lloyds Banking Group
192,323035,4.1,1050,-49.9,37069,Transportation,"Mail, Package, and Freight Delivery",U.S.,Memphis,Tennessee,no,no,yes,no,yes,yes,no,yes,no,yes,no,FedEx
191,110936,-7.2,7925,-15.7,2654413,Financials,Banks: Commercial and Savings,Japan,Tokyo,,no,no,yes,no,yes,yes,no,no,no,no,no,Mitsubishi UFJ Financial Group
190,17683,9.6,1141,19.1,18559,Industrials,"Electronics, Electrical Equip.",China,Shenzhen,,no,no,no,no,yes,yes,no,yes,no,no,no,Amer International Group
189,76192,6.2,9181,1.2,843135,Financials,Banks: Commercial and Savings,China,Shenzhen,,no,no,no,no,yes,yes,no,yes,no,no,no,China Merchants Bank
188,51700,4.7,687,-26.3,17989,Wholesalers,Wholesalers: Food and Grocery,U.S.,Houston,Texas,no,no,no,no,yes,yes,no,yes,no,yes,no,Sysco
187,49495,-16.1,7685,103.7,68026,Chemicals,Chemicals,U.S.,Midland,Michigan,no,no,no,yes,yes,no,no,no,no,yes,no,Dow Chemical
186,97900,-1.5,6960,-23.8,167460,Health Care,Pharmaceuticals,U.S.,New York,New York,no,no,yes,no,yes,yes,no,yes,no,yes,no,Pfizer
185,238020,-4.5,1392,60.9,30785,"Food, Beverages & Tobacco",Food Production,Brazil,São Paulo,,no,no,no,no,yes,yes,no,yes,no,no,no,JBS
184,154906,-12.6,354,24.2,39838,Materials,Metals,Germany,Essen,,no,no,yes,yes,yes,no,no,no,no,no,no,ThyssenKrupp
183,71833,4.3,8981,14.4,113481,Technology,Network and Other Communications Equipment,U.S.,San Jose,California,no,no,yes,no,yes,yes,no,no,no,yes,yes,Cisco Systems
182,4740,-17.3,1254,-12.5,427672,Financials,"Insurance: Life, Health (stock)",France,Paris,,no,no,no,yes,yes,no,no,yes,no,no,no,CNP Assurances
181,129400,-8.1,-75,-159.8,1650561,Financials,Banks: Commercial and Savings,Britain,London,,no,no,no,no,no,yes,no,no,no,no,no,Barclays
180,77000,-12.3,110,-71,30977,Technology,"Electronics, Electrical Equip.",South Korea,Seoul,,no,no,no,yes,yes,no,no,no,no,no,no,LG Electronics
179,53993,-10,1334,-16.4,48216,Food & Drug Stores,Food and Drug Stores,Japan,Tokyo,,no,no,no,no,yes,yes,no,no,no,no,no,Seven &amp; I Holdings
178,120136,-7.7,3132,24.9,98415,Motor Vehicles & Parts,Motor Vehicles and Parts,France,Boulogne-Billancourt,,no,no,no,no,yes,yes,no,yes,no,no,no,Renault
177,42855,-18.3,1173,-71.4,121550,Energy,Utilities,Japan,Tokyo,,no,no,no,yes,yes,no,no,no,no,no,no,Tokyo Electric Power
176,197000,-9.5,1785,-20.7,19469,Food & Drug Stores,Food and Drug Stores,Australia,Bella Vista,,no,no,no,no,yes,yes,no,no,no,no,no,Woolworths
175,118700,-14.4,17783,74.2,131556,Health Care,Pharmaceuticals,Switzerland,Basel,,no,no,yes,yes,yes,no,no,no,no,no,no,Novartis
174,59762,-19.2,-80,-103.3,86173,Energy,Utilities,Germany,Essen,,no,no,no,yes,no,no,no,no,no,no,no,RWE
173,34327,-15.9,152,-74.8,68880,Materials,Metals,South Korea,Seoul,,no,no,yes,yes,yes,no,no,no,no,no,no,POSCO
172,41949,-4.5,11752,360.5,149499,Energy,Utilities,South Korea,Jeollanam-do,,no,no,no,no,yes,yes,no,yes,no,no,no,Korea Electric Power
171,205000,-9.2,2029,-17.8,31045,Food & Drug Stores,Food and Drug Stores,Australia,Perth,,no,no,no,no,yes,no,no,yes,no,no,no,Wesfarmers
170,330433,-20.3,-80,,45340,Food & Drug Stores,Food and Drug Stores,France,Paris,,no,no,no,yes,no,no,no,no,no,no,no,Finatis
169,188000,-14,-3832,,48348,Industrials,"Electronics, Electrical Equip.",Japan,Tokyo,,no,no,no,yes,no,no,no,no,no,no,no,Toshiba
168,42829,-22.2,1910,-86.2,124580,Energy,"Mining, Crude-Oil Production",Australia,Melbourne,,no,no,yes,yes,yes,no,no,no,no,no,no,BHP Billiton
167,91747,-3.9,9212,-9.7,75710,Health Care,Pharmaceuticals,Switzerland,Basel,,no,no,yes,no,yes,yes,no,yes,no,no,no,Roche Group
166,101104,-14.1,-7536,-441.6,1769561,Financials,Banks: Commercial and Savings,Germany,Frankfurt,,no,no,no,yes,no,no,no,yes,no,no,no,Deutsche Bank
165,116800,-6.4,4559,0.3,80289,Health Care,Pharmaceuticals,Germany,Leverkusen,,no,no,yes,no,yes,yes,no,no,no,no,no,Bayer
164,185000,7.5,8382,11.7,88182,Media,Entertainment,U.S.,Burbank,California,no,no,yes,no,yes,yes,no,yes,no,yes,no,Disney
163,140358,15.9,1121,-2.6,27049,Apparel,Miscellaneous,China,Shandong,,no,no,no,no,yes,yes,no,yes,no,no,no,Shandong Weiqiao Pioneering Group
162,50100,11.9,1276,11.2,24705,Health Care,Health Care: Insurance and Managed Care,U.S.,Louisville,Kentucky,no,no,yes,no,yes,yes,no,no,no,yes,no,Humana
161,34659,-26.3,1714,113.3,36550,Energy,Petroleum Refining,India,New Delhi,,no,no,no,yes,yes,no,no,no,no,no,no,Indian Oil
160,126000,8.6,1098,33.9,45852,Motor Vehicles & Parts,Motor Vehicles and Parts,China,Beijing,,no,no,no,no,yes,yes,no,yes,no,no,no,Beijing Automotive Group
159,90320,-28.4,7721,-15.7,322735,Financials,Banks: Commercial and Savings,Brazil,São Paulo,,no,no,no,yes,yes,no,no,no,no,no,no,Itaú Unibanco Holding
158,107300,-0.9,11420,-2.4,103065,Technology,Semiconductors and Other Electronic Components,U.S.,Santa Clara,California,no,yes,yes,no,yes,yes,no,yes,no,yes,no,Intel
157,17555,-13.9,211,-67.4,18592,"Food, Beverages & Tobacco",Food Production,Netherlands,Rotterdam,,no,no,no,yes,yes,no,no,no,no,no,no,Louis Dreyfus
156,194795,1.1,3764,-20.2,884429,Financials,Diversified Financials,China,Beijing,,no,no,no,no,yes,yes,no,yes,no,no,no,CITIC Group
155,102886,-18.5,3596,-6.7,1267090,Financials,Banks: Commercial and Savings,France,Paris,,no,no,no,yes,yes,no,no,no,no,no,no,Groupe BPCE
154,195475,-11.6,2209,-36.3,75081,Telecommunications,Telecommunications,Mexico,Mexico City,,no,no,no,no,yes,yes,no,yes,no,no,no,América Móvil
153,93770,4.8,10586,-0.9,1101910,Financials,Banks: Commercial and Savings,China,Shanghai,,no,no,no,no,yes,yes,no,no,no,no,no,Bank of Communications
152,49384,5.5,5642,308.5,757388,Financials,"Insurance: Life, Health (stock)",U.S.,Newark,New Jersey,no,no,yes,no,yes,yes,no,yes,no,yes,no,Prudential Financial
151,68247,-17.3,-1244,-134.2,132731,Wholesalers,Trading,Japan,Tokyo,,no,no,no,yes,no,no,no,no,no,no,no,Mitsubishi
150,66400,-9.4,2196,-70.8,496943,Financials,Insurance: Property and Casualty (Stock),U.S.,New York,New York,no,no,no,no,yes,yes,no,yes,no,yes,no,AIG
149,341240,0.2,4844,59.8,38311,Transportation,"Mail, Package, and Freight Delivery",U.S.,Atlanta,Georgia,no,no,yes,no,yes,yes,no,yes,no,yes,no,UPS
148,225000,5.1,2546,-5.6,31266,Retailing,Specialty Retailers,U.S.,Mooresville,North Carolina,no,no,yes,no,yes,yes,no,yes,no,yes,no,Lowe's
147,171000,-8,5445,-20.6,56806,Household Products,Household and Personal Products,Britain/Netherlands,London,,no,yes,yes,no,yes,yes,no,no,no,no,no,Unilever
146,24790,-32.2,582,-66.1,60439,Energy,Petroleum Refining,Thailand,Bangkok,,no,no,no,yes,yes,no,no,no,no,no,no,PTT
145,21581,-39.4,-4652,-233.9,109282,Energy,Petroleum Refining,Norway,Stavanger,,no,no,no,yes,no,no,no,no,no,no,no,Statoil
144,337737,-15.2,575,-24.5,38696,Food & Drug Stores,Food and Drug Stores,France,Croix,,no,no,no,yes,yes,no,no,yes,no,no,no,Auchan Holding
143,542236,-3.3,883,16.1,143814,Aerospace & Defense,Aerospace and Defense,China,Beijing,,no,no,no,no,yes,yes,no,yes,no,no,no,Aviation Industry Corp. of China
142,50100,4,2390,17.1,53424,Health Care,Health Care: Insurance and Managed Care,U.S.,Hartford,Connecticut,no,no,yes,no,yes,yes,no,yes,no,yes,no,Aetna
141,54335,-16.5,1842,-52.7,381972,Financials,Insurance: Property and Casualty (Stock),Switzerland,Zurich,,no,no,yes,yes,yes,no,no,no,no,no,no,Zurich Insurance Group
140,187347,-14.7,997,,53343,Motor Vehicles & Parts,Motor Vehicles and Parts,France,Paris,,no,no,no,yes,yes,no,no,no,no,no,no,Peugeot
139,53432,-24.8,-55,-109.8,54614,Wholesalers,Trading,China,Beijing,,no,no,no,yes,no,no,no,no,no,no,no,Sinochem Group
138,39914,-14.7,519,-46,63336,Wholesalers,Trading,Japan,Tokyo,,no,no,no,yes,yes,no,no,yes,no,no,no,Marubeni
137,129890,-8.8,3045,-23.5,133574,Telecommunications,Telecommunications,Spain,Madrid,,no,no,yes,no,yes,yes,no,yes,no,no,no,Telefónica
136,197200,-6.2,7608,22.3,87484,Aerospace & Defense,Aerospace and Defense,U.S.,Farmington,Connecticut,no,yes,yes,no,yes,yes,no,no,no,yes,no,United Technologies
135,54617,-7.4,1487,14.8,444251,Financials,"Insurance: Life, Health (stock)",Japan,Tokyo,,no,no,no,no,yes,yes,no,yes,no,no,no,Dai-ichi Life Insurance
134,241309,-6.1,803,10.4,51870,Aerospace & Defense,Aerospace and Defense,China,Beijing,,no,no,no,no,yes,yes,no,no,no,no,no,China North Industries Group
133,111684,-9.2,-6059,-165.4,192159,Telecommunications,Telecommunications,Britain,Newbury,,no,no,yes,no,no,yes,no,yes,no,no,no,Vodafone Group
132,417101,-0.6,1716,-15.8,118994,Telecommunications,Telecommunications,China,Beijing,,no,no,no,no,yes,yes,no,no,no,no,no,China Telecommunications
131,26339,-28.8,-2320,,59838,Energy,Petroleum Refining,Japan,Tokyo,,no,no,no,yes,no,no,no,no,no,no,no,JX Holdings
130,132083,-21.6,3253,-23.4,51325,Motor Vehicles & Parts,Motor Vehicles and Parts,China,Changchun,,no,no,no,yes,yes,no,no,no,no,no,no,China FAW Group
129,170000,34.4,5873,29.9,57311,Technology,Network and Other Communications Equipment,China,Shenzhen,,no,no,yes,no,yes,yes,no,no,no,no,no,Huawei Investment &amp; Holding
128,249520,-10.3,1610,-1.4,49804,Technology,"Electronics, Electrical Equip.",Japan,Osaka,,no,yes,yes,no,yes,yes,no,no,no,no,no,Panasonic
127,263000,-5.4,5452,-16.3,69667,"Food, Beverages & Tobacco",Food Consumer Products,U.S.,Purchase,New York,no,yes,yes,no,yes,yes,yes,no,no,yes,no,PepsiCo
126,23924,-36.2,3940,8,570300,Financials,"Insurance: Life, Health (stock)",Britain,London,,no,no,no,yes,yes,no,no,yes,no,no,no,Prudential
100,136574,-11.2,2991,-3.8,115877,Aerospace & Defense,Aerospace and Defense,Netherlands,Leiden,,no,no,yes,no,yes,yes,no,no,no,no,no,Airbus Group
99,351679,15.3,3205,20.1,42798,Engineering & Construction,"Engineering, Construction",China,Nanjing,,no,no,no,no,yes,yes,no,yes,no,no,no,Pacific Construction Group
98,130447,-38.3,-44904,,102830,Energy,"Mining, Crude-Oil Production",Mexico,Mexico City,,no,no,yes,yes,no,no,no,no,no,no,no,Pemex
97,341000,-1,3363,,40262,Retailing,General Merchandisers,U.S.,Minneapolis,Minnesota,no,no,yes,no,yes,yes,no,no,no,yes,no,Target
96,153000,8.3,8163,-2.6,166574,Telecommunications,Telecommunications,U.S.,Philadelphia,Pennsylvania,no,no,yes,no,yes,yes,no,yes,no,yes,no,Comcast
95,303301,-2.6,2223,30.5,98560,Energy,Utilities,China,Guangzhou,,no,no,no,no,yes,yes,no,no,no,no,no,China Southern Power Grid
94,61814,4.9,16348,15.6,147461,Technology,Internet Services and Retailing,U.S.,Mountain View,California,no,no,yes,no,yes,yes,no,yes,no,yes,yes,Alphabet
93,70425,6.4,6229,48.6,241183,Financials,Insurance: Property and Casualty (Mutual),U.S.,Bloomington,Illinois,no,no,yes,no,yes,yes,no,no,no,yes,no,State Farm Insurance Cos.
92,63591,-3,3950,-35,184261,Telecommunications,Telecommunications,Japan,Tokyo,,no,no,no,no,yes,yes,no,no,no,no,no,SoftBank Group
91,447348,2.3,2489,1.6,153154,Retailing,General Merchandisers,China,Hong Kong,,no,no,no,no,yes,yes,no,no,no,no,no,China Resources National
90,226000,-7.6,3610,-6.9,156326,Telecommunications,Telecommunications,Germany,Bonn,,no,no,yes,no,yes,yes,no,no,no,no,no,Deutsche Telekom
89,154935,-21.8,-5122,-258.2,174507,Energy,Energy,France,Courbevoie,,no,no,no,yes,no,no,yes,yes,no,no,no,Engie
88,108048,-20.7,4423,-35.3,76942,Chemicals,Chemicals,Germany,Ludwigshafen,,no,no,yes,yes,yes,no,no,no,no,no,no,BASF
87,374778,20.6,3542,10.8,83926,Motor Vehicles & Parts,Motor Vehicles and Parts,Germany,Stuttgart,,no,no,yes,no,yes,yes,no,yes,no,no,no,Robert Bosch
86,110000,-6.8,7036,-39.6,129495,Household Products,Household and Personal Products,U.S.,Cincinnati,Ohio,no,no,yes,no,yes,yes,no,no,no,yes,no,Procter &amp; Gamble
85,53000,7.2,2560,-0.4,61718,Health Care,Health Care: Insurance and Managed Care,U.S.,Indianapolis,Indiana,no,no,yes,no,yes,yes,no,yes,no,yes,no,Anthem
84,129315,-4.1,5675,-18.7,141063,Motor Vehicles & Parts,Motor Vehicles and Parts,South Korea,Seoul,,no,no,yes,no,yes,yes,no,yes,no,no,no,Hyundai Motor
83,10103,-34.5,3990,9.9,44343,Energy,Petroleum Refining,U.S.,San Antonio,Texas,no,no,yes,yes,yes,no,no,yes,no,yes,no,Valero Energy
82,411798,-12.4,13190,9.7,110495,Technology,Information Technology Services,U.S.,Armonk,New York,no,yes,yes,no,yes,no,yes,no,no,yes,no,IBM
81,191950,4.9,1480,-7.5,56688,Motor Vehicles & Parts,Motor Vehicles and Parts,China,Wuhan,,no,no,no,no,yes,yes,no,no,no,no,no,Dongfeng Motor Group
80,156312,-13.9,1317,-73.2,302986,Energy,Utilities,France,Paris,,no,no,no,yes,yes,no,no,yes,no,no,no,Électricité de France
79,335244,-6,1434,-27.5,111684,Industrials,"Electronics, Electrical Equip.",Japan,Tokyo,,no,no,yes,no,yes,yes,no,yes,no,no,no,Hitachi
78,67914,-16.5,2436,255.2,175073,Energy,Utilities,Italy,Rome,,no,no,no,yes,yes,no,no,no,no,no,no,Enel
77,71499,-20.8,3900,25.6,1661119,Financials,Banks: Commercial and Savings,France,Paris,,no,no,no,yes,yes,no,no,no,no,no,no,Crédit Agricole
76,106200,-30.5,4765,-53.6,68884,Energy,Petroleum Refining,Russia,Moscow,,no,no,no,yes,yes,no,no,no,no,no,no,Lukoil
201,128798,-0.6,-204,,53712,Materials,Metals,China,Shijiazhuang,,no,no,no,no,no,yes,no,no,no,no,no,HeSteel Group
202,60000,-3,-128,-115.5,24933,Technology,"Computers, Office Equipment",China,Hong Kong,,no,no,yes,no,no,yes,no,no,no,no,no,Lenovo Group
203,297202,-15,-1470,-214.7,60891,Transportation,Railroads,Germany,Berlin,,no,no,no,yes,no,no,no,yes,no,no,no,Deutsche Bahn
204,156191,-14.7,2942,139.7,99311,Telecommunications,Telecommunications,France,Paris,,no,no,no,yes,yes,no,no,no,no,no,no,Orange
205,104464,10.5,443,1,35156,Health Care,Pharmaceuticals,China,Beijing,,no,no,no,no,yes,yes,no,yes,no,no,no,Sinopharm
206,123200,-3.7,7351,3.6,90093,"Food, Beverages & Tobacco",Beverages,U.S.,Atlanta,Georgia,no,yes,yes,no,yes,yes,no,no,no,yes,no,Coca-Cola
75,191038,-15.7,6618,-14.2,1455790,Financials,Banks: Commercial and Savings,Spain,Madrid,,no,no,no,yes,yes,no,no,yes,no,no,no,Banco Santander
207,231299,-5.9,552,-14.5,94758,Telecommunications,Telecommunications,China,Shanghai,,no,no,no,no,yes,yes,no,yes,no,no,no,China United Network Communications
74,14000,-41.7,4227,-11.2,48580,Energy,Petroleum Refining,U.S.,Houston,Texas,no,no,yes,yes,yes,no,no,no,no,yes,no,Phillips 66
208,50348,-2.1,2326,-18.2,39222,Motor Vehicles & Parts,Motor Vehicles and Parts,South Korea,Seoul,,no,no,no,no,yes,yes,no,yes,no,no,no,Kia Motors
209,79782,-21.4,5439,-16.4,259596,Financials,Banks: Commercial and Savings,Brazil,Osasco,,no,no,no,yes,yes,no,no,no,no,no,no,Banco Bradesco
73,380920,-13.6,1087,-34.4,48982,Food & Drug Stores,Food and Drug Stores,France,Boulogne-Billancourt,,no,no,no,yes,yes,no,no,no,no,no,no,Carrefour
210,185452,-16.1,2270,-31.2,67504,Engineering & Construction,"Engineering, Construction",France,Rueil-Malmaison,,no,no,no,yes,yes,no,no,yes,no,no,no,Vinci
72,357835,-13.7,209,,61176,Food & Drug Stores,Food and Drug Stores,Britain,Welwyn Garden City,,no,no,no,yes,yes,no,no,no,no,no,no,Tesco
211,152321,-7.3,8273,-10.2,134635,"Food, Beverages & Tobacco",Beverages,Belgium,Leuven,,no,no,yes,no,yes,yes,no,no,no,no,no,Anheuser-Busch InBev
71,348000,-13.7,8338,14.4,134320,Industrials,"Electronics, Electrical Equip.",Germany,Munich,,no,yes,yes,yes,yes,no,no,no,no,no,no,Siemens
212,203500,8.7,2129,13.5,32744,Health Care,Health Care: Medical Facilities,U.S.,Nashville,Tennessee,no,no,yes,no,yes,yes,no,yes,no,yes,no,HCA Holdings
213,207899,-4.9,3025,-4,35666,Motor Vehicles & Parts,Motor Vehicles and Parts,Germany,Hanover,,no,no,yes,no,yes,yes,no,yes,no,no,no,Continental
70,231000,-2.6,17242,135.8,1731210,Financials,Banks: Commercial and Savings,U.S.,New York,New York,no,no,yes,no,yes,yes,no,no,no,yes,no,Citigroup
214,33000,-24,791,53.6,17922,"Food, Beverages & Tobacco",Food Production,U.S.,White Plains,New York,no,no,yes,yes,yes,no,no,no,no,no,no,Bunge
69,385000,6.4,7009,10.5,42549,Retailing,Specialty Retailers,U.S.,Atlanta,Georgia,no,no,yes,no,yes,yes,no,yes,no,yes,no,Home Depot
215,24930,-30.8,4221,9.5,91549,Energy,Petroleum Refining,India,Mumbai,,no,no,no,yes,yes,no,no,no,no,no,no,Reliance Industries
68,264000,-5.7,13522,-1.2,2409656,Financials,Banks: Commercial and Savings,Britain,London,,no,no,yes,no,yes,yes,no,no,no,no,no,HSBC Holdings
216,21118,-14.9,694,-20.6,31885,Energy,Utilities,Britain,Perth,,no,no,no,yes,yes,no,no,yes,no,no,no,SSE
67,264700,1.9,22894,-0.7,1787632,Financials,Banks: Commercial and Savings,U.S.,San Francisco,California,no,no,yes,no,yes,yes,no,yes,no,yes,no,Wells Fargo
217,142910,-8.8,775,82.7,149670,Energy,Energy,China,Beijing,,no,no,no,no,yes,yes,no,yes,no,no,no,China Huaneng Group
66,335000,-7.8,9423,-40.4,123905,"Food, Beverages & Tobacco",Food Consumer Products,Switzerland,Vevey,,no,yes,yes,no,yes,yes,no,no,no,no,no,Nestlé
218,27700,-7.4,215,-19.3,12307,Wholesalers,Wholesalers: Electronics and Office Equipment,U.S.,Irvine,California,no,no,yes,no,yes,yes,no,yes,no,yes,no,Ingram Micro
219,137968,-9.9,2931,-15.6,814735,Financials,Banks: Commercial and Savings,Spain,Bilbao,,no,no,no,no,yes,yes,no,yes,no,no,no,Banco Bilbao Vizcaya Argentaria
65,81954,-36.8,-9743,-668.9,146411,Energy,Petroleum Refining,Italy,Rome,,no,no,no,yes,no,no,no,no,no,no,no,ENI
220,38848,-11.7,-1141,,27794,Energy,Utilities,Britain,Windsor,,no,no,no,yes,no,no,no,yes,no,no,no,Centrica
64,213280,-2.2,15888,228.7,2144316,Financials,Banks: Commercial and Savings,U.S.,Charlotte,North Carolina,no,yes,yes,no,yes,yes,no,no,no,yes,no,Bank of America Corp.
221,59510,6.3,7337,1.5,696176,Financials,Banks: Commercial and Savings,China,Beijing,,no,no,no,no,yes,yes,no,no,no,no,no,China Minsheng Banking
222,129000,-2.6,945,19.9,17249,Food & Drug Stores,Food and Drug Stores,Netherlands,Zaandam,,no,no,no,no,yes,yes,no,yes,no,no,no,Royal Ahold
63,118000,7.8,12193,-44.8,176223,Technology,Computer Software,U.S.,Redmond,Washington,no,no,yes,no,yes,yes,no,no,no,yes,no,Microsoft
223,120413,-16.7,2002,-26.8,71511,Wholesalers,Trading,Japan,Osaka,,no,no,no,yes,yes,no,no,yes,no,no,no,Itochu
62,284100,-0.8,1106,-4.2,108671,Engineering & Construction,"Engineering, Construction",China,Beijing,,no,no,no,no,yes,yes,no,no,no,no,no,China Railway Construction
224,90807,-26,3038,83.1,734810,Financials,Banks: Commercial and Savings,Italy,Turin,,no,no,no,yes,yes,no,no,yes,no,no,no,Intesa Sanpaolo
225,30078,-24.4,1189,87.8,71189,Energy,Pipelines,U.S.,Dallas,Texas,no,no,no,yes,yes,no,no,yes,no,yes,no,Energy Transfer Equity
61,161400,5.9,5176,-5,94408,Aerospace & Defense,Aerospace and Defense,U.S.,Chicago,Illinois,no,no,yes,no,yes,yes,no,no,no,yes,no,Boeing
60,241450,-4.7,6145,30.4,187186,Telecommunications,Telecommunications,Japan,Tokyo,,no,no,yes,no,yes,yes,no,no,no,no,no,Nippon Telegraph &amp; Telephone
59,5248,-23.8,1236,18.9,39087,Wholesalers,Trading,Singapore,Singapore,,no,no,no,yes,yes,no,no,no,no,no,no,Trafigura Group
58,78470,-32.3,-8450,,230521,Energy,Petroleum Refining,Brazil,Rio de Janeiro,,no,no,no,yes,no,no,no,no,no,no,no,Petrobras
57,281824,-0.1,983,2.4,110319,Engineering & Construction,"Engineering, Construction",China,Beijing,,no,no,no,no,yes,yes,no,yes,no,no,no,China Railway Engineering
56,462400,-31.1,12882,212.3,233958,Energy,Energy,Russia,Moscow,,no,no,no,yes,yes,no,no,yes,no,no,no,Gazprom
55,234598,-1.1,24442,12.3,2351698,Financials,Banks: Commercial and Savings,U.S.,New York,New York,no,no,yes,no,yes,yes,no,no,no,yes,no,J.P. Morgan Chase
54,130732,16.1,4170,147.1,466302,Financials,"Insurance: Life, Health (stock)",China,Beijing,,no,no,no,no,yes,yes,no,no,no,no,no,China Life Insurance
53,152421,-1.9,4364,4.8,154597,Motor Vehicles & Parts,Motor Vehicles and Parts,Japan,Yokohama,,no,no,yes,no,yes,yes,no,yes,no,no,no,Nissan Motor
52,25900,0.9,2476,23.4,53243,Health Care,Miscellaneous,U.S.,St. Louis,Missouri,no,no,no,no,yes,yes,no,no,no,yes,no,Express Scripts Holding
51,122244,-4.1,7065,-8.1,187015,Motor Vehicles & Parts,Motor Vehicles and Parts,Germany,Munich,,no,no,yes,no,yes,yes,no,yes,no,no,no,BMW
50,34500,12.6,1215,4.2,30142,Wholesalers,Wholesalers: Health Care,U.S.,Dublin,Ohio,no,no,yes,no,yes,yes,no,yes,no,yes,no,Cardinal Health
49,76191,-13.7,2252,1.6,543696,Financials,"Insurance: Life, Health (stock)",Italy,Trieste,,no,no,no,yes,yes,no,no,no,no,no,no,Assicurazioni Generali
48,287000,-7.3,4554,-9.2,106882,Technology,"Computers, Office Equipment",U.S.,Palo Alto,California,no,no,yes,no,yes,yes,no,no,no,yes,no,HP
47,302500,35.4,4220,118.4,68782,Food & Drug Stores,Food and Drug Stores,U.S.,Deerfield,Illinois,no,no,yes,no,yes,yes,no,yes,no,yes,no,Walgreens Boots Alliance
46,92780,4.3,4741,4.4,78790,Motor Vehicles & Parts,Motor Vehicles and Parts,China,Shanghai,,no,no,no,no,yes,yes,no,yes,no,no,no,SAIC Motor
45,436651,-0.7,10144,-2.9,251113,Telecommunications,Telecommunications,China,Beijing,,no,no,no,no,yes,yes,no,yes,no,no,no,China Mobile Communications
44,230800,20.2,596,,65444,Technology,Internet Services and Retailing,U.S.,Seattle,Washington,no,no,yes,no,yes,yes,no,yes,no,yes,no,Amazon.com
43,151149,-8.9,4438,24.3,1449415,Financials,Banks: Commercial and Savings,France,Paris,,no,no,no,no,yes,yes,no,no,no,no,no,Société Générale
42,431000,1.3,2039,18,33897,Food & Drug Stores,Food and Drug Stores,U.S.,Cincinnati,Ohio,no,no,yes,no,yes,yes,no,yes,no,yes,no,Kroger
41,275011,28.2,8625,35.3,733824,Financials,"Insurance: Life, Health (stock)",China,Shenzhen,,no,no,no,no,yes,yes,no,yes,no,no,no,Ping An Insurance
40,7300,-5.2,10954,-22.9,3221917,Financials,Diversified Financials,U.S.,Washington,District of Columbia,no,no,no,no,yes,yes,no,no,no,yes,no,Fannie Mae
39,181551,-10.3,7426,3465.4,2166092,Financials,Banks: Commercial and Savings,France,Paris,,no,no,no,no,yes,yes,no,yes,no,no,no,BNP Paribas
38,161000,3.2,2377,15.5,33440,Retailing,Specialty Retailers,U.S.,Issaquah,Washington,no,no,yes,no,yes,yes,no,yes,no,yes,no,Costco
37,250876,-8.4,3548,-19.2,2597856,Financials,"Insurance: Life, Health (stock)",Japan,Tokyo,,no,no,yes,no,yes,yes,no,yes,no,no,no,Japan Post Holdings
36,208399,0.3,2870,-38.1,162211,Motor Vehicles & Parts,Motor Vehicles and Parts,Japan,Tokyo,,no,no,yes,no,yes,yes,no,yes,no,no,no,Honda Motor
35,310042,1.1,27186,-1.2,2589565,Financials,Banks: Commercial and Savings,China,Beijing,,no,no,no,no,yes,yes,no,yes,no,no,no,Bank of China
34,142459,-10.2,7339,-11.1,922121,Financials,Insurance: Property and Casualty (Stock),Germany,Munich,,no,no,yes,yes,yes,no,no,no,no,no,no,Allianz
33,98279,-19.8,6231,-6.5,963535,Financials,"Insurance: Life, Health (stock)",France,Paris,,no,no,no,yes,yes,no,no,yes,no,no,no,AXA
32,56490,-14.6,-7764,,123493,Energy,Energy,Germany,Essen,,no,no,no,yes,no,no,no,no,no,no,no,E.ON
31,61500,-35.7,4587,-76.2,266103,Energy,Petroleum Refining,U.S.,San Ramon,California,no,no,yes,yes,yes,no,no,no,no,yes,no,Chevron
30,177700,3.6,17879,85.8,244640,Telecommunications,Telecommunications,U.S.,New York,New York,no,no,yes,no,yes,yes,no,yes,no,yes,no,Verizon
29,508726,2.6,28735,-1.3,2739835,Financials,Banks: Commercial and Savings,China,Beijing,,no,no,no,no,yes,yes,no,yes,no,no,no,Agricultural Bank of China
28,17000,13.7,-135,-148.8,27736,Wholesalers,Wholesalers: Health Care,U.S.,Chesterbrook,Pennsylvania,no,no,yes,no,no,yes,no,yes,no,yes,no,AmerisourceBergen
27,241474,7.9,2251,8.3,166279,Engineering & Construction,"Engineering, Construction",China,Beijing,,no,no,no,no,yes,yes,no,no,no,no,no,China State Construction Engineering
26,333000,-5.3,-6126,-140.2,492692,Industrials,Industrial Machinery,U.S.,Fairfield,Connecticut,no,yes,yes,yes,no,no,no,yes,no,yes,no,General Electric
226,76500,-2.1,1684,-26.4,40669,Motor Vehicles & Parts,Motor Vehicles and Parts,India,Mumbai,,no,no,no,no,yes,yes,no,yes,no,no,no,Tata Motors
227,48427,8.7,8052,5.5,776819,Financials,Banks: Commercial and Savings,China,Shanghai,,no,no,no,no,yes,yes,no,yes,no,no,no,Shanghai Pudong Development Bank
228,113208,-0.3,2840,46.9,66879,Apparel,Apparel,France,Paris,,no,no,no,no,yes,yes,no,yes,no,no,no,Christian Dior
229,23055,20.6,603,7.5,14201,Energy,Energy,China,Shanghai,,no,no,no,no,yes,yes,no,yes,no,no,no,CEFC China Energy
230,27971,-40.9,1420,-5.6,45519,Energy,Petroleum Refining,Indonesia,Jakarta,,no,no,no,yes,yes,no,no,yes,no,no,no,Pertamina
231,40617,-2.1,1512,22,180670,Financials,Insurance: Property and Casualty (Stock),Japan,Tokyo,,no,no,no,no,yes,yes,no,yes,no,no,no,MS&amp;AD Insurance Group Holdings
232,293459,-0.9,1867,-32.8,448658,Financials,Banks: Commercial and Savings,India,Mumbai,,no,no,no,no,yes,yes,yes,no,no,no,no,State Bank of India
233,115631,-8.4,4756,-18.3,111141,Health Care,Pharmaceuticals,France,Paris,,no,no,no,no,yes,yes,no,yes,no,no,no,Sanofi
234,129836,-1,-132,,57366,Chemicals,Chemicals,China,Beijing,,no,no,no,no,no,yes,no,yes,no,no,no,ChemChina
25,1060000,1.6,4627,7.4,70287,Technology,"Electronics, Electrical Equip.",Taiwan,New Taipei City,,no,no,no,no,yes,yes,no,no,no,no,no,Hon Hai Precision Industry
235,113000,10.1,1220,41.2,23004,"Food, Beverages & Tobacco",Food Production,U.S.,Springdale,Arkansas,no,no,yes,no,yes,yes,no,no,no,yes,no,Tyson Foods
24,96019,-32.4,5087,19.9,224484,Energy,Petroleum Refining,France,Courbevoie,,no,no,yes,yes,yes,no,no,no,no,no,no,Total
236,118500,-3.9,7610,164.1,48415,Transportation,Airlines,U.S.,Fort Worth,Texas,no,no,no,no,yes,yes,no,yes,no,yes,no,American Airlines Group
23,281450,10.8,13345,114.4,402672,Telecommunications,Telecommunications,U.S.,Dallas,Texas,no,no,yes,no,yes,yes,no,yes,no,yes,no,AT&amp;T
237,35195,-18.1,-1194,,42423,Industrials,Industrial Machinery,South Korea,Ulsan,,no,no,no,yes,no,no,no,no,no,no,no,Hyundai Heavy Industries
22,369183,3.7,36303,-1.8,2825781,Financials,Banks: Commercial and Savings,China,Beijing,,no,no,no,no,yes,yes,no,no,no,no,no,China Construction Bank
238,92504,-19.9,1211,-37.9,57173,Materials,Metals,Japan,Tokyo,,no,no,yes,yes,yes,no,no,yes,no,no,no,Nippon Steel &amp; Sumitomo Metal
21,199000,3.8,7373,131.3,224925,Motor Vehicles & Parts,Motor Vehicles and Parts,U.S.,Dearborn,Michigan,no,no,no,no,yes,yes,no,yes,no,yes,no,Ford Motor
239,82949,0.8,4526,586.8,53134,Transportation,Airlines,U.S.,Atlanta,Georgia,no,no,yes,no,yes,yes,no,yes,no,yes,no,Delta Air Lines
20,215000,-2.3,9687,145.3,194520,Motor Vehicles & Parts,Motor Vehicles and Parts,U.S.,Detroit,Michigan,no,no,yes,no,yes,yes,yes,no,no,yes,no,General Motors
240,88355,-19.9,791,-84.2,62408,Transportation,Shipping,Denmark,Copenhagen,,no,no,no,yes,yes,no,no,no,no,no,no,Maersk Group
19,303247,-5.9,825,92.6,170419,Financials,Diversified Financials,Italy,Turin,,no,no,no,no,yes,no,no,no,no,no,no,EXOR Group
241,34032,10.9,581,34.5,185306,Financials,Insurance: Property and Casualty (Mutual),U.S.,Columbus,Ohio,no,no,no,no,yes,yes,no,yes,no,yes,no,Nationwide
18,199000,10,5237,12.8,93657,Food & Drug Stores,Food and Drug Stores,U.S.,Woonsocket,Rhode Island,no,yes,yes,no,yes,yes,no,yes,no,yes,no,CVS Health
242,139000,-8.3,1563,28.6,29673,Motor Vehicles & Parts,Motor Vehicles and Parts,U.S.,Milwaukee,Wisconsin,no,no,yes,no,yes,yes,no,no,no,yes,no,Johnson Controls
17,200000,20.4,5813,3.5,111383,Health Care,Health Care: Insurance and Managed Care,U.S.,Minnetonka,Minnesota,no,no,yes,no,yes,yes,no,yes,no,yes,no,UnitedHealth Group
16,284015,-3.8,9345,1.2,235886,Motor Vehicles & Parts,Motor Vehicles and Parts,Germany,Stuttgart,,no,no,yes,no,yes,yes,no,yes,no,no,no,Daimler
243,73652,-9.9,5387,-21.4,1660312,Financials,Banks: Commercial and Savings,Japan,Tokyo,,no,no,no,no,yes,no,no,yes,no,no,no,Sumitomo Mitsui Financial Group
15,466346,2.5,44098,-1.5,3420257,Financials,Banks: Commercial and Savings,China,Beijing,,no,no,no,no,yes,yes,no,yes,no,no,no,Industrial &amp; Commercial Bank of China
244,125000,-5.2,897,-27.3,13519,Retailing,Specialty Retailers,U.S.,Richfield,Minnesota,no,no,yes,no,yes,yes,no,no,no,yes,no,Best Buy
245,43611,-19.3,-695,-124.9,97086,Wholesalers,Trading,Japan,Tokyo,,no,no,no,yes,no,no,no,no,no,no,no,Mitsui
14,102388,-22.9,-4964,-315.1,128485,Energy,"Mining, Crude-Oil Production",Switzerland,Baar,,no,no,yes,yes,no,no,no,no,no,no,no,Glencore
13,319000,-9.4,16532,-24.6,206585,Technology,"Electronics, Electrical Equip.",South Korea,Suwon,,no,no,yes,no,yes,no,no,yes,no,no,no,Samsung Electronics
246,68000,-6.5,4442,-62.7,101779,Health Care,Pharmaceuticals,U.S.,Kenilworth,New Jersey,no,no,yes,no,yes,yes,no,no,no,yes,no,Merck
247,40000,-21.3,5004,-19.6,87446,Chemicals,Chemicals,Saudi Arabia,Riyadh,,no,no,no,yes,yes,no,no,no,no,no,no,SABIC
12,68000,6.2,2258,53,56563,Wholesalers,Wholesalers: Health Care,U.S.,San Francisco,California,no,no,yes,no,yes,yes,no,no,no,yes,no,McKesson
11,331000,8.3,24083,21.2,552257,Financials,Insurance: Property and Casualty (Stock),U.S.,Omaha,Nebraska,no,no,yes,no,yes,yes,no,yes,no,yes,no,Berkshire Hathaway
248,156515,-8.7,723,-43.3,28709,Technology,Information Technology Services,Japan,Tokyo,,no,no,yes,no,yes,yes,no,no,no,no,no,Fujitsu
10,79800,-37,-6482,-271.5,261832,Energy,Petroleum Refining,Britain,London,,no,no,yes,yes,no,no,no,no,no,no,no,BP
249,50000,-0.9,514,-72,121707,Financials,Insurance: Property and Casualty (Stock),U.S.,Boston,Massachusetts,no,no,no,no,yes,yes,no,no,no,yes,no,Liberty Mutual Insurance Group
9,110000,27.9,53394,35.1,290479,Technology,"Computers, Office Equipment",U.S.,Cupertino,California,no,no,yes,no,yes,yes,no,yes,no,yes,no,Apple
250,25917,-27.9,-1361,-163.7,68514,Energy,Petroleum Refining,Spain,Madrid,,no,no,no,yes,no,no,no,yes,no,no,no,Repsol
8,348877,-4.5,19264,-2.5,422029,Motor Vehicles & Parts,Motor Vehicles and Parts,Japan,Toyota,,no,no,yes,no,yes,yes,no,yes,no,no,no,Toyota Motor
7,610076,-11.9,-1520,-110.4,414858,Motor Vehicles & Parts,Motor Vehicles and Parts,Germany,Wolfsburg,,no,no,yes,no,no,yes,no,yes,no,no,no,Volkswagen
6,75600,-35.6,16150,-50.3,336758,Energy,Petroleum Refining,U.S.,Irving,Texas,no,no,yes,yes,yes,no,no,no,no,yes,no,Exxon Mobil
251,91761,10.3,2821,57.3,142270,Financials,"Insurance: Life, Health (stock)",China,Shanghai,,no,no,no,no,yes,yes,no,yes,no,no,no,China Pacific Insurance (Group)
252,36800,-2.2,6083,-28.2,861395,Financials,Banks: Commercial and Savings,U.S.,New York,New York,no,no,yes,no,yes,yes,no,yes,no,yes,yes,Goldman Sachs Group
5,90000,-36.9,1939,-87,340157,Energy,Petroleum Refining,Netherlands,The Hague,,no,no,yes,yes,yes,no,no,no,no,no,no,Royal Dutch Shell
253,31530,-36.5,789,-21.4,453135,Financials,"Insurance: Life, Health (stock)",Netherlands,The Hague,,no,no,no,yes,yes,no,no,yes,no,no,no,Aegon
254,92000,-10,1056,-8.7,37939,"Food, Beverages & Tobacco",Food Production,Singapore,Singapore,,no,no,yes,yes,yes,no,no,no,no,no,no,Wilmar International
255,127362,-24.3,805,-15.4,38321,Engineering & Construction,"Engineering, Construction",Spain,Madrid,,no,no,no,yes,yes,no,no,no,no,no,no,ACS
4,810538,-34.1,3595,-30.6,317006,Energy,Petroleum Refining,China,Beijing,,no,no,no,yes,yes,no,no,no,no,no,no,Sinopec Group
256,129000,-4.3,4768,12.5,49316,Industrials,"Electronics, Electrical Equip.",U.S.,Morris Plains,New Jersey,no,no,yes,no,yes,yes,no,yes,no,yes,no,Honeywell International
257,60099,1.7,6448,63.5,942160,Financials,Banks: Commercial and Savings,Switzerland,Zurich,,no,no,no,no,yes,yes,no,no,no,no,no,UBS Group
258,11593,13.9,1425,7.4,266550,Financials,"Insurance: Life, Health (Mutual)",U.S.,Springfield,Massachusetts,no,no,no,no,yes,yes,no,yes,no,yes,no,Massachusetts Mutual Life Insurance
259,196251,13.6,750,55.1,14497,Technology,"Computers, Office Equipment",Taiwan,Taipei,,no,no,no,no,yes,yes,no,no,no,no,no,Pegatron
260,132000,-0.1,9938,-9.3,110903,Technology,Computer Software,U.S.,Redwood City,California,no,no,no,no,yes,yes,yes,yes,no,yes,no,Oracle
261,36902,-3.1,2120,-5.8,194477,Financials,Insurance: Property and Casualty (Stock),Japan,Tokyo,,no,no,no,no,yes,yes,no,yes,no,no,no,Tokio Marine Holdings
3,1589508,-30.2,7091,-56.7,621242,Energy,Petroleum Refining,China,Beijing,,no,no,no,no,yes,yes,no,no,no,no,no,China National Petroleum
262,133799,-16.4,-851,,74973,Materials,Metals,China,Beijing,,no,no,no,yes,no,no,no,no,no,no,no,Aluminum Corp. of China
263,56218,-0.1,6127,76.7,787465,Financials,Banks: Commercial and Savings,U.S.,New York,New York,no,no,yes,no,yes,yes,no,yes,no,yes,no,Morgan Stanley
264,39300,8.5,2094,-0.4,57088,Health Care,Health Care: Insurance and Managed Care,U.S.,Bloomfield,Connecticut,no,no,yes,no,yes,yes,no,yes,no,yes,no,Cigna
265,84000,-2.7,7340,548.4,40861,Transportation,Airlines,U.S.,Chicago,Illinois,no,no,yes,no,yes,yes,no,no,no,yes,no,United Continental Holdings
2,927839,-2.9,10201,4.1,478539,Energy,Utilities,China,Beijing,,no,no,no,no,yes,yes,no,yes,no,no,no,State Grid
266,186963,6.7,1881,7.1,48000,Industrials,Industrial Machinery,China,Beijing,,no,no,no,no,yes,no,no,no,yes,no,no,CRRC
267,128372,1.7,-228,,31673,Energy,"Mining, Crude-Oil Production",China,Xingtai,,no,no,no,no,no,yes,no,no,no,no,no,Jizhong Energy Group
268,151775,-3.9,2035,-13.4,44874,Motor Vehicles & Parts,Motor Vehicles and Parts,Japan,Kariya,,no,no,yes,no,yes,yes,no,yes,no,no,no,Denso
269,45948,-7.3,7537,-4.9,671156,Financials,Banks: Commercial and Savings,Australia,Sydney,,no,no,no,no,yes,no,no,yes,no,no,no,Commonwealth Bank of Australia
270,208432,-28.7,1391,-68.2,143436,Energy,"Mining, Crude-Oil Production",China,Beijing,,no,no,no,yes,yes,no,no,no,no,no,no,Shenhua Group
271,31834,-4.2,4119,14.4,51675,Telecommunications,Telecommunications,Japan,Tokyo,,no,no,no,yes,yes,no,no,yes,no,no,no,KDDI
1,2300000,-0.7,14694,-10.2,199581,Retailing,General Merchandisers,U.S.,Bentonville,Arkansas,no,yes,yes,no,yes,no,no,yes,no,yes,no,Walmart
272,93983,-10.1,1786,483.8,44394,Motor Vehicles & Parts,Motor Vehicles and Parts,Sweden,Göteborg,,no,no,yes,yes,yes,no,no,no,no,no,no,Volvo
273,440000,-7.3,1797,5.1,66955,Retailing,Specialty Retailers,China,Hong Kong,,no,no,no,no,yes,yes,no,yes,no,no,no,Jardine Matheson
274,196000,-7.8,412,261.3,27217,Food & Drug Stores,Food and Drug Stores,Canada,"Toronto, Ontario",,no,no,no,no,yes,yes,no,yes,no,no,no,George Weston
275,124310,-24.2,399,-58.2,81516,Materials,Metals,China,Shanghai,,no,no,yes,yes,yes,no,no,no,no,no,no,Baosteel Group
276,135160,-6.9,1903,-10.8,36127,Industrials,"Electronics, Electrical Equip.",Japan,Tokyo,,no,no,no,no,yes,yes,no,yes,no,no,no,Mitsubishi Electric
277,46000,2.9,-252,,124219,Financials,"Insurance: Life, Health (stock)",South Korea,Seoul,,no,no,no,no,no,yes,no,yes,no,no,no,Hanwha
278,101255,-3.5,12867,183.6,78763,Health Care,Pharmaceuticals,Britain,Brentford,,no,yes,no,no,yes,yes,no,yes,no,no,no,GlaxoSmithKline
279,29639,-49.4,1403,-45.7,571610,Financials,"Insurance: Life, Health (stock)",Britain,London,,no,no,no,yes,yes,no,no,yes,no,no,no,Aviva
280,120254,-18.2,447,-58.2,36752,Engineering & Construction,"Engineering, Construction",France,Paris,,no,no,no,yes,yes,no,no,no,no,no,no,Bouygues
281,181781,10,1308,20.3,68229,Industrials,Industrial Machinery,China,Beijing,,no,no,no,no,yes,yes,no,yes,no,no,no,China Shipbuilding Industry
282,12767,-4.4,4597,31.3,196135,Financials,Insurance: Property and Casualty (Stock),Switzerland,Zurich,,no,no,yes,no,yes,yes,no,yes,no,no,no,Swiss Re
283,41350,1.2,2171,-23.8,104656,Financials,Insurance: Property and Casualty (Stock),U.S.,Northbrook,Illinois,no,no,yes,no,yes,yes,no,yes,no,yes,no,Allstate
284,41045,-14.9,1783,-26.1,348499,Financials,"Insurance: Life, Health (Mutual)",Japan,Tokyo,,no,no,no,yes,yes,no,no,yes,no,no,no,Meiji Yasuda Life Insurance
285,103158,-10.7,1884,2481.7,35260,Transportation,Airlines,Germany,Cologne,,no,no,yes,no,yes,no,no,yes,no,no,no,Lufthansa Group
286,135800,-10.9,1933,-25.5,41356,Industrials,Industrial Machinery,Switzerland,Zurich,,no,no,yes,yes,yes,no,no,no,no,no,no,ABB
287,95000,-27,2072,-61.9,68005,Energy,"Oil and Gas Equipment, Services",U.S.,Houston,Texas,no,no,no,yes,yes,no,no,no,no,no,no,Schlumberger
288,108300,-7.5,709,,24392,Food & Drug Stores,Food and Drug Stores,Britain,London,,no,no,no,no,yes,yes,no,yes,no,no,no,J. Sainsbury
289,20334,-10,814,-20.2,165928,Financials,Insurance: Property and Casualty (Stock),Germany,Hanover,,no,no,no,no,yes,yes,no,yes,no,no,no,Talanx
290,136104,-1.4,384,36.8,54555,Engineering & Construction,"Engineering, Construction",China,Beijing,,no,no,no,no,yes,yes,no,no,no,no,no,China Metallurgical Group
291,12735,2.8,1214,25.6,517963,Financials,"Insurance: Life, Health (Mutual)",U.S.,New York,New York,no,no,yes,no,yes,yes,no,yes,no,yes,no,TIAA
292,48200,-11.3,-3060,-249.3,820231,Financials,Banks: Commercial and Savings,Switzerland,Zurich,,no,no,no,yes,no,no,no,yes,no,no,no,Credit Suisse Group
293,116722,-11.6,767,,40260,Industrials,Industrial Machinery,China,Beijing,,no,no,no,yes,yes,no,no,no,no,no,no,Sinomach
294,83000,1418.7,4728,3810.3,82431,Energy,Petroleum Refining,South Korea,Seoul,,no,no,no,no,yes,no,no,no,yes,no,no,SK Holdings
295,27169,-12.5,2686,-13,113686,Energy,Utilities,Spain,Bilbao,,no,no,no,yes,yes,no,no,no,no,no,no,Iberdrola
296,54938,-26.9,-866,-113.3,91564,Energy,"Mining, Crude-Oil Production",Britain,London,,no,no,yes,yes,no,no,no,no,no,no,no,Rio Tinto Group
297,72839,-9.7,7979,-2.4,821134,Financials,Banks: Commercial and Savings,Canada,"Toronto, Ontario",,no,no,no,no,yes,yes,no,no,no,no,no,Royal Bank of Canada
298,1231,1.8,56,188.6,5070,Financials,Diversified Financials,U.S.,New York,New York,no,no,no,no,yes,yes,no,yes,no,yes,no,INTL FCStone
299,12511,-18.9,781,-27.8,15228,"Food, Beverages & Tobacco",Food Production,U.S.,Inver Grove Heights,Minnesota,no,no,no,yes,yes,no,no,yes,no,yes,no,CHS
300,125510,-21.1,1879,-29.4,934603,Financials,Banks: Commercial and Savings,Italy,Milan,,no,no,no,yes,yes,no,no,no,no,no,no,UniCredit Group
301,80000,-9,933,15,10838,Retailing,Specialty Retailers,Canada,"Laval, Quebec",,no,no,no,no,yes,yes,no,no,no,no,no,Alimentation Couche-Tard
302,54800,-4.3,5163,-12.3,161184,Financials,Diversified Financials,U.S.,New York,New York,no,no,yes,no,yes,yes,no,yes,no,yes,yes,American Express
303,67426,3.6,498,75.2,26847,Motor Vehicles & Parts,Motor Vehicles and Parts,China,Guangzhou,,no,no,no,no,yes,yes,no,yes,no,no,no,Guangzhou Automobile Industry Group
304,41826,-18.1,4963,1.9,670542,Financials,Banks: Commercial and Savings,Australia,Docklands,,no,yes,no,yes,yes,no,no,no,no,no,no,National Australia Bank
305,142798,-9.8,612,117.8,190993,Financials,"Insurance: Life, Health (stock)",Italy,Rome,,no,no,no,no,yes,yes,no,no,no,no,no,Poste Italiane
306,128975,-7.6,2013,7,19706,Motor Vehicles & Parts,Motor Vehicles and Parts,Canada,"Aurora, Ontario",,no,no,no,no,yes,yes,no,no,no,no,no,Magna International
307,83932,-7.2,532,-47.1,48868,Industrials,Industrial Machinery,Japan,Tokyo,,no,no,yes,no,yes,yes,no,yes,no,no,no,Mitsubishi Heavy Industries
308,66860,-2.4,621,,69566,Wholesalers,Trading,Japan,Tokyo,,no,no,no,no,yes,yes,no,no,no,no,no,Sumitomo
309,169823,9.6,540,38.8,41840,Engineering & Construction,"Engineering, Construction",China,Beijing,,no,no,no,no,yes,yes,no,no,no,no,no,China Energy Engineering Group
310,25216,-3.4,2702,-16.9,32223,Motor Vehicles & Parts,Motor Vehicles and Parts,South Korea,Seoul,,no,no,no,no,yes,yes,no,yes,no,no,no,Hyundai Mobis
311,25621,-22.3,1096,21.2,92466,Financials,Real estate,China,Shanghai,,no,no,no,yes,yes,no,no,no,no,no,no,Greenland Holding Group
312,358000,3.3,3054,3.8,18266,Technology,Information Technology Services,Ireland,Dublin,,no,yes,yes,no,yes,yes,no,yes,no,no,yes,Accenture
313,59500,16.9,2114,43.3,538517,Financials,Banks: Commercial and Savings,China,Beijing,,no,no,no,no,yes,yes,no,yes,no,no,no,China Everbright Group
314,36710,-18.8,142,-50.1,25068,Materials,Metals,China,Zhangjiagang,,no,no,no,yes,yes,no,no,no,no,no,no,Jiangsu Shagang Group
315,13000,-28.2,4476,7.2,22757,Chemicals,Chemicals,Netherlands,Rotterdam,,no,no,no,yes,yes,no,no,no,no,no,no,LyondellBasell Industries
316,8000,31.1,18108,49.6,51839,Health Care,Pharmaceuticals,U.S.,Foster City,California,yes,yes,yes,no,yes,yes,no,yes,no,yes,no,Gilead Sciences
317,180000,5.9,1965,13.2,16359,Food & Drug Stores,Food and Drug Stores,U.S.,Lakeland,Florida,no,no,yes,no,yes,yes,no,yes,no,yes,yes,Publix Super Markets
318,64487,-5.6,456,3.8,19554,Materials,Metals,China,Beijing,,no,no,no,no,yes,yes,no,no,no,no,no,Xinxing Cathay International Group
320,138269,32.4,1080,25.7,32947,Motor Vehicles & Parts,Motor Vehicles and Parts,Germany,Friedrichshafen,,no,no,yes,no,yes,yes,no,yes,no,no,no,ZF Friedrichshafen
321,346800,-14.2,277,-15.7,6791,Wholesalers,Wholesalers: Food and Grocery,Germany,Hamburg,,no,no,no,yes,yes,no,no,yes,no,no,no,Edeka Zentrale
322,164365,-7.9,-166,,39738,Energy,"Mining, Crude-Oil Production",China,Datong,,no,no,no,no,no,yes,no,no,no,no,no,Datong Coal Mine Group
323,90653,-39.1,-1680,,54493,Materials,Metals,China,Beijing,,no,no,yes,yes,no,no,no,no,no,no,no,China Minmetals
324,68988,-4.2,387,-30.1,36141,Chemicals,Chemicals,Japan,Tokyo,,no,no,no,no,yes,yes,no,yes,no,no,no,Mitsubishi Chemical Holdings
325,135225,1.2,-367,-133.8,45024,Energy,"Mining, Crude-Oil Production",China,Xi'an,,no,no,no,no,no,yes,no,no,no,no,no,Shaanxi Yanchang Petroleum (Group)
326,90167,3.8,562,-9.9,16186,Technology,"Computers, Office Equipment",Taiwan,Taoyuan,,no,no,no,no,yes,yes,no,no,no,no,no,Quanta Computer
327,171690,-22,-142,-129.8,66627,Materials,"Building Materials, Glass",China,Beijing,,no,no,no,yes,no,no,no,no,no,no,no,China National Building Materials Group
328,26258,-6.6,-57,-208.2,17195,Energy,"Mining, Crude-Oil Production",China,Guixi,,no,no,no,no,no,yes,no,no,no,no,no,Jiangxi Copper
329,127875,-4.7,176,-22.9,38158,Technology,"Electronics, Electrical Equip.",China,Beijing,,no,no,no,no,yes,yes,no,yes,no,no,no,China Electronics
330,99900,2,2965,17.1,31997,Aerospace & Defense,Aerospace and Defense,U.S.,Falls Church,Virginia,no,no,yes,no,yes,yes,yes,yes,no,yes,no,General Dynamics
331,109431,-8.8,1213,12.2,117240,Energy,Utilities,China,Beijing,,no,no,no,no,yes,yes,no,no,no,no,no,China Huadian
332,189571,-10.8,1820,-24.4,36812,Technology,"Computers, Office Equipment",Japan,Tokyo,,no,no,yes,no,yes,yes,no,no,no,no,no,Canon
333,144303,-9.8,2349,-17.3,31558,Motor Vehicles & Parts,Motor Vehicles and Parts,Japan,Tokyo,,no,no,no,no,yes,yes,no,no,no,no,no,Bridgestone
334,28213,-19.6,1571,-31.6,443540,Financials,Banks: Commercial and Savings,Germany,Frankfurt,,no,no,no,yes,yes,no,no,yes,no,no,no,DZ Bank
335,42115,-4.6,551,-51.7,282942,Financials,"Insurance: Life, Health (Mutual)",Japan,Osaka,,no,no,no,no,yes,yes,no,no,no,no,no,Sumitomo Life Insurance
336,35241,-12.6,6274,-9.8,570215,Financials,Banks: Commercial and Savings,Australia,Sydney,,no,no,no,yes,yes,no,no,no,no,no,no,Westpac Banking
337,218602,-25.8,76,12.8,40194,Energy,"Mining, Crude-Oil Production",China,Taiyuan,,no,no,no,yes,yes,no,no,no,no,no,no,Shanxi Coking Coal Group
338,216000,6.4,2278,2.8,11500,Retailing,Specialty Retailers,U.S.,Framingham,Massachusetts,no,no,yes,no,yes,yes,no,yes,no,yes,no,TJX
339,15900,-44.8,-4428,-164.5,97484,Energy,"Mining, Crude-Oil Production",U.S.,Houston,Texas,no,no,yes,yes,no,no,no,no,no,yes,no,ConocoPhillips
340,70580,15.9,166,-92.2,11277,Food & Drug Stores,Food and Drug Stores,U.S.,Camp Hill,Pennsylvania,no,no,no,no,yes,yes,no,yes,no,yes,no,Rite Aid
341,222305,-0.6,1506,6.4,46891,Health Care,Health Care: Medical Facilities,Germany,Bad Homburg,,no,no,no,no,yes,yes,no,yes,no,no,no,Fresenius
342,126878,3.5,289,23.7,119163,Energy,Energy,China,Beijing,,no,no,no,no,yes,yes,no,no,no,no,no,State Power Investment
343,62600,10.1,3273,21.5,21600,Apparel,Apparel,U.S.,Beaverton,Oregon,no,yes,yes,no,yes,yes,no,yes,no,yes,no,Nike
344,161022,12.4,1854,29.5,55006,Aerospace & Defense,Aerospace and Defense,China,Beijing,,no,no,no,no,yes,yes,no,yes,no,no,no,China Aerospace Science &amp; Technology
345,126502,-11.9,819,67.7,121090,Energy,Energy,China,Beijing,,no,no,no,yes,yes,no,no,no,no,no,no,China Guodian
346,4700,-30,187,-15.7,4549,Wholesalers,Wholesalers: Diversified,U.S.,Miami,Florida,no,no,no,yes,yes,no,no,yes,no,yes,no,World Fuel Services
347,132007,5.8,-247,,67314,Energy,"Mining, Crude-Oil Production",China,Xi'an,,no,no,no,no,no,yes,no,no,no,no,no,Shaanxi Coal &amp; Chemical Industry
348,89446,-4.9,4833,-2.5,32718,Industrials,Miscellaneous,U.S.,St. Paul,Minnesota,no,no,yes,no,yes,yes,no,no,no,yes,no,3M
349,71257,34.4,438,92,41204,Industrials,Industrial Machinery,China,Beijing,,no,no,no,no,yes,no,no,no,yes,no,no,China State Shipbuilding
350,81483,-9.4,6361,-10.8,844193,Financials,Banks: Commercial and Savings,Canada,"Toronto, Ontario",,no,no,no,no,yes,yes,no,yes,no,no,no,Toronto-Dominion Bank
351,26500,-22.5,1438,19.7,304456,Financials,"Insurance: Life, Health (stock)",Canada,"Montreal, Quebec",,no,no,no,yes,yes,no,no,yes,no,no,no,Power Corp. of Canada
352,99000,-13.5,7267,232.7,62843,"Food, Beverages & Tobacco",Food Consumer Products,U.S.,Deerfield,Illinois,no,no,yes,yes,yes,no,yes,no,no,yes,no,Mondelez International
353,175600,15.3,235,13.5,95339,Transportation,Airlines,China,Haikou City,,no,no,no,no,yes,yes,no,yes,no,no,no,HNA Group
354,160843,-10.7,1561,-39.4,46247,Industrials,"Electronics, Electrical Equip.",France,Rueil-Malmaison,,no,yes,no,no,yes,yes,no,no,no,no,no,Schneider Electric
355,29762,7.4,2269,39.8,95384,Energy,Utilities,U.S.,Chicago,Illinois,no,no,yes,no,yes,yes,no,yes,no,yes,no,Exelon
356,42295,31,2883,12.8,94168,Financials,Real estate,China,Shenzhen,,no,no,no,no,yes,no,no,yes,yes,no,no,China Vanke
357,116988,-11.9,1607,-4.7,33740,Technology,Network and Other Communications Equipment,Sweden,Stockholm,,no,no,yes,no,yes,yes,no,no,no,no,no,LM Ericsson
358,13535,-27.3,1219,55.1,14164,Energy,Petroleum Refining,India,Mumbai,,no,no,no,yes,yes,no,no,no,no,no,no,Bharat Petroleum
359,18218,-16.5,220,52.8,11237,Wholesalers,Trading,China,Hangzhou,,no,no,no,yes,yes,no,no,yes,no,no,no,Wuchan Zhongda Group
360,20500,-9,8306,84,50051,Media,Entertainment,U.S.,New York,New York,no,no,no,no,yes,yes,no,no,no,yes,no,Twenty-First Century Fox
361,93659,-23.8,-2435,,1201666,Financials,Banks: Commercial and Savings,Britain,Edinburgh,,no,no,no,yes,no,no,no,no,no,no,no,Royal Bank of Scotland Group
362,50152,-12,5868,-12.3,624799,Financials,Banks: Commercial and Savings,Australia,Docklands,,no,no,no,no,yes,yes,no,no,no,no,no,Australia &amp; New Zealand Banking Group
363,93300,-12.7,131,,25347,Transportation,Airlines,France,Paris,,no,no,yes,no,yes,yes,no,no,no,no,no,Air France-KLM Group
364,57180,-20,1940,-38.6,57948,Industrials,Construction and Farm Machinery,U.S.,Moline,Illinois,no,no,yes,yes,yes,no,no,no,no,yes,no,Deere
365,19939,-12.1,1666,-14.1,52281,Energy,Energy,Spain,Barcelona,,no,no,no,no,yes,yes,no,no,no,no,no,Gas Natural Fenosa
366,105963,54.6,-1492,,13115,Technology,Internet Services and Retailing,China,Beijing,,no,no,no,no,no,no,no,yes,yes,no,no,JD.com
367,10538,-19.3,752,206.8,13242,Energy,Petroleum Refining,India,Mumbai,,no,no,no,yes,yes,no,no,no,no,no,no,Hindustan Petroleum
368,112959,-7.1,716,30,33646,Industrials,"Electronics, Electrical Equip.",Netherlands,Amsterdam,,no,no,yes,no,yes,yes,no,no,no,no,no,Royal Philips
369,102500,-0.9,3897,13.4,61209,Telecommunications,Telecommunications,Britain,London,,no,no,yes,no,yes,yes,no,yes,no,no,no,BT Group
370,99739,-14,-277,,29742,Energy,"Mining, Crude-Oil Production",China,Changzhi,,no,no,no,yes,no,no,no,yes,no,no,no,Shanxi LuAn Mining Group
371,59460,-18.4,280,-77.9,37684,Materials,Metals,Japan,Tokyo,,no,no,yes,yes,yes,no,no,yes,no,no,no,JFE Holdings
372,76183,-4.8,833,-8.2,62095,Food & Drug Stores,Food and Drug Stores,Switzerland,Zurich,,no,no,no,no,yes,yes,no,yes,no,no,no,Migros Group
373,46398,2.8,1120,-22.5,22677,Motor Vehicles & Parts,Motor Vehicles and Parts,Japan,Hiroshima,,no,no,no,no,yes,yes,no,yes,no,no,no,Mazda Motor
374,155306,-3.7,-30,,31669,Energy,"Mining, Crude-Oil Production",China,Yangquan,,no,no,no,no,no,yes,no,no,no,no,no,Yangquan Coal Industry Group
375,6016,-29.7,1540,82.7,16332,Energy,Petroleum Refining,U.S.,San Antonio,Texas,no,no,no,yes,yes,no,no,yes,no,yes,no,Tesoro
376,24800,-2.3,3833,0.2,63848,Media,Entertainment,U.S.,New York,New York,no,no,yes,no,yes,yes,no,no,no,yes,no,Time Warner
377,5530,2.4,815,20,238472,Financials,"Insurance: Life, Health (Mutual)",U.S.,Milwaukee,Wisconsin,no,no,yes,no,yes,yes,no,yes,no,yes,no,Northwestern Mutual
378,82881,-6.3,3658,-43.8,36617,Household Products,Household and Personal Products,France,Clichy,,no,no,yes,no,yes,yes,no,yes,no,no,no,L'Oréal
379,52000,-22.5,1953,-46.1,41166,Chemicals,Chemicals,U.S.,Wilmington,Delaware,no,no,no,yes,yes,no,no,no,no,yes,no,DuPont
380,18800,1.5,572,4.8,10800,Wholesalers,Wholesalers: Electronics and Office Equipment,U.S.,Phoenix,Arizona,no,no,yes,no,yes,yes,no,no,no,yes,no,Avnet
381,142709,9.1,1471,16.1,36732,Aerospace & Defense,Aerospace and Defense,China,Beijing,,no,no,no,no,yes,no,no,yes,yes,no,no,China Aerospace Science &amp; Industry
382,158780,-13,499,53,38982,Energy,Utilities,France,Paris,,no,no,no,yes,yes,no,no,no,no,no,no,Veolia Environnement
383,39829,,523,9.8,21471,Engineering & Construction,"Engineering, Construction",China,Beijing,,no,no,no,no,yes,yes,no,no,no,no,no,China General Technology
384,145890,-12.5,-154,-249.8,32624,Energy,"Mining, Crude-Oil Production",China,Jincheng,,no,no,no,yes,no,no,no,yes,no,no,no,Shanxi Jincheng Anthracite Coal Mining Group
385,128518,18.8,2431,19.4,139115,Financials,Real estate,China,Beijing,,no,no,no,no,yes,no,no,yes,yes,no,no,Dalian Wanda Group
386,51263,-10.7,-463,,19332,Energy,"Mining, Crude-Oil Production",China,Beijing,,no,no,no,no,no,yes,no,yes,no,no,no,China Nonferrous Metal Mining (Group)
387,515864,-3.9,1342,-6.3,13247,"Hotels, Resturants & Leisure",Food Services,Britain,Chertsey,,no,yes,no,no,yes,yes,no,yes,no,no,no,Compass Group
388,45326,-9.1,1329,169.3,90646,Financials,Insurance: Property and Casualty (Stock),Japan,Tokyo,,no,no,no,no,yes,yes,no,yes,no,no,no,Sompo Japan Nipponkoa Holdings
389,157500,-3.7,1072,-29.8,20576,Retailing,General Merchandisers,U.S.,Cincinnati,Ohio,no,no,yes,no,yes,yes,no,no,no,yes,no,Macy's
390,116646,-8.2,406,243.9,14155,Food & Drug Stores,Food and Drug Stores,Belgium,Brussels,,no,no,yes,no,yes,yes,no,yes,no,no,no,Delhaize Group
391,33089,-12.7,1173,,65959,Energy,Utilities,Japan,Osaka,,no,no,no,yes,yes,no,no,no,no,no,no,Kansai Electric Power
392,6800,-43.6,2521,-9.6,48952,Energy,Pipelines,U.S.,Houston,Texas,no,no,no,yes,yes,no,no,no,no,yes,no,Enterprise Products Partners
393,99389,0.2,808,14.9,25492,Motor Vehicles & Parts,Motor Vehicles and Parts,Japan,Kariya,,no,no,no,no,yes,yes,no,yes,no,no,no,Aisin Seiki
394,33500,-45.4,1714,-45.9,507339,Financials,"Insurance: Life, Health (stock)",Canada,"Toronto, Ontario",,no,no,no,yes,yes,no,no,yes,no,no,no,Manulife Financial
395,34735,2.9,3637,52.7,23068,Motor Vehicles & Parts,Motor Vehicles and Parts,Japan,Tokyo,,no,no,no,no,yes,yes,no,yes,no,no,no,Fuji Heavy Industries
396,67877,-9.3,432,-15.8,17642,Food & Drug Stores,Food and Drug Stores,Switzerland,Basel,,no,no,no,no,yes,yes,no,yes,no,no,no,Coop Group
397,30900,-1.3,3439,-6.9,100184,Financials,Insurance: Property and Casualty (Stock),U.S.,New York,New York,no,no,yes,no,yes,yes,no,yes,no,yes,no,Travelers Cos.
398,80200,-10,6873,-8.3,33956,"Food, Beverages & Tobacco",Miscellaneous,U.S.,New York,New York,no,no,no,no,yes,no,no,no,no,yes,no,Philip Morris International
399,56375,-7.4,5589,0.4,1721468,Financials,Banks: Commercial and Savings,Japan,Tokyo,,no,no,no,no,yes,yes,no,yes,no,no,no,Mizuho Financial Group
400,72796,-4.4,274,17.9,9985,Technology,"Computers, Office Equipment",Taiwan,Taipei,,no,no,no,no,yes,yes,no,no,no,no,no,Compal Electronics
401,70437,2.4,840,-17.7,91455,Financials,Real estate,China,Beijing,,no,no,no,no,yes,yes,no,yes,no,no,no,China Poly Group
402,47143,4,863,-19,28989,Engineering & Construction,"Engineering, Construction",Japan,Osaka,,no,no,no,no,yes,yes,no,yes,no,no,no,Daiwa House Industry
403,45272,5.6,9542,13.7,50467,Technology,Semiconductors and Other Electronic Components,Taiwan,Hsinchu,,no,no,yes,no,yes,yes,no,yes,no,no,no,Taiwan Semiconductor Manufacturing
404,82094,-20.1,-80,-104.5,77372,Telecommunications,Telecommunications,Italy,Milan,,no,no,no,yes,no,no,no,no,no,no,no,Telecom Italia
405,61601,-3.4,972,10.3,24044,Motor Vehicles & Parts,Motor Vehicles and Parts,Japan,Hamamatsu,,no,no,no,no,yes,yes,no,yes,no,no,no,Suzuki Motor
406,96204,-12.5,184,1468.6,112349,Energy,Energy,China,Beijing,,no,no,no,yes,yes,no,no,no,no,no,no,China Datang
407,8652,-22.5,196,-84.6,60958,Energy,Pipelines,Canada,"Calgary, Alberta",,no,no,no,yes,yes,no,no,no,no,no,no,Enbridge
408,140493,25.8,1637,27.4,33981,Aerospace & Defense,Aerospace and Defense,China,Beijing,,no,no,no,no,yes,no,no,yes,yes,no,no,China Electronics Technology Group
409,9000,-4.7,266,51.7,6358,Wholesalers,Wholesalers: Electronics and Office Equipment,U.S.,Clearwater,Florida,no,no,yes,no,yes,yes,no,yes,no,yes,no,Tech Data
410,45720,5.3,287,4,24839,Motor Vehicles & Parts,Motor Vehicles and Parts,China,Hangzhou,,no,no,no,no,yes,yes,no,yes,no,no,no,Zhejiang Geely Holding Group
411,78106,4.5,803,4,34766,Materials,"Building Materials, Glass",Ireland,Dublin,,no,no,no,no,yes,yes,no,yes,no,no,no,CRH
412,9203,-31.1,-300,,21375,Energy,Petroleum Refining,Japan,Tokyo,,no,no,no,yes,no,no,no,yes,no,no,no,Idemitsu Kosan
413,15412,-27.5,425,2187.7,100926,Financials,"Insurance: Life, Health (Mutual)",Netherlands,Zeist,,no,no,no,yes,yes,no,no,no,no,no,no,Achmea
414,26030,-3.5,-339,-167.7,34712,Retailing,General Merchandisers,South Korea,Seoul,,no,no,no,no,no,yes,no,no,no,no,no,Lotte Shopping
415,75000,1,1403,15.1,29596,Aerospace & Defense,Aerospace and Defense,Britain,London,,no,no,no,no,yes,yes,no,no,no,no,no,BAE Systems
416,24842,-13.2,224,-23.3,8409,Wholesalers,Wholesalers: Health Care,Germany,Mannheim,,no,no,no,yes,yes,no,no,yes,no,no,no,Phoenix Pharmahandel
417,74098,-31.8,-12129,-1946.1,88492,Energy,"Mining, Crude-Oil Production",Brazil,Rio de Janeiro,,no,no,no,yes,no,no,no,no,no,no,no,Vale
418,245424,-13,704,3.5,253105,Transportation,"Mail, Package, and Freight Delivery",France,Paris,,no,no,yes,yes,yes,no,no,no,no,no,no,La Poste
419,91304,-18.7,1310,5.7,25013,Energy,Energy,Turkey,Istanbul,,no,no,no,yes,yes,no,no,yes,no,no,no,Koç Holding
420,420000,-7.4,4529,-4.8,37939,"Hotels, Resturants & Leisure",Food Services,U.S.,Oak Brook,Illinois,no,yes,yes,no,yes,yes,no,no,no,yes,no,McDonald's
421,60862,-5.2,1658,27.3,30662,Transportation,Airlines,Britain,Hounslow,,no,no,no,no,yes,yes,no,yes,no,no,no,International Airlines Group
422,33000,-4.6,5271,-33.8,50796,Technology,Network and Other Communications Equipment,U.S.,San Diego,California,no,no,yes,no,yes,yes,no,yes,no,yes,no,Qualcomm
423,358,205.8,163,52.1,3435,Wholesalers,Trading,India,Bangalore,,no,no,no,no,yes,no,no,no,yes,no,no,Rajesh Exports
424,14697,-3.5,256,19,13324,Wholesalers,Wholesalers: Health Care,Japan,Tokyo,,no,no,no,no,yes,yes,no,yes,no,no,no,Medipal Holdings
425,178000,-19.4,-1129,,11337,Retailing,General Merchandisers,U.S.,Hoffman Estates,Illinois,no,no,no,yes,no,no,no,no,no,yes,no,Sears Holdings
426,196435,-22.8,-28,,41122,Energy,"Mining, Crude-Oil Production",China,Jinan,,no,no,no,yes,no,no,no,no,no,no,no,Shandong Energy Group
427,52474,9,1369,31.6,101725,Financials,"Insurance: Life, Health (stock)",China,Beijing,,no,no,no,no,yes,no,no,no,yes,no,no,New China Life Insurance
428,89214,-12.2,5639,-13.1,654714,Financials,Banks: Commercial and Savings,Canada,"Toronto, Ontario",,no,no,no,yes,yes,no,no,yes,no,no,no,Bank of Nova Scotia
429,49205,-0.1,855,-0.5,19259,Technology,"Electronics, Electrical Equip.",South Korea,Seoul,,no,no,no,no,yes,yes,no,no,no,no,no,LG Display
430,45400,5.1,4050,-8.5,334048,Financials,Banks: Commercial and Savings,U.S.,McLean,Virginia,no,no,yes,no,yes,yes,no,no,no,yes,yes,Capital One Financial
431,3969,-34.5,859,,16164,Energy,Petroleum Refining,South Korea,Seoul,,no,no,no,yes,yes,no,no,no,no,no,no,GS Caltex
432,24124,-47.5,-1174,-380,35480,Energy,Petroleum Refining,Austria,Vienna,,no,no,no,yes,no,no,no,no,no,no,no,OMV Group
433,99781,-11.4,1422,-4.2,35532,"Food, Beverages & Tobacco",Food Consumer Products,France,Paris,,no,no,yes,yes,yes,no,no,no,no,no,no,Danone
434,38405,-16.6,786,-29.9,68962,Financials,Insurance: Property and Casualty (Stock),Spain,Madrid,,no,no,no,yes,yes,no,no,yes,no,no,no,Mapfre Group
435,61500,-5.3,2825,129.1,60124,Health Care,Pharmaceuticals,Britain,London,,no,no,no,no,yes,yes,no,yes,no,no,no,AstraZeneca
436,72000,1.1,1990,-26.7,46612,Technology,"Computers, Office Equipment",U.S.,Hopkinton,Massachusetts,no,no,yes,no,yes,yes,no,yes,no,yes,no,EMC
437,82992,-10.8,338,,13189,Food & Drug Stores,Food and Drug Stores,Britain,Bradford,,no,no,no,yes,yes,no,no,no,no,no,no,Wm. Morrison Supermarkets
438,100956,17.4,-1527,-208.6,73247,Materials,"Building Materials, Glass",Switzerland,Jona,,no,no,no,no,no,no,no,yes,yes,no,no,LafargeHolcim
439,5348,-5.9,1071,-15.7,196505,Financials,"Insurance: Life, Health (stock)",South Korea,Seoul,,no,no,no,no,yes,yes,no,no,no,no,no,Samsung Life Insurance
440,240865,-4.8,758,-30.4,24407,Motor Vehicles & Parts,Motor Vehicles and Parts,Japan,Osaka,,no,no,no,no,yes,yes,no,yes,no,no,no,Sumitomo Electric Industries
441,200000,-6.6,444,-26.1,12385,Technology,Semiconductors and Other Electronic Components,Singapore,Singapore,,no,no,yes,no,yes,yes,no,yes,no,no,no,Flextronics International
442,32000,-8,9,-99,10564,Business Services,Temporary Help,Switzerland,Glattbrugg,,no,no,no,no,yes,yes,no,yes,no,no,no,Adecco Group
443,14685,-34.2,-45,,22593,Energy,Petroleum Refining,Taiwan,Taipei,,no,no,no,yes,no,no,no,no,no,no,no,CPC
444,28681,1.4,2272,-33.4,137077,Financials,Insurance: Property and Casualty (Stock),U.S.,San Antonio,Texas,no,no,yes,no,yes,yes,no,yes,no,yes,yes,USAA
445,45658,-19.8,976,18.7,728159,Financials,Banks: Commercial and Savings,Netherlands,Utrecht,,no,no,no,yes,yes,no,no,no,no,no,no,Rabobank Group
446,29188,-6.5,2816,49.5,121156,Energy,Utilities,U.S.,Charlotte,North Carolina,no,no,no,no,yes,yes,yes,yes,no,yes,no,Duke Energy
447,86127,-4.7,2043,24.5,69316,Transportation,Railroads,Japan,Tokyo,,no,no,no,no,yes,yes,no,no,no,no,no,East Japan Railway
448,30659,-15.8,1414,300.7,49288,Energy,Utilities,Japan,Nagoya,,no,no,no,yes,yes,no,no,no,no,no,no,Chubu Electric Power
449,65000,-28.1,-671,-119.2,36942,Energy,"Oil and Gas Equipment, Services",U.S.,Houston,Texas,no,no,no,yes,no,no,no,no,no,yes,no,Halliburton
450,65000,-1.9,1990,-3.8,24454,Aerospace & Defense,Aerospace and Defense,U.S.,Falls Church,Virginia,no,no,yes,no,yes,yes,no,yes,no,yes,no,Northrop Grumman
451,105798,-9.3,1296,-5.3,25953,Motor Vehicles & Parts,Motor Vehicles and Parts,France,Clermont-Ferrand,,no,no,yes,no,yes,yes,no,no,no,no,no,Michelin
452,98726,-12,573,9.9,22188,Technology,Information Technology Services,Japan,Tokyo,,no,no,no,yes,yes,no,no,no,no,no,no,NEC
453,18763,-15.7,139,,41447,Energy,Utilities,Germany,Karlsruhe,,no,no,no,yes,yes,no,no,yes,no,no,no,Energie Baden-Württemberg
454,19932,-30.8,753,,12195,Energy,Petroleum Refining,Poland,Plock,,no,no,no,yes,yes,no,no,no,no,no,no,PKN ORLEN Group
455,18500,2.3,498,-0.1,13022,Wholesalers,Wholesalers: Electronics and Office Equipment,U.S.,Centennial,Colorado,no,no,yes,no,yes,no,no,yes,yes,yes,no,Arrow Electronics
456,20000,-8.5,2691,-22,167622,Financials,"Insurance: Life, Health (stock)",China,Hong Kong,,no,no,no,no,yes,yes,no,no,no,no,no,AIA Group
457,61000,1.8,2074,-7.6,29281,Aerospace & Defense,Aerospace and Defense,U.S.,Waltham,Massachusetts,no,no,yes,no,yes,no,no,no,yes,yes,no,Raytheon
458,13190,-36.7,-1561,-163.9,55819,Energy,Petroleum Refining,Canada,"Calgary, Alberta",,no,no,no,yes,no,no,no,no,no,no,no,Suncor Energy
459,73767,-9.6,1062,5.3,40965,"Food, Beverages & Tobacco",Beverages,Netherlands,Amsterdam,,no,yes,yes,no,yes,yes,no,no,no,no,no,Heineken Holding
460,5400,-46.7,118,68.6,24142,Energy,Pipelines,U.S.,Houston,Texas,no,no,no,yes,yes,no,no,yes,no,yes,no,Plains GP Holdings
461,25000,0.5,168,,9239,Wholesalers,Wholesalers: Food and Grocery,U.S.,Rosemont,Illinois,no,no,no,no,yes,no,no,no,yes,yes,no,US Foods Holding
462,76986,-1,3399,-21.9,44958,Technology,Computer Software,Germany,Walldorf,,no,no,no,no,yes,no,no,yes,yes,no,no,SAP
463,152854,-2.7,3171,-3.1,18779,Retailing,Specialty Retailers,Spain,Arteixo,,no,no,no,no,yes,no,no,yes,yes,no,no,Inditex
464,3412,-34.9,282,-33.5,36156,Energy,Energy,South Korea,Daegu,,no,no,no,yes,yes,no,no,yes,no,no,no,Korea Gas
465,82708,-16.4,1145,111.3,55642,Transportation,Shipping,China,Shanghai,,no,no,no,yes,yes,no,no,yes,no,no,no,China COSCO Shipping
466,422844,-6.4,810,21.6,16220,"Hotels, Resturants & Leisure",Food Services,France,Issy-les-Moulineaux,,no,no,yes,no,yes,yes,no,yes,no,no,no,Sodexo
467,76036,-9.7,390,174.4,15722,Business Services,Miscellaneous,Germany,Hanover,,no,no,no,no,yes,yes,no,no,no,no,no,TUI
468,32296,-9.6,1205,14.9,157732,Financials,"Insurance: Life, Health (stock)",Taiwan,Taipei,,no,no,no,no,yes,yes,no,yes,no,no,no,Cathay Life Insurance
469,28000,14.5,5144,190,53050,Health Care,Pharmaceuticals,U.S.,North Chicago,Illinois,no,no,no,no,yes,no,no,yes,yes,yes,no,AbbVie
470,18200,37.4,355,31,7339,Health Care,Health Care: Insurance and Managed Care,U.S.,St. Louis,Missouri,no,no,yes,no,yes,no,no,yes,yes,yes,no,Centene
471,25068,-7,3901,20.1,84694,Energy,Utilities,Britain,London,,no,no,no,no,yes,yes,no,yes,no,no,no,National Grid
472,61205,-3.7,1940,56.5,32448,Transportation,Airlines,U.A.E.,Dubai,,no,no,no,no,yes,no,no,yes,yes,no,no,Emirates Group
473,270000,567.6,15295,120.2,133285,Retailing,Specialty Retailers,China,Hong Kong,,no,no,no,no,yes,no,no,no,yes,no,no,CK Hutchison Holdings
474,14597,-21.1,451,-14.5,5301,Energy,Energy,Brazil,São Paulo,,no,no,no,yes,yes,no,no,yes,no,no,no,Ultrapar Holdings
475,123000,3.1,158,71.7,26861,Health Care,Health Care: Medical Facilities,U.S.,Franklin,Tennessee,no,no,no,no,yes,no,no,yes,yes,yes,no,Community Health Systems
476,60000,-5.7,-322,-220.1,36528,Materials,Metals,U.S.,New York,New York,no,no,yes,no,no,yes,no,yes,no,yes,no,Arconic
477,594,-10.5,4,-69.6,2604,Energy,Energy,Britain,London,,no,no,no,yes,yes,no,no,yes,no,no,no,Greenergy Fuels Holdings
478,92882,-24,175,64.7,187170,Financials,Banks: Commercial and Savings,Russia,Moscow,,no,no,no,yes,yes,no,no,no,no,no,no,VTB Bank
479,56000,-14.7,938,69,30587,Materials,Miscellaneous,U.S.,Memphis,Tennessee,no,no,yes,yes,yes,no,no,no,no,yes,no,International Paper
480,110800,-9.1,2710,26.2,22088,Industrials,"Electronics, Electrical Equip.",U.S.,St. Louis,Missouri,no,no,no,no,yes,yes,no,no,no,yes,no,Emerson Electric
481,93299,-4,2022,24.5,19841,Industrials,"Electronics, Electrical Equip.",China,Foshan,,no,no,no,no,yes,no,no,no,yes,no,no,Midea Group
482,36165,-10.2,3519,-10.3,31078,Telecommunications,Telecommunications,Australia,Melbourne,,no,no,no,yes,yes,no,no,yes,no,no,no,Telstra
483,144000,-8.7,-573,,35810,Technology,Semiconductors and Other Electronic Components,Canada,"Toronto, Ontario",,no,no,no,no,no,yes,no,no,no,no,no,Onex
484,11481,-38.9,334,255,4875,Wholesalers,Wholesalers: Diversified,China,Beijing,,no,no,no,yes,yes,no,no,yes,no,no,no,China National Aviation Fuel Group
485,47457,-9.1,4772,-7.9,54600,Transportation,Railroads,U.S.,Omaha,Nebraska,no,no,yes,no,yes,yes,no,yes,no,yes,no,Union Pacific
486,38464,0.8,332,-59.8,11674,Wholesalers,Wholesalers: Diversified,Switzerland,Zug,,no,no,yes,no,yes,no,no,no,yes,no,no,Wolseley
487,17900,8,6939,34.5,71576,Health Care,Pharmaceuticals,U.S.,Thousand Oaks,California,no,no,yes,no,yes,no,no,no,yes,yes,no,Amgen
488,104634,-3.3,2499,-15.3,9843,Retailing,Specialty Retailers,Sweden,Stockholm,,no,no,no,no,yes,no,no,yes,yes,no,no,H &amp; M Hennes &amp; Mauritz
489,114807,-27.5,-320,-9910.5,67291,Materials,Metals,China,Beijing,,no,no,no,yes,no,no,no,no,no,no,no,Shougang Group
490,65433,0.5,5879,0.5,421853,Financials,Banks: Commercial and Savings,U.S.,Minneapolis,Minnesota,no,no,yes,no,yes,no,no,no,yes,yes,no,U.S. Bancorp
491,13242,-27.2,302,18.2,97512,Financials,"Insurance: Life, Health (stock)",Italy,Bologna,,no,no,no,yes,yes,no,no,no,no,no,no,Unipol Group
492,11788,-2.5,291,39.7,11154,Wholesalers,Wholesalers: Health Care,Japan,Tokyo,,no,no,no,no,yes,no,no,yes,yes,no,no,Alfresa Holdings
493,7595,-4.5,906,1.9,189120,Financials,"Insurance: Life, Health (stock)",Switzerland,Zurich,,no,no,no,no,yes,no,no,yes,yes,no,no,Swiss Life
494,29750,-6.8,576,27.6,7939,Business Services,Temporary Help,Netherlands,Diemen,,no,no,no,no,yes,no,no,yes,yes,no,no,Randstad Holding
495,105000,-4.6,786,2.6,14301,"Food, Beverages & Tobacco",Food Consumer Products,China,Hong Kong,,no,no,no,no,yes,no,no,no,yes,no,no,WH Group
496,83372,17.2,2474,-10,116582,Financials,Real estate,China,Guangzhou,,no,no,no,no,yes,no,no,yes,yes,no,no,Evergrande Real Estate Group
497,58963,-6.4,379,181.9,10172,Retailing,Specialty Retailers,U.S.,Framingham,Massachusetts,no,no,no,no,yes,no,yes,no,yes,yes,no,Staples
498,84076,-15.4,-2194,-184,640483,Financials,Banks: Commercial and Savings,Britain,London,,no,no,no,yes,no,no,no,no,no,no,no,Standard Chartered
499,50500,-11.8,127,11.6,32899,Aerospace & Defense,Aerospace and Defense,Britain,London,,no,no,yes,yes,yes,no,no,no,no,no,no,Rolls-Royce Holdings
500,64043,-17.9,938,-2.1,196810,Financials,"Insurance: Life, Health (stock)",Britain,London,,no,no,no,yes,yes,no,no,yes,no,no,no,Old Mutual
119,172213,13.2,3110,46.2,129892,Financials,Insurance: Property and Casualty (Stock),China,Beijing,,no,no,no,no,yes,yes,no,yes,no,no,no,People's Insurance Co. of China
