rank,revenues,revchange,profits,assets,prftchange,employees,rankchange,newcomer,rankdrop,rankgain,sector,industry,hqcountry,hqcity,hqstate,profitable,worlds-most-admired-companies-y-n,ceowoman,jobgrowth,change-the-world-y-n,100-fastest-growing-companies-y-n,fortune500-y-n,best-companies-y-n,non-us-cos-y-n,title
480,22799,0.3,340.3,33096,-82.5,64768,-8,no,yes,no,Transportation,Airlines,U.A.E,Dubai,,yes,no,no,yes,no,no,no,no,yes,Emirates Group
479,22840,-9,781.4,20606,-8.6,49094,-50,no,yes,no,Technology,"Electronics, Electrical Equip.",South Korea,Seoul,,yes,no,no,no,no,no,no,no,yes,LG Display
478,22871,39.7,6185.9,56968,35,38775,,yes,no,no,Technology,Internet Services and Retailing,China,Shenzhen,,yes,no,no,yes,no,no,no,no,yes,Tencent Holdings
477,22873,7.3,650.2,9624,13,32280,17,no,no,yes,Business Services,Temporary Help,Netherlands,Diemen,,yes,yes,no,yes,no,no,no,no,yes,Randstad Holding
476,22875,-17,3,32954,,135691,-92,no,yes,no,Energy,"Mining, Crude-Oil Production",China,Jincheng,,yes,no,no,no,no,no,no,no,yes,Shanxi Jincheng Anthracite Coal Mining Group
475,22919,-0.9,209.8,8945,25.2,25000,-14,no,yes,no,Wholesalers,Wholesalers: Food and Grocery,U.S.,Rosemont,Illinois,yes,no,no,no,no,no,yes,no,no,US Foods Holding
474,22943,3.8,-130,42913,,161000,9,no,no,yes,Technology,Semiconductors and Other Electronic Components,Canada,"Toronto, Ontario",,no,no,no,yes,no,no,no,no,yes,Onex
473,22953,42.2,-1722.5,84805,,49732,,yes,no,no,Telecommunications,Telecommunications,Netherlands,Amsterdam,,no,no,no,yes,no,no,no,no,yes,Altice
472,22956,-4.4,828.3,698790,-15.1,40029,-27,no,yes,no,Financials,Banks: Commercial and Savings,Netherlands,Utrecht,,yes,no,no,no,no,no,no,no,yes,Rabobank Group
471,22991,6.1,7722,77626,11.3,19200,16,no,no,yes,Health Care,Pharmaceuticals,U.S.,Thousand Oaks,California,yes,yes,no,yes,no,no,yes,no,no,Amgen
470,23002,-6.9,3499,62526,23.9,59700,-35,no,yes,no,Health Care,Pharmaceuticals,Britain,Cambridge,,yes,no,no,no,no,no,no,no,yes,AstraZeneca
469,23022,-14.8,2513.1,52194,-0.3,6800,-77,no,yes,no,Energy,Pipelines,U.S.,Houston,Texas,yes,no,no,no,no,no,yes,no,no,Enterprise Products Partners
468,23044,-0.7,861.5,41469,-18.9,73525,-9,no,yes,no,"Food, Beverages & Tobacco",Beverages,Netherlands,Amsterdam,,yes,yes,no,no,yes,no,no,no,yes,Heineken Holding
467,23044,27.9,1733.6,85124,17.4,94450,,yes,no,no,Financials,Real estate,China,Foshan,,yes,no,no,yes,no,no,no,no,yes,Country Garden Holdings
466,23120,-1.7,1853.4,26705,43,105654,-15,no,yes,no,Motor Vehicles & Parts,Motor Vehicles and Parts,France,Clermont-Ferrand,,yes,yes,no,no,no,no,no,no,yes,Michelin
465,23369,-1,2152,132761,-23.6,28798,-19,no,yes,no,Energy,Utilities,U.S.,Charlotte,North Carolina,yes,no,yes,no,no,no,yes,no,no,Duke Energy
464,23441,12.4,1031,33428,-18.7,31721,,no,no,no,Financials,Insurance: Property and Casualty (Stock),U.S.,Mayfield Village,Ohio,yes,no,yes,yes,no,no,yes,no,no,Progressive
463,23456,-8.1,1144.2,25047,-12.7,95456,-44,no,yes,no,Energy,Energy,Turkey,Istanbul,,yes,no,no,yes,no,no,no,no,yes,Koc Holding
462,23517,47.9,6489.5,73538,-42.2,50097,,yes,no,no,Technology,Internet Services and Retailing,China,Hangzhou,,yes,no,no,yes,no,no,no,no,yes,Alibaba Group Holding
461,23551,9.7,285.1,11273,-2.1,13217,31,no,no,yes,Wholesalers,Wholesalers: Health Care,Japan,Tokyo,,yes,no,no,yes,no,no,no,no,yes,Alfresa Holdings
460,23554,-6.8,5705,52359,8.2,30500,-38,no,yes,no,Technology,Semiconductors and Other Electronic Components,U.S.,San Diego,California,yes,yes,no,no,no,no,yes,no,no,Qualcomm
459,23657,11.5,159.2,24231,-59,10234,,yes,no,no,Financials,Diversified Financials,China,Fuzhou,,yes,no,no,yes,no,no,no,no,yes,Yango Financial Holding
458,23773,-10.9,252.1,10769,-7.9,64728,-58,no,yes,no,Technology,"Computers, Office Equipment",Taiwan,Taipei,,yes,no,no,no,no,no,no,no,yes,Compal Electronics
457,23793,65.9,,4982,,12369,,no,no,no,Materials,Metals,Germany,Hanau,,no,no,no,no,no,no,no,no,yes,Heraeus Holding
456,23825,2.3,522.8,14206,5,18700,-1,no,yes,no,Wholesalers,Wholesalers: Electronics and Office Equipment,U.S.,Centennial,Colorado,yes,yes,no,yes,no,no,yes,no,no,Arrow Electronics
455,23863,-2.3,319.6,12593,-28,200000,-14,no,yes,no,Technology,Semiconductors and Other Electronic Components,Singapore,Singapore,,yes,yes,no,no,no,no,no,no,yes,Flex
454,23871,-9.7,243.9,101631,32.9,97091,-48,no,yes,no,Energy,Energy,China,Beijing,,yes,no,no,yes,no,no,no,no,yes,China Datang
453,24005,-14.7,734,20398,-52.3,6308,-78,no,yes,no,Energy,Petroleum Refining,U.S.,San Antonio,Texas,yes,no,no,yes,no,no,yes,no,no,Andeavor
452,24011,-6.4,1232.3,28383,-12.1,76000,-37,no,yes,no,Aerospace & Defense,Aerospace and Defense,Britain,London,,yes,yes,no,yes,no,no,no,no,yes,BAE Systems
451,24028,1.1,1058.2,48580,-25.2,30635,-3,no,yes,no,Energy,Utilities,Japan,Nagoya,,yes,no,no,no,no,no,no,no,yes,Chubu Electric Power
450,24060,8.5,2210.4,24549,9.3,126418,31,no,no,yes,Technology,"Electronics, Electrical Equip.",China,Foshan,,yes,no,no,yes,no,no,no,no,yes,Midea Group
449,24069,3.5,2211,30052,6.6,63000,8,no,no,yes,Aerospace & Defense,Aerospace and Defense,U.S.,Waltham,Massachusetts,yes,yes,no,yes,no,no,yes,no,no,Raytheon
448,24087,-15.9,-106.9,29026,,95666,-78,no,yes,no,Energy,"Mining, Crude-Oil Production",China,Changzhi,,no,no,no,no,no,no,no,no,yes,Shanxi LuAn Mining Group
447,24217,105.2,92.5,36816,-96.2,13898,,yes,no,no,Engineering & Construction,"Engineering, Construction",South Korea,Seoul,,yes,no,no,no,no,no,no,no,yes,Samsung C&amp;T
446,24267,-2.4,1902.1,46350,33.8,99187,-13,no,yes,no,"Food, Beverages & Tobacco",Food Consumer Products,France,Paris,,yes,yes,no,no,no,no,no,no,yes,Danone
445,24284,-14.2,11.1,30793,,146236,-71,no,yes,no,Energy,"Mining, Crude-Oil Production",China,Yangquan,,yes,no,no,no,no,no,no,no,yes,Yangquan Coal Industry Group
444,24360,-21.3,-3615,89772,,13300,-105,no,yes,no,Energy,"Mining, Crude-Oil Production",U.S.,Houston,Texas,no,no,no,no,no,no,yes,no,no,ConocoPhillips
443,24397,5.8,4031.9,46696,18.6,84183,19,no,no,yes,Technology,Computer Software,Germany,Walldorf,,yes,yes,no,yes,no,no,no,no,yes,SAP
442,24403,50.3,2004.2,148659,-10.5,8370,,yes,no,no,Financials,Banks: Commercial and Savings,Venezuela,Caracas,,yes,no,no,no,no,no,no,no,yes,Mercantil Servicios Financieros
441,24411,22.6,1651,159826,-29.5,55700,,yes,no,no,Financials,Diversified Financials,Canada,"Toronto, Ontario",,yes,no,no,no,no,no,no,no,yes,Brookfield Asset Management
440,24508,4.2,2200,25614,10.6,67000,10,no,no,yes,Aerospace & Defense,Aerospace and Defense,U.S.,Falls Church,Virginia,yes,yes,no,yes,no,no,yes,no,no,Northrop Grumman
439,24588,11.3,320,6093,-4.3,11739,45,no,no,yes,Wholesalers,Wholesalers: Diversified,China,Beijing,,yes,no,no,yes,no,no,no,no,yes,China National Aviation Fuel Group
438,24594,-12,2513,39964,28.7,46000,-59,no,yes,no,Chemicals,Chemicals,U.S.,Wilmington,Delaware,yes,yes,no,no,no,no,yes,no,no,DuPont
437,24596,4.5,252,24091,-60.1,107729,15,no,no,yes,Technology,Information Technology Services,Japan,Tokyo,,yes,no,no,yes,no,no,no,no,yes,NEC
436,24622,-3.1,4686.5,31024,3.5,375000,-16,no,yes,no,"Hotels, Restaurants & Leisure",Food Services,U.S.,Oak Brook,Illinois,yes,yes,no,no,yes,no,yes,no,no,McDonald's
435,24956,-1.6,2135.4,28868,28.8,63387,-14,no,yes,no,Transportation,Airlines,Britain,Harmondsworth,,yes,no,no,yes,no,no,no,no,yes,International Airlines Group
434,25112,2.9,799.5,10651,8909.5,33000,8,no,no,yes,Business Services,Temporary Help,Switzerland,Glattbrugg,,yes,no,no,yes,no,no,no,no,yes,Adecco Group
433,25123,-19.1,-10,39206,-113.1,209817,-96,no,yes,no,Energy,"Mining, Crude-Oil Production",China,Taiyuan,,no,no,no,no,no,no,no,no,yes,Shanxi Coking Coal Group
432,25279,46.9,496.7,235324,-77.2,6302,,no,no,no,Financials,Diversified Financials,Britain,Edinburgh,,yes,no,no,no,no,no,no,no,yes,Standard Life
431,25444,-1.2,144.9,34710,,26357,-17,no,yes,no,Retailing,General Merchandisers,South Korea,Seoul,,yes,no,no,yes,no,no,no,no,yes,Lotte Shopping
430,25630,-19.8,-214.8,40012,,162542,-108,no,yes,no,Energy,"Mining, Crude-Oil Production",China,Datong,,no,no,no,no,no,no,no,no,yes,Datong Coal Mine Group
429,25638,12.2,5953,66099,15.7,30000,40,no,no,yes,Health Care,Pharmaceuticals,U.S.,North Chicago,Illinois,yes,yes,no,yes,no,no,yes,no,no,AbbVie
428,25733,11.6,3485,21203,9.9,162450,35,no,no,yes,Retailing,Specialty Retailers,Spain,Arteixo,,yes,no,no,yes,no,no,no,no,yes,Inditex
427,25760,0.8,938.9,257526,33.3,240407,-9,no,yes,no,Transportation,"Mail, Package, and Freight Delivery",France,Paris,,yes,no,no,no,no,no,no,no,yes,La Poste
426,25775,3.9,857.5,71590,9.1,37020,8,no,no,yes,Financials,Insurance: Property and Casualty (Stock),Spain,Madrid,,yes,no,no,no,no,no,no,no,yes,Mapfre Group
425,25778,-4.8,619,19851,-42.3,148300,-36,no,yes,no,Retailing,General Merchandisers,U.S.,Cincinnati,Ohio,yes,yes,no,no,no,no,yes,no,no,Macy's
424,25817,2.8,5362.2,668805,-4.9,88901,4,no,no,yes,Financials,Banks: Commercial and Savings,Canada,"Toronto, Ontario",,yes,no,no,no,no,no,no,no,yes,Bank of Nova Scotia
423,25888,-1,813.7,23711,,9139,-11,no,yes,no,Energy,Petroleum Refining,Japan,Tokyo,,yes,no,no,no,no,no,no,no,yes,Idemitsu Kosan
422,25913,23.8,769.3,211943,-18,68527,78,no,no,yes,Financials,"Insurance: Life, Health (stock)",Britain,London,,yes,no,no,yes,no,no,no,no,yes,Old Mutual
421,25923,-12.5,1659,61538,-77.2,90000,-69,no,yes,no,"Food, Beverages & Tobacco",Food Consumer Products,U.S.,Deerfield,Illinois,yes,yes,yes,no,no,no,yes,no,no,Mondelez International
420,25975,6.3,992.7,26062,31,248330,20,no,no,yes,Motor Vehicles & Parts,Motor Vehicles and Parts,Japan,Osaka,,yes,no,no,yes,no,no,no,no,yes,Sumitomo Electric Industries
419,26004,-11.2,200.5,31199,-87.5,111464,-62,no,yes,no,Technology,Network and Other Communications Equipment,Sweden,Stockholm,,yes,yes,no,no,no,no,no,no,yes,LM Ericsson
418,26032,-10.1,4199.9,699976,-28.4,46554,-56,no,yes,no,Financials,Banks: Commercial and Savings,Australia,Docklands,,yes,no,no,no,no,no,no,no,yes,Australia &amp; New Zealand Banking Group
417,26070,-11.5,1489.6,49688,-10.6,17229,-52,no,yes,no,Energy,Utilities,Spain,Barcelona,,yes,no,no,no,no,no,no,no,yes,Gas Natural Fenosa
416,26073,-1.4,1560.9,64011,695,7733,-9,no,yes,no,Energy,Pipelines,Canada,"Calgary, Alberta",,yes,no,no,no,no,no,no,no,yes,Enbridge
415,26113,73.4,-847.1,47354,-131,102687,,no,no,no,Technology,Network and Other Communications Equipment,Finland,Espoo,,no,yes,no,yes,no,no,no,no,yes,Nokia
414,26219,-6.1,506.5,11240,-11.4,17700,-34,no,yes,no,Wholesalers,Wholesalers: Electronics and Office Equipment,U.S.,Phoenix,Arizona,yes,yes,no,no,no,no,yes,no,no,Avnet
413,26222,7,1770.3,219157,65.3,5284,26,no,no,yes,Financials,"Insurance: Life, Health (stock)",South Korea,Seoul,,yes,no,no,no,no,no,no,no,yes,Samsung Life Insurance
412,26235,-0.5,195.1,7932,-26.6,9500,-3,no,yes,no,Wholesalers,Wholesalers: Electronics and Office Equipment,U.S.,Clearwater,Florida,yes,yes,no,yes,no,no,yes,no,no,Tech Data
411,26292,14.9,934,172442,-22.5,36578,57,no,no,yes,Financials,"Insurance: Life, Health (stock)",Taiwan,Taipei,,yes,no,no,yes,no,no,no,no,yes,Cathay Life Insurance
410,26487,44.4,3632,120480,472.9,41000,,no,no,no,"Food, Beverages & Tobacco",Food Consumer Products,U.S.,Pittsburgh,Pennsylvania,yes,no,no,no,no,no,yes,no,no,Kraft Heinz
409,26494,2.8,-423.5,98096,-199.7,14921,4,no,no,yes,Financials,"Insurance: Life, Health (Mutual)",Netherlands,Zeist,,no,no,no,no,no,no,no,no,yes,Achmea
408,26587,11.3,2565,71009,25.5,85834,39,no,no,yes,Transportation,Railroads,Japan,Tokyo,,yes,no,no,no,no,no,no,no,yes,East Japan Railway
407,26644,-7.7,1523.9,57981,-21.4,56767,-43,no,yes,no,Industrials,Construction and Farm Machinery,U.S.,Moline,Illinois,yes,yes,no,no,no,no,yes,no,no,Deere
406,26685,-0.4,6967,36851,1.4,79500,-8,no,yes,no,"Food, Beverages & Tobacco",Tobacco,U.S.,New York,New York,yes,no,no,no,no,no,yes,no,no,Philip Morris International
405,26958,-21.1,259,594967,-94.8,34263,-101,no,yes,no,Financials,Banks: Commercial and Savings,Australia,Docklands,,yes,no,no,no,yes,no,no,no,yes,National Australia Bank
404,26972,-2.6,423.6,40022,-15.2,156225,-22,no,yes,no,Energy,Utilities,France,Paris,,yes,no,no,no,no,no,no,no,yes,Veolia Environnement
403,26976,5.2,135.4,9292,-39.5,26611,13,no,no,yes,Wholesalers,Wholesalers: Health Care,Germany,Mannheim,,yes,no,no,yes,no,no,no,no,yes,Phoenix Pharmahandel
402,27016,-11.1,126.5,5413,-27.5,5000,-56,no,yes,no,Energy,Energy,U.S.,Miami,Florida,yes,yes,no,yes,no,no,yes,no,no,World Fuel Services
401,27131,11.4,1779.1,147290,-21.7,29943,43,no,no,yes,Financials,Insurance: Property and Casualty (Stock),U.S.,San Antonio,Texas,yes,yes,no,yes,no,no,yes,yes,no,USAA
400,27292,3.3,1611.6,35898,-1.5,158064,8,no,no,yes,Aerospace & Defense,Aerospace and Defense,China,Beijing,,yes,no,no,yes,no,no,no,no,yes,China Electronics Technology Group
399,27307,-7.6,1935.2,44137,24,143901,-45,no,yes,no,Technology,"Electronics, Electrical Equip.",France,Rueil-Malmaison,,yes,no,no,no,yes,no,no,no,yes,Schneider Electric
398,27308,11.4,1817.9,68521,,90903,40,no,no,yes,Materials,"Building Materials, Glass",Switzerland,Jona,,yes,no,no,no,no,no,no,no,yes,LafargeHolcim
397,27315,-10.5,268.7,114611,-67.2,124056,-52,no,yes,no,Energy,Energy,China,Beijing,,yes,no,no,no,no,no,no,no,yes,China Guodian
396,27326,-5.7,2755,48365,-66.8,21500,-36,no,yes,no,Media,Entertainment,U.S.,New York,New York,yes,no,no,yes,no,no,yes,no,no,Twenty-First Century Fox
395,27519,9.6,3751,357033,-7.4,47300,35,no,no,yes,Financials,Banks: Commercial and Savings,U.S.,McLean,Virginia,yes,yes,no,yes,no,no,yes,yes,no,Capital One Financial
394,27625,3.1,3014,100245,-12.4,30900,3,no,no,yes,Financials,Insurance: Property and Casualty (Stock),U.S.,New York,New York,yes,yes,no,no,no,no,yes,no,no,Travelers Cos.
393,27638,54.2,10217,64961,177,17048,,yes,no,no,Technology,Internet Services and Retailing,U.S.,Menlo Park,California,yes,yes,no,yes,no,yes,yes,no,no,Facebook
392,27669,2.8,482.1,18369,11.5,73451,4,no,no,yes,Food & Drug Stores,Food and Drug Stores,Switzerland,Basel,,yes,no,no,yes,no,no,no,no,yes,Coop Group
391,27704,-10.8,5477,642083,-12.7,35280,-55,no,yes,no,Financials,Banks: Commercial and Savings,Australia,Sydney,,yes,no,no,yes,no,no,no,no,yes,Westpac Banking
390,27715,-12.7,469.3,18229,-16.4,92698,-64,no,yes,no,Technology,"Computers, Office Equipment",Taiwan,Taoyuan,,yes,no,no,yes,no,no,no,no,yes,Quanta Computer
389,27792,2.8,1299.3,61513,10.8,32666,2,no,no,yes,Energy,Utilities,Japan,Osaka,,yes,no,no,no,no,no,no,no,yes,Kansai Electric Power
388,27810,-21.6,-1687,77956,-181.4,100000,-101,no,yes,no,Energy,Oil & Gas Equipment Services,U.S.,Houston,Texas,no,no,no,yes,no,no,no,no,no,Schlumberger
387,27837,2.5,1408.5,13693,5,527180,,no,no,no,"Hotels, Restaurants & Leisure",Food Services,Britain,Chertsey,,yes,no,no,yes,yes,no,no,no,yes,Compass Group
386,27920,-3.4,875.8,24185,569.1,82175,-23,no,yes,no,Transportation,Airlines,France,Paris,,yes,yes,no,no,no,no,no,no,yes,Air France-KLM Group
385,28155,-1.2,693.3,62536,-16.7,77704,-13,no,yes,no,Food & Drug Stores,Food and Drug Stores,Switzerland,Zurich,,yes,no,no,yes,no,no,no,no,yes,Migros Group
384,28166,-2.3,1228.1,12370,63.4,10422,-17,no,yes,no,Energy,Petroleum Refining,India,Mumbai,,yes,no,no,no,no,no,no,no,yes,Hindustan Petroleum
383,28196,21.1,4164,185074,54.7,20000,73,no,no,yes,Financials,"Insurance: Life, Health (stock)",China,Hong Kong,,yes,no,no,no,no,no,no,no,yes,AIA Group
382,28204,-10.3,360.6,112115,-70.3,107000,-51,no,yes,no,Energy,Utilities,China,Beijing,,yes,no,no,no,no,no,no,no,yes,China Huadian
381,28277,12.1,267.7,13696,4.5,15745,43,no,no,yes,Wholesalers,Wholesalers: Health Care,Japan,Tokyo,,yes,no,no,yes,no,no,no,no,yes,Medipal Holdings
380,28483,4,110.3,152701,-95.5,155905,5,no,no,yes,Financials,Real estate,China,Beijing,,yes,no,no,yes,no,no,no,no,yes,Dalian Wanda Group
379,28572,2,3434.5,37577,-6.1,89331,-1,no,yes,no,Household Products,Household and Personal Products,France,Clichy,,yes,yes,no,yes,no,no,no,no,yes,L'Oreal
378,28799,2.4,818,250441,0.4,5646,-1,no,yes,no,Financials,"Insurance: Life, Health (Mutual)",U.S.,Milwaukee,Wisconsin,yes,yes,no,yes,no,no,yes,no,no,Northwestern Mutual
377,28833,42.3,3538,99782,32.3,98017,,yes,no,no,Health Care,Medical Products and Equipment,Ireland,Dublin,,yes,yes,no,yes,no,no,no,no,yes,Medtronic
376,29003,197.3,3522,149067,,91500,,yes,no,no,Telecommunications,Telecommunications,U.S.,Stamford,Connecticut,yes,no,no,yes,no,no,yes,no,no,Charter Communications
375,29003,1.1,1601.3,34068,123.8,114731,-7,no,yes,no,Health Care,Medical Products and Equipment,Netherlands,Amsterdam,,yes,yes,no,yes,no,no,no,no,yes,Royal Philips
374,29183,-10.9,3836,23442,-14.3,13000,-59,no,yes,no,Chemicals,Chemicals,Netherlands,Rotterdam,,yes,no,no,no,no,no,no,no,yes,LyondellBasell Industries
373,29252,10.4,1476.2,27969,51.9,62992,32,no,no,yes,Motor Vehicles & Parts,Motor Vehicles and Parts,Japan,Hamamatsu,,yes,no,no,yes,no,no,no,no,yes,Suzuki Motor
372,29299,16.6,39.2,39887,,179689,54,no,no,yes,Energy,"Mining, Crude-Oil Production",China,Jinan,,yes,no,no,no,no,no,no,no,yes,Shandong Energy Group
371,29318,4.3,3926,65966,2.4,25000,5,no,no,yes,Media,Entertainment,U.S.,New York,New York,yes,yes,no,yes,no,no,yes,no,no,Time Warner
370,29363,14.7,3982,99014,,73062,47,no,no,yes,Energy,"Mining, Crude-Oil Production",Brazil,Rio de Janeiro,,yes,no,no,no,no,no,no,no,yes,Vale
369,29388,10.6,10283.7,58535,7.8,46968,34,no,no,yes,Technology,Semiconductors and Other Electronic Components,Taiwan,Hsinchu,,yes,yes,no,yes,no,no,no,no,yes,Taiwan Semiconductor Manufacturing
368,29493,-3.7,436.6,126068,50.9,127343,-26,no,yes,no,Energy,Energy,China,Beijing,,yes,no,no,yes,no,no,no,no,yes,State Power Investment
367,29665,4.5,865.5,22660,-22.7,48849,6,no,no,yes,Motor Vehicles & Parts,Motor Vehicles and Parts,Japan,Hiroshima,,yes,no,no,yes,no,no,no,no,yes,Mazda Motor
366,29743,29.5,1489,94792,30.1,106478,99,no,no,yes,Transportation,Shipping,China,Shanghai,,yes,no,no,yes,no,no,no,no,yes,China COSCO Shipping
365,29862,-8.8,352.1,23720,148.5,35133,-51,no,yes,no,Materials,Metals,China,Zhangjiagang,,yes,no,no,no,no,no,no,no,yes,Jiangsu Shagang Group
364,29877,-1,367.6,40773,-16.1,68025,-15,no,yes,no,Industrials,Industrial Machinery,China,Beijing,,yes,no,no,no,no,no,no,no,yes,China State Shipbuilding
363,29973,14.3,1374.6,33320,71.2,86778,48,no,no,yes,Materials,"Building Materials, Glass",Ireland,Dublin,,yes,no,no,yes,no,no,no,no,yes,CRH
362,30010,-4.8,321.9,36575,82.6,144659,-33,no,yes,no,Technology,"Electronics, Electrical Equip.",China,Beijing,,yes,no,no,yes,no,no,no,no,yes,China Electronics
361,30109,-0.5,5050,32906,4.5,91584,-13,no,yes,no,Industrials,Miscellaneous,U.S.,St. Paul,Minnesota,yes,yes,no,yes,no,no,yes,no,no,3M
360,30316,4.2,1300.5,16801,6.7,13395,-2,no,yes,no,Energy,Petroleum Refining,India,Mumbai,,yes,no,no,no,no,no,no,no,yes,Bharat Petroleum
359,30347,-12.2,424.2,17318,-45.7,12157,-60,no,yes,no,"Food, Beverages & Tobacco",Food Production,U.S.,Inver Grove Heights,Minnesota,yes,no,no,no,no,no,yes,no,no,CHS
358,30390,-6.9,13501,56977,-25.4,9000,-42,no,yes,no,Health Care,Pharmaceuticals,U.S.,Foster City,California,yes,yes,no,yes,yes,yes,yes,no,no,Gilead Sciences
357,30390,13.5,5570.1,1799736,-0.3,59179,42,no,no,yes,Financials,Banks: Commercial and Savings,Japan,Tokyo,,yes,no,no,yes,no,no,no,no,yes,Mizuho Financial Group
356,30539,6.8,627,38920,123.6,60439,15,no,no,yes,Materials,Metals,Japan,Tokyo,,yes,no,no,yes,no,no,no,no,yes,JFE Holdings
355,30582,9.7,1443.7,36999,-1.8,148682,26,no,no,yes,Aerospace & Defense,Aerospace and Defense,China,Beijing,,yes,no,no,yes,no,no,no,no,yes,China Aerospace Science &amp; Industry
354,30588,-13,-2750.7,806950,,47170,-62,no,yes,no,Financials,Banks: Commercial and Savings,Switzerland,Zurich,,no,no,no,no,no,no,no,no,yes,Credit Suisse Group
353,30678,-2,2441.3,31901,3.9,143616,-20,no,yes,no,Motor Vehicles & Parts,Motor Vehicles and Parts,Japan,Tokyo,,yes,no,no,no,no,no,no,no,yes,Bridgestone
352,30696,14,2605.8,24794,-28.4,36668,43,no,no,yes,Motor Vehicles & Parts,Motor Vehicles and Parts,Japan,Tokyo,,yes,no,no,yes,no,no,no,no,yes,Subaru
351,30855,2.3,6646.1,878268,4.5,81233,-1,no,yes,no,Financials,Banks: Commercial and Savings,Canada,"Toronto, Ontario",,yes,no,no,no,no,no,no,no,yes,Toronto-Dominion Bank
350,30912,-40.9,-6385,118953,-434.3,26827,-182,no,yes,no,Energy,"Mining, Crude-Oil Production",Australia,Melbourne,,no,no,no,no,no,no,no,no,yes,BHP Billiton
349,31158,5.6,1442.1,40064,237.1,69291,-25,no,yes,no,Chemicals,Chemicals,Japan,Tokyo,,yes,no,no,yes,no,no,no,no,yes,Mitsubishi Chemical Holdings
348,31185,7.3,324.3,11018,47.2,18150,11,no,no,yes,Wholesalers,Trading,China,Hangzhou,,yes,no,no,no,no,no,no,no,yes,Wuchan Zhongda Group
347,31271,-0.4,1385,44062,-23.9,197673,-15,no,yes,no,Technology,"Computers, Office Equipment",Japan,Tokyo,,yes,no,no,yes,no,no,no,no,yes,Canon
346,31333,9.3,2484.6,52972,-36.2,106400,23,no,no,yes,Telecommunications,Telecommunications,Britain,London,,yes,no,no,yes,no,no,no,no,yes,BT Group
345,31353,-0.4,2955,32872,-0.3,98800,-15,no,yes,no,Aerospace & Defense,Aerospace and Defense,U.S.,Falls Church,Virginia,yes,yes,yes,no,no,no,yes,no,no,General Dynamics
344,31360,6.5,1134,114904,-50,34396,11,no,no,yes,Energy,Utilities,U.S.,Chicago,Illinois,yes,yes,no,yes,no,no,yes,no,no,Exelon
343,31430,19.5,1265.7,29749,341.6,60712,67,no,no,yes,Motor Vehicles & Parts,Motor Vehicles and Parts,China,Hangzhou,,yes,no,no,yes,no,no,no,no,yes,Zhejiang Geely Holding Group
342,31469,65.7,4135,159786,45.9,31000,,yes,no,no,Financials,Insurance: Property and Casualty (Stock),Switzerland,Zurich,,yes,no,no,yes,no,no,no,no,yes,Chubb
341,31508,18.1,744.1,95657,-11.4,76425,60,no,no,yes,Financials,Real estate,China,Beijing,,yes,no,no,yes,no,no,no,no,yes,China Poly Group
340,31559,16.4,1535.7,107092,15.5,47430,48,no,no,yes,Financials,Insurance: Property and Casualty (Stock),Japan,Tokyo,,yes,no,no,yes,no,no,no,no,yes,Sompo Holdings
339,31680,0.4,20.4,16108,,25460,-11,no,yes,no,Energy,"Mining, Crude-Oil Production",China,Guixi,,yes,no,no,no,no,no,no,no,yes,Jiangxi Copper
338,31828,50.2,2368.8,194384,-4.3,89250,158,no,no,yes,Financials,Real estate,China,Guangzhou,,yes,no,no,yes,no,no,no,no,yes,China Evergrande Group
337,31926,5.3,-254.4,64151,,123559,10,no,no,yes,Energy,"Mining, Crude-Oil Production",China,Xi'an,,no,no,no,no,no,no,no,no,yes,Shaanxi Coal &amp; Chemical Industry
336,32094,5,1996.2,55721,7.7,170357,8,no,no,yes,Aerospace & Defense,Aerospace and Defense,China,Beijing,,yes,no,no,yes,no,no,no,no,yes,China Aerospace Science &amp; Technology
335,32161,4.9,1761.6,48984,16.9,232873,6,no,no,yes,Health Care,Health Care: Medical Facilities,Germany,Bad Homburg,,yes,no,no,yes,no,no,no,no,yes,Fresenius
334,32237,-8.2,502,39142,-34.5,115390,-41,no,yes,no,Industrials,Industrial Machinery,China,Beijing,,yes,no,no,no,no,no,no,no,yes,Sinomach
333,32287,-14.3,6712.9,694565,-10.9,45129,-64,no,yes,no,Financials,Banks: Commercial and Savings,Australia,Sydney,,yes,no,no,no,no,no,no,no,yes,Commonwealth Bank of Australia
332,32308,-7.3,2991.3,112536,11.4,28389,-37,no,yes,no,Energy,Utilities,Spain,Bilbao,,yes,no,no,yes,no,no,no,no,yes,Iberdrola
331,32376,5.8,3760,21396,14.9,70700,12,no,no,yes,Apparel,Apparel,U.S.,Beaverton,Oregon,yes,yes,no,yes,yes,no,yes,no,no,Nike
330,32421,21.9,1861.5,31917,115.8,60539,72,no,no,yes,Engineering & Construction,"Engineering, Construction",Japan,Osaka,,yes,no,no,yes,no,no,no,no,yes,Daiwa House Industry
329,32461,-1.3,1877.8,627701,-11.2,61400,-16,no,yes,no,Financials,Banks: Commercial and Savings,China,Beijing,,yes,no,no,yes,no,no,no,no,yes,China Everbright Group
328,32539,-5.9,-13038,906489,-793.7,117659,-28,no,yes,no,Financials,Banks: Commercial and Savings,Italy,Milan,,no,no,no,no,no,no,no,no,yes,UniCredit Group
327,32636,4.6,1623.4,537278,3.4,28264,7,no,no,yes,Financials,Banks: Commercial and Savings,Germany,Frankfurt,,yes,no,no,yes,no,no,no,no,yes,DZ Bank
326,32652,2.8,-22.6,45552,,134134,-1,no,yes,no,Energy,"Mining, Crude-Oil Production",China,Xi'an,,no,no,no,no,no,no,no,no,yes,Shaanxi Yanchang Petroleum (Group)
325,32845,6.9,4.1,11594,-97.6,70430,15,no,no,yes,Food & Drug Stores,Food and Drug Stores,U.S.,Camp Hill,Pennsylvania,yes,no,no,no,no,no,yes,no,no,Rite Aid
324,32879,21.6,1168.9,29964,39.9,99389,69,no,no,yes,Motor Vehicles & Parts,Motor Vehicles and Parts,Japan,Kariya,,yes,no,no,no,no,no,no,no,yes,Aisin Seiki
323,32972,-0.7,2617.8,34541,-3.1,29499,-13,no,yes,no,Motor Vehicles & Parts,Motor Vehicles and Parts,South Korea,Seoul,,yes,no,no,yes,no,no,no,no,yes,Hyundai Mobis
322,33174,1.9,448.2,18705,-1.6,59429,-4,no,yes,no,Materials,Metals,China,Beijing,,yes,no,no,no,no,no,no,no,yes,Xinxing Cathay International Group
321,33184,7.2,2298.2,12884,0.9,235000,17,no,no,yes,Retailing,Specialty Retailers,U.S.,Framingham,Massachusetts,yes,yes,no,yes,no,no,yes,no,no,TJX
320,33366,-11.8,-153.9,30819,,127298,-53,no,yes,no,Energy,"Mining, Crude-Oil Production",China,Xingtai,,no,no,no,no,no,no,no,no,yes,Jizhong Energy Group
319,33475,47.4,4252.4,130721,-72.2,290000,154,no,no,yes,Retailing,Specialty Retailers,China,Hong Kong,,yes,no,no,yes,no,no,no,no,yes,CK Hutchison Holdings
318,33739,-10.8,1700.3,48681,-9.6,183061,-52,no,yes,no,Industrials,Industrial Machinery,China,Beijing,,yes,no,no,no,no,no,no,no,yes,CRRC
317,33747,3.8,565.1,39993,,193718,2,no,no,yes,Transportation,Railroads,France,St. Denis,,yes,no,no,no,no,no,no,no,yes,SNCF Mobilites
316,33781,-3,4617,89263,,51029,-20,no,yes,no,Energy,"Mining, Crude-Oil Production",Britain,London,,yes,no,no,no,no,no,no,no,yes,Rio Tinto Group
315,33823,-1.8,5408,158893,4.7,56400,-13,no,yes,no,Financials,Diversified Financials,U.S.,New York,New York,yes,yes,no,yes,no,no,yes,yes,no,American Express
314,33828,-4.7,1899,39499,-1.8,132300,-28,no,yes,no,Industrials,Industrial Machinery,Switzerland,Zurich,,yes,yes,no,no,no,no,no,no,yes,ABB
313,33881,-17.1,469.8,40783,,30767,-76,no,yes,no,Industrials,Industrial Machinery,South Korea,Ulsan,,yes,no,no,no,no,no,no,no,yes,Hyundai Heavy Industries
312,33930,2.1,421,44181,-22,169173,-3,no,yes,no,Engineering & Construction,"Engineering, Construction",China,Beijing,,yes,no,no,no,no,no,no,no,yes,China Energy Engineering Group
311,34145,-1.1,1193.5,12304,27.9,105000,-10,no,yes,no,Food & Drug Stores,Food and Drug Stores,Canada,"Laval, Quebec",,yes,no,no,yes,no,no,no,no,yes,Alimentation Couche-Tard
310,34149,-3.5,490.9,24674,-30.8,118700,-22,no,yes,no,Food & Drug Stores,Food and Drug Stores,Britain,London,,yes,no,no,yes,no,no,no,no,yes,J. Sainsbury
309,34193,6.8,356,6921,28.3,351500,12,no,no,yes,Wholesalers,Wholesalers: Food and Grocery,Germany,Hamburg,,yes,no,no,yes,no,no,no,no,yes,Edeka Zentrale
308,34274,5.1,2025.7,17464,3.1,191000,9,no,no,yes,Food & Drug Stores,Food and Drug Stores,U.S.,Lakeland,Florida,yes,yes,no,yes,no,no,yes,yes,no,Publix Super Markets
307,34458,17.5,3164.5,119555,9.8,58280,49,no,no,yes,Financials,Real estate,China,Shenzhen,,yes,no,no,yes,no,no,no,no,yes,China Vanke
306,34485,-12.5,1919.7,68392,,24396,-56,no,yes,no,Energy,Petroleum Refining,Spain,Madrid,,yes,no,no,no,no,no,no,no,yes,Repsol
305,34798,5.7,4111.9,20609,34.7,384000,7,no,no,yes,Technology,Information Technology Services,Ireland,Dublin,,yes,yes,no,yes,yes,no,no,yes,yes,Accenture
304,34904,0.3,7839.6,880724,-1.8,75510,-7,no,yes,no,Financials,Banks: Commercial and Savings,Canada,"Toronto, Ontario",,yes,no,no,yes,no,no,no,no,yes,Royal Bank of Canada
303,35011,-1.5,1964,36593,4.3,107276,-18,no,yes,no,Transportation,Airlines,Germany,Cologne,,yes,yes,no,yes,no,no,no,no,yes,Lufthansa Group
302,35101,-0.8,1003,165124,23.2,20039,-13,no,yes,no,Financials,Insurance: Property and Casualty (Stock),Germany,Hanover,,yes,no,no,no,no,no,no,no,yes,Talanx
301,35269,-4.8,1535.8,43924,-14,89477,-29,no,yes,no,Motor Vehicles & Parts,Motor Vehicles and Parts,Sweden,Goteborg,,yes,yes,no,no,no,no,no,no,yes,Volvo
300,35277,-2.2,809.5,36758,81.1,117997,-20,no,yes,no,Engineering & Construction,"Engineering, Construction",France,Paris,,yes,no,no,no,no,no,no,no,yes,Bouygues
299,35421,-10.3,4757.1,84489,-4.9,35000,-52,no,yes,no,Chemicals,Chemicals,Saudi Arabia,Riyadh,,yes,no,no,no,no,no,no,no,yes,SABIC
298,35464,-12,-1939,61118,-345.1,87736,-58,no,yes,no,Transportation,Shipping,Denmark,Copenhagen,,no,no,no,no,no,no,no,no,yes,Maersk Group
297,35767,0.4,2064.8,362739,15.8,41872,-13,no,yes,no,Financials,"Insurance: Life, Health (Mutual)",Japan,Tokyo,,yes,no,no,yes,no,no,no,no,yes,Meiji Yasuda Life Insurance
296,35891,-6.1,599.6,13776,-20.1,196251,-37,no,yes,no,Technology,"Computers, Office Equipment",Taiwan,Taipei,,yes,no,no,no,no,no,no,no,yes,Pegatron
295,36114,43.1,185.8,3717,13.8,328,128,no,no,yes,Wholesalers,Trading,India,Bengaluru,,yes,no,no,no,no,no,no,no,yes,Rajesh Exports
294,36122,7.2,809.6,49205,52.3,82728,13,no,no,yes,Industrials,Industrial Machinery,Japan,Tokyo,,yes,no,no,no,no,no,no,no,yes,Mitsubishi Heavy Industries
293,36211,-1.3,414.9,28299,0.6,195000,-19,no,yes,no,Food & Drug Stores,Food and Drug Stores,Canada,"Toronto, Ontario",,yes,no,no,no,no,no,no,no,yes,George Weston
292,36225,-14.2,3440.3,764712,13.2,89126,-68,no,yes,no,Financials,Banks: Commercial and Savings,Italy,Turin,,yes,no,no,no,no,no,no,no,yes,Intesa Sanpaolo
291,36230,-5.9,3252.2,920291,-49.6,59387,-34,no,yes,no,Financials,Banks: Commercial and Savings,Switzerland,Zurich,,yes,yes,no,no,no,no,no,no,yes,UBS Group
290,36445,7.6,2031,22566,0.9,155450,16,no,no,yes,Motor Vehicles & Parts,Motor Vehicles and Parts,Canada,"Aurora, Ontario",,yes,no,no,yes,no,no,no,no,yes,Magna International
289,36487,-12.6,3147,47233,121.6,27227,-59,no,yes,no,Energy,Petroleum Refining,Indonesia,Jakarta,,yes,no,no,no,no,no,no,no,yes,Pertamina
288,36534,2.5,1877,108610,-13.5,43275,-5,no,yes,no,Financials,Insurance: Property and Casualty (Stock),U.S.,Northbrook,Illinois,yes,no,no,yes,no,no,yes,no,no,Allstate
287,36556,-3.5,2263,40140,-69.2,88000,-22,no,yes,no,Transportation,Airlines,U.S.,Chicago,Illinois,yes,yes,no,yes,no,no,yes,no,no,United Continental Holdings
286,36580,-14.4,2256.7,27046,,38278,-66,no,yes,no,Energy,Utilities,Britain,Windsor,,yes,no,no,no,no,no,no,no,yes,Centrica
285,36617,7.4,687.8,203760,12.3,136739,20,no,no,yes,Financials,"Insurance: Life, Health (stock)",Italy,Rome,,yes,no,no,no,no,no,no,no,yes,Poste Italiane
284,36789,-25.7,2807.4,1498612,,119300,-103,no,yes,no,Financials,Banks: Commercial and Savings,Britain,London,,yes,no,no,no,no,no,no,no,yes,Barclays
283,36881,-10.9,1768,22373,44.9,114000,-48,no,yes,no,"Food, Beverages & Tobacco",Food Production,U.S.,Springdale,Arkansas,yes,yes,no,yes,no,no,yes,no,no,Tyson Foods
282,36888,10.4,1577.1,69669,154,70900,26,no,no,yes,Wholesalers,Trading,Japan,Tokyo,,yes,no,no,yes,no,no,no,no,yes,Sumitomo
281,36992,-4.5,830.5,35196,3.2,117542,-26,no,yes,no,Engineering & Construction,"Engineering, Construction",Spain,Madrid,,yes,no,no,no,no,no,no,no,yes,ACS
280,37047,-3.1,8901,112180,-10.4,136000,-20,no,yes,no,Technology,Computer Software,U.S.,Redwood City,California,yes,no,yes,yes,no,no,yes,no,no,Oracle
279,37051,0.1,2503,71523,39.3,430000,-6,no,yes,no,Motor Vehicles & Parts,Motor Vehicles and Parts,China,Hong Kong,,yes,no,no,no,no,no,no,no,yes,Jardine Matheson
278,37105,5.5,1492.3,523194,22.9,12997,13,no,no,yes,Financials,"Insurance: Life, Health (Mutual)",U.S.,New York,New York,yes,yes,no,yes,no,no,yes,no,no,TIAA
277,37240,12.8,1085.2,105495,-1,39887,34,no,no,yes,Financials,Real estate,China,Shanghai,,yes,no,no,yes,no,no,no,no,yes,Greenland Holding Group
276,37322,-0.8,1916.9,140911,37.9,202200,-6,no,yes,no,Energy,"Mining, Crude-Oil Production",China,Beijing,,yes,no,no,no,no,no,no,no,yes,Shenhua Group
275,37504,-11,995,79011,-16.3,30992,-50,no,yes,no,Energy,Pipelines,U.S.,Dallas,Texas,yes,no,no,yes,no,no,yes,no,no,Energy Transfer Equity
274,37543,-13.1,-85.9,144306,-111.1,143691,-57,no,yes,no,Energy,Energy,China,Beijing,,no,no,no,yes,no,no,no,no,yes,China Huaneng Group
273,37642,3,1230.9,72985,-90.4,99300,5,no,no,yes,Health Care,Pharmaceuticals,Britain,Brentford,,yes,no,yes,no,yes,no,no,no,yes,GlaxoSmithKline
272,37674,-6.3,-868,63253,-155.5,209000,,no,no,no,Industrials,Industrial Machinery,Ireland,Cork,,no,no,no,yes,no,no,no,no,yes,Johnson Controls International
271,37712,-3.8,7398,860165,21.6,34400,-19,no,yes,no,Financials,Banks: Commercial and Savings,U.S.,New York,New York,yes,yes,no,no,no,no,yes,yes,no,Goldman Sachs Group
270,37788,-1.2,1273.5,271040,-10.6,11737,-12,no,yes,no,Financials,"Insurance: Life, Health (Mutual)",U.S.,Springfield,Massachusetts,yes,yes,no,yes,no,no,yes,no,no,Massachusetts Mutual Life Insurance
269,37813,-12.7,2082.9,29899,200.3,21157,-53,no,yes,no,Energy,Utilities,Britain,Perth,,yes,no,no,yes,no,no,no,no,yes,SSE
268,37880,12.2,821.7,14838,43.7,61400,,yes,no,no,Industrials,Textiles,China,Suzhou City,,yes,no,no,yes,no,no,no,no,yes,Hengli Group
267,37949,0.1,5979,814949,-2.4,55311,-4,no,yes,no,Financials,Banks: Commercial and Savings,U.S.,New York,New York,yes,yes,no,no,no,no,yes,no,no,Morgan Stanley
266,38286,27.9,855.5,315387,-40.5,30259,85,no,no,yes,Financials,"Insurance: Life, Health (stock)",Canada,"Montreal, Quebec",,yes,no,no,yes,no,no,no,no,yes,Power Corp. of Canada
265,38308,-2.9,1006,125592,95.7,50000,-16,no,yes,no,Financials,Insurance: Property and Casualty (Stock),U.S.,Boston,Massachusetts,yes,yes,no,no,no,no,yes,no,no,Liberty Mutual Insurance Group
264,38537,-18,-67,74704,-103.2,95400,-70,no,yes,no,Industrials,Construction and Farm Machinery,U.S.,Peoria,Illinois,no,yes,no,no,no,no,yes,no,no,Caterpillar
263,38888,20.2,949.9,30719,-12.1,136820,57,no,no,yes,Motor Vehicles & Parts,Motor Vehicles and Parts,Germany,Friedrichshafen,,yes,yes,no,no,no,no,no,no,yes,ZF Friedrichshafen
262,39119,6.9,1942.6,37519,2.1,138700,14,no,no,yes,Technology,"Electronics, Electrical Equip.",Japan,Tokyo,,yes,no,no,yes,no,no,no,no,yes,Mitsubishi Electric
261,39155,35.7,-573,23077,,120622,105,no,no,yes,Technology,Internet Services and Retailing,China,Beijing,,no,no,no,yes,no,no,no,no,yes,JD.com
260,39302,1.9,4809,54146,0.9,131000,-4,no,yes,no,Technology,"Electronics, Electrical Equip.",U.S.,Morris Plains,New Jersey,yes,yes,no,yes,no,no,yes,no,no,Honeywell International
259,39323,24,74.5,81224,,228448,68,no,no,yes,Materials,"Building Materials, Glass",China,Beijing,,yes,no,no,yes,no,no,no,no,yes,China National Building Material Group
258,39403,-0.9,1228,13856,36.9,125000,-14,no,yes,no,Retailing,Specialty Retailers,U.S.,Richfield,Minnesota,yes,yes,no,no,no,no,yes,no,no,Best Buy
257,39639,-2.6,4373,51261,-3.4,83756,-18,no,yes,no,Transportation,Airlines,U.S.,Atlanta,Georgia,yes,yes,no,yes,no,no,yes,yes,no,Delta Air Lines
256,39668,4.7,1867,59360,-10.8,41000,8,no,no,yes,Health Care,Health Care: Insurance and Managed Care,U.S.,Bloomfield,Connecticut,yes,yes,no,yes,no,no,yes,no,no,Cigna
255,39807,0.8,3920,95377,-11.8,68000,-9,no,yes,no,Health Care,Pharmaceuticals,U.S.,Kenilworth,New Jersey,yes,yes,no,no,no,no,yes,no,no,Merck
254,40074,-0.4,334.3,197790,-42.4,34320,-13,no,yes,no,Financials,Insurance: Property and Casualty (Mutual),U.S.,Columbus,Ohio,yes,yes,no,yes,no,no,yes,yes,no,Nationwide
253,40180,-2,2676,51274,-64.8,122300,-17,no,yes,no,Transportation,Airlines,U.S.,Fort Worth,Texas,yes,no,no,yes,no,no,yes,no,no,American Airlines Group
252,40193,2.2,1814.9,146873,-35.7,97032,-1,no,yes,no,Financials,"Insurance: Life, Health (stock)",China,Shanghai,,yes,no,no,yes,no,no,no,no,yes,China Pacific Insurance (Group)
251,40234,-5.2,7201.6,848389,-1.8,58720,-30,no,yes,no,Financials,Banks: Commercial and Savings,China,Beijing,,yes,no,no,no,no,no,no,no,yes,China Minsheng Banking
250,40238,49.4,2209.7,537461,28.9,34500,144,no,no,yes,Financials,"Insurance: Life, Health (stock)",Canada,"Toronto, Ontario",,yes,no,no,yes,no,no,no,no,yes,Manulife Financial
249,40275,1.6,2825.3,103231,,42316,-4,no,yes,no,Wholesalers,Trading,Japan,Tokyo,,yes,no,no,no,no,no,no,no,yes,Mitsui
248,40278,6,-282.5,75089,,121146,14,no,no,yes,Materials,Metals,China,Beijing,,no,no,no,no,no,no,no,no,yes,Aluminum Corp. of China
247,40329,-4.2,1111.6,42162,-34,79558,-21,no,yes,no,Motor Vehicles & Parts,Motor Vehicles and Parts,India,Mumbai,,yes,no,no,yes,no,no,no,no,yes,Tata Motors
246,40606,11,423.7,128247,,49000,31,no,no,yes,Financials,"Insurance: Life, Health (stock)",South Korea,Seoul,,yes,no,no,yes,no,no,no,no,yes,Hanwha
500,21609,3.6,430.5,10060,-2.7,26000,,no,no,no,Retailing,Specialty Retailers,U.S.,Fort Lauderdale,Florida,yes,no,no,no,no,no,yes,no,no,AutoNation
245,40689,-3.2,7992.8,842832,-0.7,52832,-18,no,yes,no,Financials,Banks: Commercial and Savings,China,Shanghai,,yes,no,no,yes,no,no,no,no,yes,Shanghai Pudong Development Bank
499,21655,-5.5,1151.7,16247,195.5,66779,-32,no,yes,no,Business Services,Travel Services,Germany,Hanover,,yes,no,no,no,no,no,no,no,yes,TUI
244,40721,78.6,562,20197,58.3,30500,226,no,no,yes,Health Care,Health Care: Insurance and Managed Care,U.S.,St. Louis,Missouri,yes,no,no,yes,no,no,yes,no,no,Centene
243,40787,-11.1,1088.1,287196,324.1,11320,-45,no,yes,no,Financials,"Insurance: Life, Health (Mutual)",U.S.,New York,New York,yes,yes,no,no,no,no,yes,no,no,New York Life Insurance
498,21741,-11.3,406.4,11630,20.4,77210,-61,no,yes,no,Food & Drug Stores,Food and Drug Stores,Britain,Bradford,,yes,no,no,no,no,no,no,no,yes,Wm. Morrison Supermarkets
242,40921,31.6,517.5,308346,-6.1,42245,93,no,no,yes,Financials,"Insurance: Life, Health (Mutual)",Japan,Osaka,,yes,no,no,no,no,no,no,no,yes,Sumitomo Life Insurance
241,41274,-6.4,23.2,88626,-95.8,253724,-34,no,yes,no,Telecommunications,Telecommunications,China,Beijing,,yes,yes,no,yes,no,no,no,no,yes,China United Network Communications
497,21796,-13.3,743.9,100609,-45.6,54378,-70,no,yes,no,Financials,"Insurance: Life, Health (stock)",China,Beijing,,yes,no,no,yes,no,no,no,no,yes,New China Life Insurance
240,41376,-0.2,5207.4,110390,9.5,113816,-7,no,yes,no,Health Care,Pharmaceuticals,France,Paris,,yes,no,no,no,no,no,no,no,yes,Sanofi
239,41402,6.8,972.2,37032,-7.9,90000,15,no,no,yes,"Food, Beverages & Tobacco",Food Production,Singapore,Singapore,,yes,yes,no,no,no,no,no,no,yes,Wilmar International
496,21903,11.5,329,92890,-79.3,56960,,yes,no,no,Health Care,Pharmaceuticals,Israel,Petach Tikva,,yes,no,no,yes,no,no,no,no,yes,Teva Pharmaceutical Industries
238,41560,20.7,551.9,30267,10.8,75908,65,no,no,yes,Motor Vehicles & Parts,Motor Vehicles and Parts,China,Guangzhou,,yes,no,no,yes,no,no,no,no,yes,Guangzhou Automobile Industry Group
237,41620,5.4,816.7,28646,13,155069,11,no,no,yes,Technology,Information Technology Services,Japan,Tokyo,,yes,yes,no,no,no,no,no,no,yes,Fujitsu
495,21919,31.1,251.8,31957,49.9,65616,,yes,no,no,Wholesalers,Trading,China,Urumqi,,yes,no,no,yes,no,no,no,no,yes,Xinjiang Guanghui Industry Investment
236,41781,10.9,2377.6,46233,16.9,154493,32,no,no,yes,Motor Vehicles & Parts,Motor Vehicles and Parts,Japan,Kariya,,yes,no,no,yes,no,no,no,no,yes,Denso
494,21930,34.3,35.6,12161,-25.1,18454,,yes,no,no,Wholesalers,Trading,China,Xiamen,,yes,no,no,yes,no,no,no,no,yes,Xiamen ITG Holding Group
235,41863,-5.5,6527,87270,-11.2,100300,-29,no,yes,no,"Food, Beverages & Tobacco",Beverages,U.S.,Atlanta,Georgia,yes,yes,no,no,yes,no,yes,no,no,Coca-Cola
234,42113,0.5,1740.3,69870,-38.7,120479,-6,no,yes,no,Apparel,Apparel,France,Paris,,yes,no,no,yes,no,no,no,no,yes,Christian Dior
493,21941,-17.4,1999.4,74295,,61227,-89,no,yes,no,Telecommunications,Telecommunications,Italy,Milan,,yes,no,no,no,no,no,no,no,yes,Telecom Italia
233,42149,17,485.8,69621,-62.9,182129,48,no,no,yes,Industrials,Industrial Machinery,China,Beijing,,yes,no,no,yes,no,no,no,no,yes,China Shipbuilding Industry
232,42159,-7.6,8078,415730,121,325075,-33,no,yes,no,Financials,Banks: Commercial and Savings,Russia,Moscow,,yes,no,no,no,no,no,no,no,yes,Sberbank
492,21987,7.9,1251.1,11672,7.4,121000,,yes,no,no,Retailing,Specialty Retailers,U.S.,Goodlettsville,Tennessee,yes,no,no,yes,no,no,yes,no,no,Dollar General
231,42213,-67.3,-9344.4,67179,,43138,-199,no,yes,no,Energy,Energy,Germany,Essen,,no,no,no,no,no,no,no,no,yes,E.ON
230,42622,-8.2,8105.9,875731,1.5,56236,-35,no,yes,no,Financials,Banks: Commercial and Savings,China,Fuzhou,,yes,no,no,yes,no,no,no,no,yes,Industrial Bank
491,22036,-3.2,10150.6,82310,160.2,22132,-20,no,yes,no,Energy,Utilities,Britain,London,,yes,no,no,no,no,no,no,no,yes,National Grid
229,42679,-1.8,745,19188,-5.8,32000,-15,no,yes,no,"Food, Beverages & Tobacco",Food Production,U.S.,White Plains,New York,yes,yes,no,no,no,no,no,no,no,Bunge
490,22113,-20.1,413.6,20860,-20.8,38589,-107,no,yes,no,Engineering & Construction,"Engineering, Construction",China,Beijing,,yes,no,no,no,no,no,no,no,yes,China General Technology
228,42757,4.6,1208.5,65182,-0.2,100169,10,no,no,yes,Materials,Metals,Japan,Tokyo,,yes,yes,no,yes,no,no,no,no,yes,Nippon Steel &amp; Sumitomo Metal
227,42771,-1.9,2770.1,71642,22.1,183487,-17,no,yes,no,Engineering & Construction,"Engineering, Construction",France,Rueil-Malmaison,,yes,no,no,no,no,no,no,no,yes,Vinci
489,22138,-12,-2221,9362,,140000,-64,no,yes,no,Retailing,General Merchandisers,U.S.,Hoffman Estates,Illinois,no,no,no,no,no,no,yes,no,no,Sears Holdings
226,43035,-4.2,535.1,27186,,52000,-24,no,yes,no,Technology,"Computers, Office Equipment",China,Hong Kong,,yes,no,no,no,no,no,no,no,yes,Lenovo Group
225,43231,-6.4,1449.8,46158,0.9,172696,-29,no,yes,no,Materials,"Building Materials, Glass",France,Courbevoie,,yes,no,no,yes,no,no,no,no,yes,Saint-Gobain
488,22145,6.6,280.2,21729,15.6,18381,,yes,no,no,Wholesalers,Trading,China,Xiamen,,yes,no,no,yes,no,no,no,no,yes,Xiamen C&amp;D
224,43589,-11,328.6,39411,-7.1,156487,-40,no,yes,no,Materials,Metals,Germany,Essen,,yes,yes,no,yes,no,no,no,no,yes,ThyssenKrupp
223,43698,1.7,3842.8,771837,31.1,134792,-4,no,yes,no,Financials,Banks: Commercial and Savings,Spain,Bilbao,,yes,no,no,no,no,no,no,no,yes,Banco Bilbao Vizcaya Argentaria
487,22167,-2.3,447.5,7426,-0.8,15173,-13,no,yes,no,Energy,Energy,Brazil,Sao Paulo,,yes,no,no,yes,no,no,no,no,yes,Ultrapar Holdings
222,43743,4.5,740.9,22578,22.8,29637,7,no,no,yes,Energy,Energy,China,Shanghai,,yes,no,no,yes,no,no,no,no,yes,CEFC China Energy
221,43769,-3.3,-146.8,51858,,125552,-20,no,yes,no,Materials,Metals,China,Shijiazhuang,,no,no,no,no,no,no,no,no,yes,HBIS Group
486,22207,-11.4,1221.1,15969,42.1,2949,-55,no,yes,no,Energy,Petroleum Refining,South Korea,Seoul,,yes,no,no,no,no,no,no,no,yes,GS Caltex
220,43786,22.6,3558,215065,-22.6,14053,62,no,no,yes,Financials,Insurance: Property and Casualty (Stock),Switzerland,Zurich,,yes,yes,no,yes,no,no,no,no,yes,Swiss Re
485,22366,3.7,106,19738,-23.6,60354,,yes,no,no,Retailing,Specialty Retailers,China,Nanjing,,yes,no,no,yes,no,no,no,no,yes,Suning Commerce Group
219,43822,17.8,5045.1,56223,22.5,35032,52,no,no,yes,Telecommunications,Telecommunications,Japan,Tokyo,,yes,yes,no,yes,no,no,no,no,yes,KDDI
218,43925,-13.2,-898.3,17495,-150.3,205000,-42,no,yes,no,Food & Drug Stores,Food and Drug Stores,Australia,Bella Vista,,no,no,no,yes,no,no,no,no,yes,Woolworths
484,22477,-2,707.2,15766,-12.7,425594,-18,no,yes,no,"Hotels, Restaurants & Leisure",Food Services,France,Issy-les-Moulineaux,,yes,yes,no,yes,no,no,no,no,yes,Sodexo
217,44533,6.8,36,530590,-98.1,278872,15,no,no,yes,Financials,Banks: Commercial and Savings,India,Mumbai,,yes,no,yes,no,no,no,no,no,yes,State Bank of India
216,44552,-8.1,9344.8,855070,1.8,70461,-27,no,yes,no,Financials,Banks: Commercial and Savings,China,Shenzhen,,yes,no,no,no,no,no,no,no,yes,China Merchants Bank
483,22559,8.1,2659,129819,5,10212,,no,no,no,Financials,"Insurance: Life, Health (stock)",U.S.,Columbus,Georgia,yes,yes,no,yes,no,no,yes,yes,no,Aflac
215,44654,5.5,3250.6,72902,62.3,110207,8,no,no,yes,Wholesalers,Trading,Japan,Osaka,,yes,no,no,no,no,no,no,no,yes,Itochu
214,44747,2.7,2890,33758,35.7,210500,-2,no,yes,no,Health Care,Health Care: Medical Facilities,U.S.,Nashville,Tennessee,yes,yes,no,yes,no,no,yes,no,no,HCA Holdings
482,22618,4.6,2192.3,10681,-12.3,114586,6,no,no,yes,Retailing,Specialty Retailers,Sweden,Stockholm,,yes,no,no,yes,no,no,no,no,yes,H &amp; M Hennes &amp; Mauritz
213,44842,3,3099.1,38151,2.4,220137,,no,no,no,Motor Vehicles & Parts,Motor Vehicles and Parts,Germany,Hanover,,yes,yes,no,yes,no,no,no,no,yes,Continental
212,44850,0.1,768.6,59716,,306368,-9,no,yes,no,Transportation,Railroads,Germany,Berlin,,yes,no,no,yes,no,no,no,no,yes,Deutsche Bahn
481,22744,5.8,5888,445964,0.2,71191,9,no,no,yes,Financials,Banks: Commercial and Savings,U.S.,Minneapolis,Minnesota,yes,yes,no,yes,no,no,yes,no,no,U.S. Bancorp
211,45177,9.1,17.9,54341,,110614,23,no,no,yes,Chemicals,Chemicals,China,Beijing,,yes,no,no,no,no,no,no,no,yes,ChemChina
210,45249,1.3,3245.7,99840,10.3,155202,-6,no,yes,no,Telecommunications,Telecommunications,France,Paris,,yes,no,no,no,no,no,no,no,yes,Orange
209,45425,3.7,2373.8,42141,2,51357,-1,no,yes,no,Motor Vehicles & Parts,Motor Vehicles and Parts,South Korea,Seoul,,yes,no,no,yes,no,no,no,no,yes,Kia Motors
208,45621,-11.8,1167.5,66361,669.8,31768,-35,no,yes,no,Materials,Metals,South Korea,Seoul,,yes,yes,no,no,no,no,no,no,yes,POSCO
207,45873,-23.4,-2902,104530,,20539,-62,no,yes,no,Energy,Petroleum Refining,Norway,Stavanger,,no,no,no,no,no,no,no,no,yes,Statoil
206,45905,5.3,1241,258381,-85,206633,5,no,no,yes,"Food, Beverages & Tobacco",Beverages,Belgium,Leuven,,yes,yes,no,yes,no,no,no,no,yes,Anheuser-Busch InBev
205,46528,-30.3,8.7,12285,,1000,-89,no,yes,no,Wholesalers,Trading,China,Hong Kong,,yes,no,no,no,no,no,no,no,yes,Noble Group
204,46606,-11.5,442.8,106725,,169344,71,no,no,yes,Materials,Metals,China,Shanghai,,yes,yes,no,yes,no,no,no,no,yes,China Baowu Steel Group
203,46931,8,4458.9,108856,5.6,140483,12,no,no,yes,Energy,Petroleum Refining,India,Mumbai,,yes,no,no,yes,no,no,no,no,yes,Reliance Industries
202,47375,19.2,6520.5,1775349,21,77205,41,no,no,yes,Financials,Banks: Commercial and Savings,Japan,Tokyo,,yes,no,no,yes,no,no,no,no,yes,Sumitomo Mitsui Financial Group
201,47712,-4.6,66.2,31348,-39.8,75000,-21,no,yes,no,Technology,"Electronics, Electrical Equip.",South Korea,Seoul,,yes,no,no,no,no,no,no,no,yes,LG Electronics
200,47804,-3,1327.3,442027,5.8,5035,-18,no,yes,no,Financials,"Insurance: Life, Health (stock)",France,Paris,,yes,no,no,yes,no,no,no,no,yes,CNP Assurances
199,47810,7.9,504,36767,13.7,106772,6,no,no,yes,Health Care,Pharmaceuticals,China,Beijing,,yes,no,no,yes,no,no,no,no,yes,Sinopharm
198,48003,-7.6,296.1,30358,-85.4,220000,-27,no,yes,no,Food & Drug Stores,Food and Drug Stores,Australia,Perth,,yes,no,no,yes,no,no,no,no,yes,Wesfarmers
197,48154,-7.3,687.8,46270,,232503,-27,no,yes,no,Food & Drug Stores,Food and Drug Stores,France,Paris,,yes,no,no,no,no,no,no,no,yes,Finatis
196,48158,-1.3,4318,79511,-43.8,56000,-9,no,yes,no,Chemicals,Chemicals,U.S.,Midland,Michigan,yes,no,no,yes,no,no,yes,no,no,Dow Chemical
195,48204,-6.6,-6249.1,80576,,58652,-21,no,yes,no,Energy,Utilities,Germany,Essen,,no,no,no,no,no,no,no,no,yes,RWE
194,48238,-53.3,2496,29010,-45.2,49000,-146,no,yes,no,Technology,"Computers, Office Equipment",U.S.,Palo Alto,California,yes,no,no,no,no,no,yes,no,no,HP
193,48292,26.6,2527.4,202923,19.2,38842,68,no,no,yes,Financials,Insurance: Property and Casualty (Stock),Japan,Tokyo,,yes,no,no,yes,no,no,no,no,yes,Tokio Marine Holdings
192,48719,-17.7,2681.6,62349,360.6,24934,-46,no,yes,no,Energy,Petroleum Refining,Thailand,Bangkok,,yes,no,no,yes,no,no,no,no,yes,PTT
191,48825,-0.1,107.7,31605,-92.3,237061,-6,no,yes,no,"Food, Beverages & Tobacco",Food Production,Brazil,Sao Paulo,,yes,no,no,no,no,no,no,no,yes,JBS
190,48869,7.2,1057.6,86687,-9.6,187813,10,no,no,yes,Engineering & Construction,"Engineering, Construction",China,Beijing,,yes,no,no,no,no,no,no,no,yes,PowerChina
189,48876,-6.8,-1550.4,1677437,,99744,-23,no,yes,no,Financials,Banks: Commercial and Savings,Germany,Frankfurt,,no,no,no,no,no,no,no,no,yes,Deutsche Bank
188,49239,17.9,1942.2,190596,28.5,40641,43,no,no,yes,Financials,Insurance: Property and Casualty (Stock),Japan,Tokyo,,yes,no,no,yes,no,no,no,no,yes,MS&amp;AD Insurance Group Holdings
187,49247,0.2,10739,121652,19.6,73700,-4,no,yes,no,Technology,Network and Other Communications Equipment,U.S.,San Jose,California,yes,yes,no,yes,no,no,yes,yes,no,Cisco Systems
186,49436,-3.1,6712,130124,-62.3,118393,-11,no,yes,no,Health Care,Pharmaceuticals,Switzerland,Basel,,yes,yes,no,no,no,no,no,no,yes,Novartis
185,49446,-2.2,1225.7,110202,4.5,42060,-8,no,yes,no,Energy,Utilities,Japan,Tokyo,,yes,no,no,no,no,no,no,no,yes,Tokyo Electric Power
184,49479,-22,4092.9,134528,21.4,51034,-59,no,yes,no,Energy,Petroleum Refining,Malaysia,Kuala Lumpur,,yes,no,no,no,no,no,no,no,yes,Petronas
183,49677,3.9,1199.9,18405,5.2,17852,7,no,no,yes,Technology,"Electronics, Electrical Equip.",China,Shenzhen,,yes,no,no,yes,no,no,no,no,yes,Amer International Group
182,49838,-10.6,305,19843,44.5,17407,-25,no,yes,no,"Food, Beverages & Tobacco",Food Production,Netherlands,Rotterdam,,yes,no,no,no,no,no,no,no,yes,Louis Dreyfus Company
181,50123,,3161,79679,,195000,,yes,no,no,Technology,Information Technology Services,U.S.,Palo Alto,California,yes,no,yes,no,no,no,yes,no,no,Hewlett Packard Enterprise
180,50365,6.1,1820,46064,73.3,335767,12,no,no,yes,Transportation,"Mail, Package, and Freight Delivery",U.S.,Memphis,Tennessee,yes,yes,no,yes,no,no,yes,yes,no,FedEx
179,50367,3.5,949.6,16722,38.3,51900,9,no,no,yes,Wholesalers,Wholesalers: Food and Grocery,U.S.,Houston,Texas,yes,no,no,yes,no,no,yes,no,no,Sysco
178,50658,9.8,5302,47806,47.1,97000,19,no,no,yes,Aerospace & Defense,Aerospace and Defense,U.S.,Bethesda,Maryland,yes,yes,yes,no,no,no,yes,no,no,Lockheed Martin
177,51500,-0.6,6074.1,147265,-48.3,43688,-5,no,yes,no,Energy,Utilities,South Korea,Jeollanam-do,,yes,no,no,yes,no,no,no,no,yes,Korea Electric Power
176,52201,-7.4,462.9,73555,-79,194193,-22,no,yes,no,Telecommunications,Telecommunications,Mexico,Mexico City,,yes,no,no,no,no,no,no,no,yes,America Movil
175,52367,-10.2,-849,498264,-138.7,56400,-25,no,yes,no,Financials,Insurance: Property and Casualty (Stock),U.S.,New York,New York,no,no,no,no,no,no,yes,no,no,AIG
174,52569,0.3,5010.6,86731,9.9,115170,-9,no,yes,no,Health Care,Pharmaceuticals,Germany,Leverkusen,,yes,no,no,no,no,no,no,no,yes,Bayer
173,52824,8.1,7215,171615,3.7,96500,13,no,no,yes,Health Care,Pharmaceuticals,U.S.,New York,New York,yes,yes,no,no,no,no,yes,no,no,Pfizer
172,52852,-5.5,3236.3,938261,-14,201263,-16,no,yes,no,Financials,Diversified Financials,China,Beijing,,yes,no,no,yes,no,no,no,no,yes,CITIC Group
171,52990,-7.1,10116.9,1209176,-4.4,95160,-18,no,yes,no,Financials,Banks: Commercial and Savings,China,Shanghai,,yes,no,no,yes,no,no,no,no,yes,Bank of Communications
170,53035,79.4,278.9,173095,18.7,220258,183,no,no,yes,Transportation,Airlines,China,Haikou City,,yes,no,no,yes,no,no,no,no,yes,HNA Group
169,53427,2,9719.9,75609,5.5,94052,-2,no,yes,no,Health Care,Pharmaceuticals,Switzerland,Basel,,yes,yes,no,yes,no,no,no,no,yes,Roche Group
168,53562,-2.1,2960,42132,72.7,34999,-7,no,yes,no,Energy,Petroleum Refining,India,New Delhi,,yes,no,no,yes,no,no,no,no,yes,Indian Oil
167,53858,7.5,892.9,49244,-33,54712,12,no,no,yes,Food & Drug Stores,Food and Drug Stores,Japan,Tokyo,,yes,no,no,yes,no,no,no,no,yes,Seven &amp; I Holdings
166,54379,0.2,614,25396,-51.9,51600,-4,no,yes,no,Health Care,Health Care: Insurance and Managed Care,U.S.,Louisville,Kentucky,yes,yes,no,yes,no,no,yes,no,no,Humana
165,54955,29.7,917.9,38257,-2.9,225000,57,no,no,yes,Food & Drug Stores,Food and Drug Stores,Netherlands,Zaandam,,yes,yes,no,yes,no,no,no,no,yes,Royal Ahold Delhaize
164,55185,15.9,8550.1,2722354,7.9,115276,27,no,no,yes,Financials,Banks: Commercial and Savings,Japan,Tokyo,,yes,yes,no,yes,no,no,no,no,yes,Mitsubishi UFJ Financial Group
163,55282,-16.5,5501.6,888226,0.7,51943,-46,no,yes,no,Financials,Banks: Commercial and Savings,Netherlands,Amsterdam,,yes,no,no,no,no,no,no,no,yes,ING Group
162,55306,-8.2,464.2,124892,-47.4,457097,-19,no,yes,no,Aerospace & Defense,Aerospace and Defense,China,Beijing,,yes,no,no,no,no,no,no,no,yes,Aviation Industry Corp. of China
161,55632,6,9391,92033,12,195000,3,no,no,yes,Media,Entertainment,U.S.,Burbank,California,yes,yes,no,yes,no,no,yes,no,no,Disney
160,55858,-13.5,1174,44413,-58.8,44460,-40,no,yes,no,Energy,Petroleum Refining,U.S.,Findlay,Ohio,yes,no,no,no,no,no,yes,no,no,Marathon Petroleum
159,56174,5.9,1217.2,31641,8.6,135393,4,no,no,yes,Industrials,Textiles,China,Shandong,,yes,no,no,no,no,no,no,no,yes,Shandong Weiqiao Pioneering Group
158,56553,-12.7,2705.1,180756,-53.4,295800,-40,no,yes,no,Energy,Petroleum Refining,Russia,Moscow,,yes,no,no,yes,no,no,no,no,yes,Rosneft Oil
157,56667,12.7,3780.9,107681,20.7,124849,21,no,no,yes,Motor Vehicles & Parts,Motor Vehicles and Parts,France,Boulogne-Billancourt,,yes,yes,no,yes,no,no,no,no,yes,Renault
156,56791,-10.7,1779,75142,,198517,-33,no,yes,no,Materials,Metals,Luxembourg,Luxembourg,,yes,yes,no,no,no,no,no,no,yes,ArcelorMittal
155,57244,-6.2,5055,89706,-33.6,201600,-19,no,yes,no,Aerospace & Defense,Aerospace and Defense,U.S.,Farmington,Connecticut,yes,yes,no,yes,yes,no,yes,no,no,United Technologies
154,57443,31.3,5127.9,366418,-5.7,94541,55,no,no,yes,Financials,Banks: Commercial and Savings,Brazil,Osasco,,yes,no,no,yes,no,no,no,no,yes,Banco Bradesco
153,57544,-5.5,2619.7,130396,283.4,127323,-16,no,yes,no,Telecommunications,Telecommunications,Spain,Madrid,,yes,yes,no,no,no,no,no,no,yes,Telefonica
152,57774,-21.4,-10256.3,113115,,125689,-54,no,yes,no,Energy,"Mining, Crude-Oil Production",Mexico,Mexico City,,no,no,no,no,no,no,no,no,yes,Pemex
151,58093,-13.4,2013.8,426416,-52.3,100622,-36,no,yes,no,Financials,Banks: Commercial and Savings,Brazil,Brasilia,,yes,no,no,no,no,no,no,no,yes,Banco do Brasil
150,58292,-1.4,5732.7,59512,5.3,168832,-3,no,yes,no,Household Products,Household and Personal Products,Britain/Netherlands,London,,yes,yes,no,no,yes,no,no,no,yes,Unilever
149,58611,-5,-6904,165420,,111556,-16,no,yes,no,Telecommunications,Telecommunications,Britain,Newbury,,no,yes,no,no,no,no,no,no,yes,Vodafone Group
148,58779,2.9,4368,783962,-22.6,49739,4,no,no,yes,Financials,"Insurance: Life, Health (stock)",U.S.,Newark,New Jersey,yes,yes,no,yes,no,no,yes,no,no,Prudential Financial
147,58789,50.5,483.3,448666,-38.7,29380,106,no,no,yes,Financials,"Insurance: Life, Health (stock)",Netherlands,The Hague,,yes,no,no,no,no,no,no,no,yes,Aegon
146,58862,-2.2,652.4,38537,13.5,342709,-2,no,yes,no,Food & Drug Stores,Food and Drug Stores,France,Croix,,yes,no,no,yes,no,no,no,no,yes,Auchan Holding
145,59303,2.8,4063.5,141402,,77164,6,no,no,yes,Wholesalers,Trading,Japan,Tokyo,,yes,no,no,yes,no,no,no,no,yes,Mitsubishi
144,59387,7.3,10316,113327,-9.7,106000,14,no,no,yes,Technology,Semiconductors and Other Electronic Components,U.S.,Santa Clara,California,yes,yes,no,no,yes,no,yes,no,no,Intel
143,59533,-1.9,468,57484,,60576,-4,no,yes,no,Wholesalers,Trading,China,Beijing,,yes,no,no,yes,no,no,no,no,yes,Sinochem Group
142,59590,-2.5,2134.5,466617,43.5,62606,-7,no,yes,no,Financials,"Insurance: Life, Health (stock)",Japan,Tokyo,,yes,no,no,yes,no,no,no,no,yes,Dai-ichi Life Holdings
141,59678,1.6,-373.3,23755,,273000,,no,no,no,Food & Drug Stores,Food and Drug Stores,U.S.,Boise,Idaho,no,no,no,no,no,no,yes,no,no,Albertsons Cos.
140,59749,-1.5,1913.1,47620,91.8,175341,,no,no,no,Motor Vehicles & Parts,Motor Vehicles and Parts,France,Paris,,yes,no,no,no,no,no,no,no,yes,Peugeot
139,60800,124,3883.9,430040,0.9,40707,,yes,no,no,Financials,"Insurance: Life, Health (Mutual)",China,Beijing,,yes,no,no,yes,no,no,no,no,yes,Anbang Insurance Group
138,60906,4.4,3431,40377,-29.2,335520,11,no,no,yes,Transportation,"Mail, Package, and Freight Delivery",U.S.,Atlanta,Georgia,yes,yes,no,no,no,no,yes,no,no,UPS
137,61130,11.3,1260.6,57783,14.9,134765,23,no,no,yes,Motor Vehicles & Parts,Motor Vehicles and Parts,China,Beijing,,yes,no,no,yes,no,no,no,no,yes,Beijing Automotive Group
136,61265,-5,204.5,72072,-23,101708,-15,no,yes,no,Wholesalers,Trading,China,Beijing,,yes,no,no,no,no,no,no,no,yes,COFCO
135,61326,-0.5,853,53140,6.2,234771,-1,no,yes,no,Aerospace & Defense,Aerospace and Defense,China,Beijing,,yes,no,no,no,no,no,no,no,yes,China North Industries Group
134,62346,-7.9,1279,39769,-30.8,31800,-22,no,yes,no,"Food, Beverages & Tobacco",Food Production,U.S.,Chicago,Illinois,yes,yes,no,no,no,no,yes,no,no,Archer Daniels Midland
133,62387,1,1764.6,115819,2.9,413536,-1,no,yes,no,Telecommunications,Telecommunications,China,Beijing,,yes,yes,no,no,no,no,no,no,yes,China Telecommunications
132,62694,-32.6,-1619,131349,,33536,-67,no,yes,no,Energy,Petroleum Refining,Italy,Rome,,no,no,no,no,no,no,no,no,yes,ENI
131,62799,-0.4,6329,74129,16.1,264000,-4,no,yes,no,"Food, Beverages & Tobacco",Food Consumer Products,U.S.,Purchase,New York,yes,yes,yes,yes,yes,no,yes,no,no,PepsiCo
130,63155,4.7,2271,69146,-5,49500,12,no,no,yes,Health Care,Health Care: Insurance and Managed Care,U.S.,Hartford,Connecticut,yes,yes,no,no,no,no,yes,no,no,Aetna
129,63324,-1.4,141.7,34713,-11.6,17353,-7,no,yes,no,Wholesalers,Trading,China,Tianjin,,yes,no,no,no,no,no,no,no,yes,Tewoo Group
128,63476,-9.3,800,898764,-84.9,58000,-24,no,yes,no,Financials,"Insurance: Life, Health (stock)",U.S.,New York,New York,yes,no,no,no,no,no,yes,no,no,MetLife
127,63629,1.8,1477.3,59767,,26247,4,no,no,yes,Energy,Petroleum Refining,Japan,Tokyo,,yes,no,no,no,no,no,no,no,yes,JXTG Holdings
126,63641,-18.6,4485.3,80675,1.4,109543,-38,no,yes,no,Chemicals,Chemicals,Germany,Ludwigshafen,,yes,yes,no,yes,no,no,no,no,yes,BASF
125,64784,3.1,2411.3,54772,-25.9,122323,5,no,no,yes,Motor Vehicles & Parts,Motor Vehicles and Parts,China,Changchun,,yes,no,no,no,no,no,no,no,yes,China FAW Group
124,64806,18.1,-1672,118206,,138000,,no,no,no,Technology,"Computers, Office Equipment",U.S.,Round Rock,Texas,no,no,no,yes,no,no,yes,no,no,Dell Technologies
123,64853,-9,665,28039,-13.6,196540,-22,no,yes,no,Food & Drug Stores,Food and Drug Stores,Germany,Dusseldorf,,yes,no,no,no,no,no,no,no,yes,Metro
122,65017,10.1,3093,34408,21.5,240000,26,no,no,yes,Retailing,Specialty Retailers,U.S.,Mooresville,North Carolina,yes,yes,no,yes,no,no,yes,no,no,Lowe's
121,65208,38.2,2784.4,1010245,111.9,70433,72,no,no,yes,Financials,Banks: Commercial and Savings,Britain,London,,yes,no,no,no,no,no,no,no,yes,Lloyds Banking Group
120,65547,105.6,-446.7,109334,,212406,203,no,no,yes,Materials,Metals,China,Beijing,,no,yes,no,yes,no,no,no,no,yes,China Minmetals
119,65605,-5.8,4980.3,1221649,18.7,941211,-14,no,yes,no,Transportation,"Mail, Package, and Freight Delivery",China,Beijing,,yes,no,no,yes,no,no,no,no,yes,China Post Group
118,65665,3.4,7815,2023376,22.6,5982,6,no,no,yes,Financials,Diversified Financials,U.S.,McLean,Virginia,yes,no,no,yes,no,no,yes,no,no,Freddie Mac
117,65787,-3.8,2918.3,40387,70.8,459262,-9,no,yes,no,Transportation,"Mail, Package, and Freight Delivery",Germany,Bonn,,yes,yes,no,yes,no,no,no,no,yes,Deutsche Post DHL Group
116,65792,8.2,1433.7,61904,176.4,39952,22,no,no,yes,Wholesalers,Trading,Japan,Tokyo,,yes,no,no,yes,no,no,no,no,yes,Marubeni
115,65892,-2.8,1752.4,166595,-62,100821,-6,no,yes,no,Energy,"Mining, Crude-Oil Production",China,Beijing,,yes,no,no,no,no,no,no,no,yes,China National Offshore Oil
114,66732,3.3,2144.3,134132,-31,188570,5,no,no,yes,Financials,Insurance: Property and Casualty (Stock),China,Beijing,,yes,no,no,yes,no,no,no,no,yes,People's Insurance Co. of China
113,66876,21.4,6666.4,415972,-13.7,94779,46,no,no,yes,Financials,Banks: Commercial and Savings,Brazil,Sao Paulo,,yes,no,no,yes,no,no,no,no,yes,Itau Unibanco Holding
112,67245,11,3211,382679,74.3,52473,29,no,no,yes,Financials,Insurance: Property and Casualty (Stock),Switzerland,Zurich,,yes,no,no,no,no,no,no,no,yes,Zurich Insurance Group
111,67388,0.4,2786.9,650429,-17.1,85171,3,no,no,yes,Financials,"Insurance: Life, Health (Mutual)",Japan,Osaka,,yes,no,no,yes,no,no,no,no,yes,Nippon Life Insurance
110,67775,6.7,1378.4,53702,0.2,257533,18,no,no,yes,Technology,"Electronics, Electrical Equip.",Japan,Osaka,,yes,yes,no,yes,yes,no,no,no,yes,Panasonic
109,68700,-1.1,2853.1,282435,-17.2,43428,-3,no,yes,no,Financials,Insurance: Property and Casualty (Stock),Germany,Munich,,yes,no,no,no,yes,no,no,no,yes,Munich Re Group
108,69335,-1.1,4284,1457753,-3.5,151341,-65,no,yes,no,Financials,Banks: Commercial and Savings,France,Paris,,yes,no,no,yes,no,no,no,no,yes,Societe Generale
107,69495,-5.8,2737,37431,-18.6,323000,-10,no,yes,no,Retailing,General Merchandisers,U.S.,Minneapolis,Minnesota,yes,yes,no,no,no,no,yes,no,no,Target
106,70166,-14.2,2289,46173,-42.6,9996,-23,no,yes,no,Energy,Petroleum Refining,U.S.,San Antonio,Texas,yes,no,no,no,no,no,yes,no,no,Valero Energy
105,70170,3.9,676.4,158519,-45.1,128400,8,no,no,yes,Technology,"Electronics, Electrical Equip.",Japan,Tokyo,,yes,yes,no,yes,no,no,no,no,yes,Sony
104,70517,25.5,4410.1,1302721,22.6,102827,51,no,no,yes,Financials,Banks: Commercial and Savings,France,Paris,,yes,no,no,no,no,no,no,no,yes,Groupe BPCE
103,70751,4.4,1431.3,146763,-16.2,152666,7,no,no,yes,Engineering & Construction,"Engineering, Construction",China,Beijing,,yes,no,no,yes,no,no,no,no,yes,China Communications Construction
102,70897,-16.3,3090.6,82179,-35.1,105500,-26,no,yes,no,Energy,Petroleum Refining,Russia,Moscow,,yes,no,no,no,no,no,no,no,yes,Lukoil
101,71151,1.5,580.3,51857,-61,232817,1,no,no,yes,Aerospace & Defense,Aerospace and Defense,China,Beijing,,yes,no,no,no,no,no,no,no,yes,China South Industries Group
100,71242,-4.6,2329.8,99187,4.8,302421,-5,no,yes,no,Energy,Utilities,China,Guangzhou,,yes,no,no,no,no,no,no,no,yes,China Southern Power Grid
99,71498,3.7,-5591,25219,,574349,8,no,no,yes,Transportation,"Mail, Package, and Freight Delivery",U.S.,Washington,District of Columbia,no,no,yes,yes,no,no,no,no,no,U.S. Postal Service
98,71726,-8.9,10508,127136,49.3,105000,-12,no,yes,no,Household Products,Household and Personal Products,U.S.,Cincinnati,Ohio,yes,yes,no,no,no,no,yes,no,no,Procter &amp; Gamble
97,71890,2.6,16540,141208,7.3,126400,6,no,no,yes,Health Care,Pharmaceuticals,U.S.,New Brunswick,New Jersey,yes,yes,no,no,yes,no,yes,no,no,Johnson &amp; Johnson
96,72396,-16.9,1555,51653,-63.2,14800,-22,no,yes,no,Energy,Petroleum Refining,U.S.,Houston,Texas,yes,no,no,yes,no,no,yes,no,no,Phillips 66
95,72579,107.4,659.7,85332,-86,84000,199,no,no,yes,Energy,Petroleum Refining,South Korea,Seoul,,yes,no,no,yes,no,no,no,no,yes,SK Holdings
94,73628,3,1100.3,117204,-63.2,133782,6,no,no,yes,Aerospace & Defense,Aerospace and Defense,Netherlands,Leiden,,yes,yes,no,no,no,no,no,no,yes,Airbus Group
93,73692,-4.9,-458.9,167158,,153090,-4,no,yes,no,Energy,Energy,France,Courbevoie,,no,no,yes,no,no,no,no,no,yes,Engie
92,74393,-15.1,-52.7,57052,-125.3,342770,-20,no,yes,no,Food & Drug Stores,Food and Drug Stores,Britain,Welwyn Garden City,,no,no,no,no,no,no,no,no,yes,Tesco
91,74407,,-3557.5,51541,,12890,,yes,no,no,Energy,Energy,Germany,Dusseldorf,,no,no,no,no,no,no,no,no,yes,Uniper
90,74628,105.9,948.8,544063,-32.3,29530,189,no,no,yes,Financials,"Insurance: Life, Health (stock)",Britain,London,,yes,no,no,no,no,no,no,no,yes,Aviva
89,74629,2.2,3168.1,48196,-1.2,362128,10,no,no,yes,Engineering & Construction,"Engineering, Construction",China,Nanjing,,yes,no,no,yes,no,no,no,no,yes,Pacific Construction Group
88,75329,-15.4,2479,2374986,-81.7,241000,-20,no,yes,no,Financials,Banks: Commercial and Savings,Britain,London,,yes,yes,no,no,no,no,no,no,yes,HSBC Holdings
87,75772,11.8,103.9,78223,108.6,274760,24,no,no,yes,Retailing,General Merchandisers,Japan,Chiba,,yes,no,no,yes,no,no,no,no,yes,AEON
86,75776,-1,2580.2,158291,3.7,420572,5,no,no,yes,Health Care,Pharmaceuticals,China,Hong Kong,,yes,no,no,no,no,no,no,no,yes,China Resources National
85,76132,0.6,350.3,256030,-94.4,68234,8,no,no,yes,Financials,Insurance: Property and Casualty (Mutual),U.S.,Bloomington,Illinois,yes,yes,no,no,no,no,yes,no,no,State Farm Insurance Cos.
84,78064,-7,2842,164096,16.7,62080,-6,no,yes,no,Energy,Utilities,Italy,Rome,,yes,no,no,no,no,no,no,no,yes,Enel
83,78511,24.9,5579.4,63837,-5,180000,46,no,no,yes,Technology,Network and Other Communications Equipment,China,Shenzhen,,yes,no,no,yes,no,no,no,no,yes,Huawei Investment &amp; Holding
82,78740,-5.4,3152.8,297026,139.4,154808,-2,no,yes,no,Energy,Utilities,France,Paris,,yes,no,no,no,no,no,no,no,yes,Electricite de France
81,79919,-3.1,11872,117470,-10,414400,1,no,no,yes,Technology,Information Technology Services,U.S.,Armonk,New York,yes,yes,yes,yes,yes,no,yes,no,no,IBM
80,80258,-4.6,3914.7,1607501,0.4,70830,-3,no,yes,no,Financials,Banks: Commercial and Savings,France,Paris,,yes,no,no,no,no,no,no,no,yes,Credit Agricole
79,80403,7.9,8695,180500,6.5,159000,17,no,no,yes,Telecommunications,Telecommunications,U.S.,Philadelphia,Pennsylvania,yes,yes,no,yes,no,no,yes,no,no,Comcast
78,80701,-0.8,4659,148092,-17.9,129315,6,no,no,yes,Motor Vehicles & Parts,Motor Vehicles and Parts,South Korea,Seoul,,yes,no,no,no,no,no,no,no,yes,Hyundai Motor
77,80832,5.3,2958.1,156597,-18,221000,13,no,no,yes,Telecommunications,Telecommunications,Germany,Bonn,,yes,no,no,no,no,no,no,no,yes,Deutsche Telekom
76,80869,3.3,2155.3,86348,-39.1,389281,11,no,no,yes,Motor Vehicles & Parts,Motor Vehicles and Parts,Germany,Stuttgart,,yes,yes,no,yes,no,no,no,no,yes,Robert Bosch
75,81405,-16.3,-4838,246983,,68829,-17,no,yes,no,Energy,Petroleum Refining,Brazil,Rio de Janeiro,,no,no,no,no,no,no,no,no,yes,Petrobras
74,82386,-6.7,14912,1792077,-13.5,219000,-4,no,yes,no,Financials,Banks: Commercial and Savings,U.S.,New York,New York,yes,yes,no,no,no,no,yes,no,no,Citigroup
73,82801,-2.5,6860.7,1412281,3.7,185606,2,no,no,yes,Financials,Banks: Commercial and Savings,Spain,Madrid,,yes,no,no,no,no,no,no,no,yes,Banco Santander
72,82892,8.4,13163.4,221113,233.3,68402,20,no,no,yes,Telecommunications,Telecommunications,Japan,Tokyo,,yes,no,no,yes,no,no,no,no,yes,SoftBank Group
71,84558,1.2,2134.3,86742,48.8,303887,8,no,no,yes,Technology,"Electronics, Electrical Equip.",Japan,Tokyo,,yes,yes,no,no,no,no,no,no,yes,Hitachi
70,84863,7.2,2469.8,65083,-3.5,53000,15,no,no,yes,Health Care,Health Care: Insurance and Managed Care,U.S.,Indianapolis,Indiana,yes,no,no,no,no,no,yes,no,no,Anthem
69,85320,-8.8,16798,193694,37.8,114000,-6,no,yes,no,Technology,Computer Software,U.S.,Redmond,Washington,yes,yes,no,no,no,no,yes,no,no,Microsoft
68,86194,4.1,1415,59532,-4.4,189795,13,no,no,yes,Motor Vehicles & Parts,Motor Vehicles and Parts,China,Wuhan,,yes,no,no,no,no,no,no,no,yes,Dongfeng Motor
67,87112,-0.4,825,51513,-24.1,384151,6,no,no,yes,Food & Drug Stores,Food and Drug Stores,France,Boulogne-Billancourt,,yes,no,no,yes,no,no,no,no,yes,Carrefour
66,88419,0.9,6050.5,141271,-27.4,351000,5,no,no,yes,Industrials,Industrial Machinery,Germany,Munich,,yes,yes,no,yes,yes,no,no,no,yes,Siemens
65,90272,20.4,19478,167497,19.1,72053,29,no,no,yes,Technology,Internet Services and Retailing,U.S.,Mountain View,California,yes,yes,no,yes,no,no,yes,yes,no,Alphabet
64,90814,-1.6,8659.2,129824,-8.1,328000,2,no,no,yes,"Food, Beverages & Tobacco",Food Consumer Products,Switzerland,Vevey,,yes,yes,no,no,yes,no,no,no,yes,Nestle
63,91382,-8.1,14222.6,277262,10.4,467400,-7,no,yes,no,Energy,Energy,Russia,Moscow,,yes,no,no,yes,no,no,no,no,yes,Gazprom
62,93662,0.7,17906,2187702,12.7,208024,2,no,no,yes,Financials,Banks: Commercial and Savings,U.S.,Charlotte,North Carolina,yes,yes,no,no,yes,no,yes,no,no,Bank of America Corp.
61,94176,4.6,21938,1930115,-4.2,269100,6,no,no,yes,Financials,Banks: Commercial and Savings,U.S.,San Francisco,California,yes,no,no,yes,no,no,yes,no,no,Wells Fargo
60,94571,-1.6,4895,89997,-5.4,150540,1,no,no,yes,Aerospace & Defense,Aerospace and Defense,U.S.,Chicago,Illinois,yes,yes,no,no,no,no,yes,no,no,Boeing
59,94595,6.9,7957,42966,13.5,406000,10,no,no,yes,Retailing,Specialty Retailers,U.S.,Atlanta,Georgia,yes,yes,no,yes,no,no,yes,no,no,Home Depot
58,94877,-0.8,1192.4,109968,7.8,336872,4,no,no,yes,Engineering & Construction,"Engineering, Construction",China,Beijing,,yes,no,no,yes,no,no,no,no,yes,China Railway Construction
57,95217,-7.2,2301.3,549656,2.2,73727,-8,no,yes,no,Financials,"Insurance: Life, Health (stock)",Italy,Trieste,,yes,no,no,no,no,no,no,no,yes,Assicurazioni Generali
56,96965,53.7,2592.8,581221,-34.2,23673,70,no,no,yes,Financials,"Insurance: Life, Health (stock)",Britain,London,,yes,no,no,no,no,no,no,no,yes,Prudential
55,96979,-2.5,924.1,108864,-6,292215,2,no,no,yes,Engineering & Construction,"Engineering, Construction",China,Beijing,,yes,no,no,yes,no,no,no,no,yes,China Railway Engineering
54,98098,0.9,750.8,41230,-39.3,4107,5,no,no,yes,Wholesalers,Trading,Singapore,Singapore,,yes,no,no,no,no,no,no,no,yes,Trafigura Group
53,100288,-1.4,3404.4,51745,37.5,25600,-1,no,yes,no,Health Care,Health Care: Pharmacy and Other Services,U.S.,St. Louis,Missouri,yes,yes,no,no,no,no,yes,no,no,Express Scripts Holding
52,104130,1.8,7589.4,198835,7.4,124729,-1,no,yes,no,Motor Vehicles & Parts,Motor Vehicles and Parts,Germany,Munich,,yes,yes,no,yes,no,no,no,no,yes,BMW Group
51,104818,3.5,162.4,483026,-96.1,143676,3,no,no,yes,Financials,"Insurance: Life, Health (stock)",China,Beijing,,yes,no,no,yes,no,no,no,no,yes,China Life Insurance
50,105128,9.4,7384.4,190740,20.2,274844,10,no,no,yes,Telecommunications,Telecommunications,Japan,Tokyo,,yes,yes,no,yes,no,no,no,no,yes,Nippon Telegraph &amp; Telephone
49,105235,442.3,1697.9,577954,3.4,8939,,no,no,no,Financials,"Insurance: Life, Health (stock)",Britain,London,,yes,no,no,no,no,no,no,no,yes,Legal &amp; General Group
48,105486,4.4,24733,2490972,1.2,243355,7,no,no,yes,Financials,Banks: Commercial and Savings,U.S.,New York,New York,yes,yes,no,yes,no,no,yes,no,no,J.P. Morgan Chase
47,107117,0.3,9614.3,246446,-5.2,463712,-2,no,yes,no,Telecommunications,Telecommunications,China,Beijing,,yes,no,no,yes,no,no,no,no,yes,China Mobile Communications
46,107162,-2.9,12313,3287968,12.4,7000,-6,no,yes,no,Financials,Diversified Financials,U.S.,Washington,District of Columbia,yes,no,no,no,no,no,yes,no,no,Fannie Mae
45,107567,-18,-497,260078,-110.8,55200,-14,no,yes,no,Energy,Petroleum Refining,U.S.,San Ramon,California,no,no,no,no,no,no,yes,no,no,Chevron
44,108164,6.5,6123.4,165344,40.3,137250,9,no,no,yes,Motor Vehicles & Parts,Motor Vehicles and Parts,Japan,Yokohama,,yes,yes,no,no,no,no,no,no,yes,Nissan Motor
43,109026,-2.2,8517.2,2190423,14.7,184839,-4,no,yes,no,Financials,Banks: Commercial and Savings,France,Paris,,yes,no,no,yes,no,no,no,no,yes,BNP Paribas
42,113708,-7.1,24773.4,2611539,-8.9,308900,-7,no,yes,no,Financials,Banks: Commercial and Savings,China,Beijing,,yes,no,no,no,no,no,no,no,yes,Bank of China
41,113861,6.7,4818.2,84989,1.6,97582,5,no,no,yes,Motor Vehicles & Parts,Motor Vehicles and Parts,China,Shanghai,,yes,no,no,yes,no,no,no,no,yes,SAIC Motor
40,115337,5,1975,36505,-3.1,443000,2,no,no,yes,Food & Drug Stores,Food and Drug Stores,U.S.,Cincinnati,Ohio,yes,yes,no,yes,no,no,yes,no,no,Kroger
39,116581,5.7,9392,802490,8.9,318588,2,no,no,yes,Financials,"Insurance: Life, Health (stock)",China,Shenzhen,,yes,no,no,yes,no,no,no,no,yes,Ping An Insurance
38,117275,-12.1,27687.8,2816039,-3.6,501368,-9,no,yes,no,Financials,Banks: Commercial and Savings,China,Beijing,,yes,no,no,no,no,no,no,no,yes,Agricultural Bank of China
37,117351,13.4,4173,72688,-1.1,300000,10,no,no,yes,Food & Drug Stores,Food and Drug Stores,U.S.,Deerfield,Illinois,yes,yes,no,no,no,no,yes,no,no,Walgreens Boots Alliance
36,118719,2.2,2350,33163,-1.1,172000,2,no,no,yes,Retailing,General Merchandisers,U.S.,Issaquah,Washington,yes,yes,no,yes,no,no,yes,no,no,Costco
35,121546,18.5,1427,34122,17.4,37300,15,no,no,yes,Wholesalers,Wholesalers: Health Care,U.S.,Dublin,Ohio,yes,yes,no,yes,no,no,yes,no,no,Cardinal Health
34,122196,-0.6,7611.5,932091,3.7,140253,,no,no,no,Financials,Insurance: Property and Casualty (Stock),Germany,Munich,,yes,yes,no,no,no,no,no,no,yes,Allianz
33,122990,3.6,-267.4,2631385,-107.5,248384,4,no,no,yes,Financials,"Insurance: Life, Health (stock)",Japan,Tokyo,,no,no,no,no,no,no,no,no,yes,Japan Post Holdings
32,125980,-4.3,13127,244180,-26.6,160900,-2,no,yes,no,Telecommunications,Telecommunications,U.S.,New York,New York,yes,yes,no,no,no,no,yes,no,no,Verizon
31,126661,-9.8,8831,365183,,295000,-5,no,yes,no,Industrials,Industrial Machinery,U.S.,Boston,Massachusetts,yes,yes,no,no,yes,no,yes,no,no,General Electric
30,127925,-10.8,6196,230978,21.8,102168,-6,no,yes,no,Energy,Petroleum Refining,France,Courbevoie,,yes,no,no,yes,no,no,no,no,yes,Total
29,129198,6.2,5690.3,170165,98.3,211915,7,no,no,yes,Motor Vehicles & Parts,Motor Vehicles and Parts,Japan,Tokyo,,yes,yes,no,yes,no,no,no,no,yes,Honda Motor
28,135093,-8.7,34840.9,3016578,-4,362482,-6,no,yes,no,Financials,Banks: Commercial and Savings,China,Beijing,,yes,no,no,no,no,no,no,no,yes,China Construction Bank
27,135129,-4.3,4608.8,80436,-0.4,726772,-2,no,yes,no,Technology,"Electronics, Electrical Equip.",Taiwan,New Taipei City,,yes,no,no,no,no,no,no,no,yes,Hon Hai Precision Industry
26,135987,27.1,2371,83402,297.8,341400,18,no,no,yes,Technology,Internet Services and Retailing,U.S.,Seattle,Washington,yes,yes,no,yes,no,no,yes,no,no,Amazon.com
25,143722,11.2,6446,941556,3.5,97707,8,no,no,yes,Financials,"Insurance: Life, Health (stock)",France,Paris,,yes,no,no,no,no,no,no,no,yes,AXA
24,144505,3.1,2492.9,201269,10.7,263915,3,no,no,yes,Engineering & Construction,"Engineering, Construction",China,Beijing,,yes,no,no,yes,no,no,no,no,yes,China State Construction Engineering
23,146850,8,1427.9,33656,,18500,5,no,no,yes,Wholesalers,Wholesalers: Health Care,U.S.,Chesterbrook,Pennsylvania,yes,yes,no,yes,no,no,yes,no,no,AmerisourceBergen
22,147675,-11.7,41883.9,3473238,-5,461749,-7,no,yes,no,Financials,Banks: Commercial and Savings,China,Beijing,,yes,no,no,no,no,no,no,no,yes,Industrial &amp; Commercial Bank of China
21,151800,1.5,4596,237951,-37.7,201000,,no,no,no,Motor Vehicles & Parts,Motor Vehicles and Parts,U.S.,Dearborn,Michigan,yes,yes,no,yes,no,no,yes,no,no,Ford Motor
20,154894,1.5,651.3,186172,-21.1,302562,-1,no,yes,no,Financials,Diversified Financials,Netherlands,Amsterdam,,yes,no,no,no,no,no,no,no,yes,EXOR Group
19,163786,11.6,12976,403821,-2.8,268540,4,no,no,yes,Telecommunications,Telecommunications,U.S.,Dallas,Texas,yes,yes,no,no,no,no,yes,yes,no,AT&amp;T
18,166380,9.2,9427,221690,-2.7,225000,2,no,no,yes,Motor Vehicles & Parts,Motor Vehicles and Parts,U.S.,Detroit,Michigan,yes,yes,yes,yes,no,no,yes,no,no,General Motors
17,169483,2.2,9428.4,256262,0.9,282488,-1,no,yes,no,Motor Vehicles & Parts,Motor Vehicles and Parts,Germany,Stuttgart,,yes,yes,no,no,no,no,no,no,yes,Daimler
16,173883,2,1379,124600,,93123,-2,no,yes,no,Energy,"Mining, Crude-Oil Production",Switzerland,Baar,,yes,no,no,no,no,no,no,no,yes,Glencore
15,173957,-2,19316.5,217104,16.8,325000,-2,no,yes,no,Technology,"Electronics, Electrical Equip.",South Korea,Suwon,,yes,yes,no,yes,no,no,no,no,yes,Samsung Electronics
14,177526,15.8,5317,94462,1.5,204000,4,no,no,yes,Health Care,Health Care: Pharmacy and Other Services,U.S.,Woonsocket,Rhode Island,yes,yes,no,yes,yes,no,yes,no,no,CVS Health
13,184840,17.7,7017,122810,20.7,230000,4,no,no,yes,Health Care,Health Care: Insurance and Managed Care,U.S.,Minnetonka,Minnesota,yes,yes,no,yes,no,no,yes,no,no,UnitedHealth Group
12,186606,-17.4,115,263316,,74500,-2,no,yes,no,Energy,Petroleum Refining,Britain,London,,yes,no,no,no,no,no,no,no,yes,BP
11,198533,3.1,5070,60969,124.5,64500,1,no,no,yes,Wholesalers,Wholesalers: Health Care,U.S.,San Francisco,California,yes,yes,no,no,no,no,yes,no,no,McKesson
10,205004,-16.7,7840,330314,-51.5,72700,-4,no,yes,no,Energy,Petroleum Refining,U.S.,Irving,Texas,yes,yes,no,no,no,no,yes,no,no,Exxon Mobil
9,215639,-7.7,45687,321686,-14.4,116000,,no,no,no,Technology,"Computers, Office Equipment",U.S.,Cupertino,California,yes,yes,no,yes,no,no,yes,no,no,Apple
8,223604,6.1,24074,620854,,367700,3,no,no,yes,Financials,Insurance: Property and Casualty (Stock),U.S.,Omaha,Nebraska,yes,yes,no,yes,no,no,yes,no,no,Berkshire Hathaway
7,240033,-11.8,4575,411275,135.9,89000,-2,no,yes,no,Energy,Petroleum Refining,Netherlands,The Hague,,yes,no,no,no,no,no,no,no,yes,Royal Dutch Shell
6,240264,1.5,5937.3,432116,,626715,1,no,no,yes,Motor Vehicles & Parts,Motor Vehicles and Parts,Germany,Wolfsburg,,yes,no,no,yes,no,no,no,no,yes,Volkswagen
5,254694,7.7,16899.3,437575,-12.3,364445,3,no,no,yes,Motor Vehicles & Parts,Motor Vehicles and Parts,Japan,Toyota,,yes,yes,no,yes,no,no,no,no,yes,Toyota Motor
4,262573,-12.3,1867.5,585619,-73.7,1512048,-1,no,yes,no,Energy,Petroleum Refining,China,Beijing,,yes,no,no,no,no,no,no,no,yes,China National Petroleum
3,267518,-9.1,1257.9,310726,-65,713288,1,no,no,yes,Energy,Petroleum Refining,China,Beijing,,yes,no,no,no,no,no,no,no,yes,Sinopec Group
2,315199,-4.4,9571.3,489838,-6.2,926067,,no,no,no,Energy,Utilities,China,Beijing,,yes,no,no,no,no,no,no,no,yes,State Grid
1,485873,0.8,13643,198825,-7.2,2300000,,no,no,no,Retailing,General Merchandisers,U.S.,Bentonville,Arkansas,yes,yes,no,no,yes,no,yes,no,no,Walmart
