rank,revenues,revchange,profits,assets,prftchange,employees,rankchange,newcomer,rankdrop,rankgain,sector,industry,hqcountry,hqcity,hqstate,profitable,worlds-most-admired-companies-y-n,ceowoman,jobgrowth,change-the-world-y-n,100-fastest-growing-companies-y-n,fortune500-y-n,best-companies-y-n,non-us-cos-y-n,title
2,348903,10.7,9533.40,585278,-0.4,913546,,no,no,no,Energy,Utilities,China,Beijing,,yes,no,no,no,no,no,no,no,yes,State Grid
73,88827,9.1,-91,251366.00,,62703,2,no,no,yes,Energy,Petroleum Refining,Brazil,Rio de Janeiro,,no,no,no,no,no,no,no,no,yes,Petrobras
72,89311,13.8,7020.80,77583.70,25.8,180000,11,no,no,yes,Technology,Network and Other Communications Equipment,China,Shenzhen,,yes,no,no,no,no,no,no,no,yes,Huawei Investment &amp; Holding
71,89950,5.4,21204.00,241086.00,26.2,124000,-2,no,yes,no,Technology,Computer Software,U.S.,Redmond,Washington,yes,yes,no,yes,yes,no,yes,no,no,Microsoft
70,90039,6.1,3842.80,70540.00,55.6,56000,,no,no,no,Health Care,Health Care: Insurance and Managed Care,U.S.,Indianapolis,Indiana,yes,no,yes,yes,no,no,yes,no,no,Anthem
69,91222,0.4,7297.40,133819.20,-15.7,323000,-5,no,yes,no,"Food, Beverages & Tobacco",Food Consumer Products,Switzerland,Vevey,,yes,yes,no,no,yes,no,no,no,yes,Nestle
68,91276,4.8,-598.6,57412.30,-172.6,378923,-1,no,yes,no,Food & Drug Stores,Food & Drug Stores,France,Boulogne-Billancourt,,no,no,no,no,no,no,no,no,yes,Carrefour
67,91568,26.5,5106.00,54371.00,228.4,14600,29,no,no,yes,Energy,Petroleum Refining,U.S.,Houston,Texas,yes,no,no,no,no,no,yes,no,no,Phillips 66
66,91585,3.6,6667.40,158160.80,10.2,372000,,no,no,no,Industrials,Industrial Machinery,Germany,Munich,,yes,yes,no,yes,no,no,no,no,yes,Siemens
65,93294,8.2,1400.00,71384.20,-1.1,180433,3,no,no,yes,Motor Vehicles & Parts,Motor Vehicles & Parts,China,Wuhan,,yes,no,no,no,no,no,no,no,yes,Dongfeng Motor
64,93392,-1.2,8197.00,92333.00,67.5,140800,-4,no,yes,no,Aerospace & Defense,Aerospace & Defense,U.S.,Chicago,Illinois,yes,yes,no,no,no,no,yes,no,no,Boeing
63,93897,32.4,7182.30,90797.50,132.4,103600,39,no,no,yes,Energy,Petroleum Refining,Russia,Moscow,,yes,no,no,no,no,no,no,no,yes,Lukoil
62,97741,3.8,22183.00,1951757.00,1.1,262700,-1,no,yes,no,Financials,Banks: Commercial and Savings,U.S.,San Francisco,California,yes,yes,no,no,no,no,yes,no,no,Wells Fargo
61,100065,-0.2,4517.40,54255.80,32.7,26600,-8,no,yes,no,Health Care,Health Care: Pharmacy and Other Services,U.S.,St. Louis,Missouri,yes,no,no,yes,no,no,yes,no,no,Express Scripts Holding
60,100264,7,18232.00,2281234.00,1.8,209376,2,no,no,yes,Financials,Banks: Commercial and Savings,U.S.,Charlotte,North Carolina,yes,yes,no,yes,no,no,yes,no,no,Bank of America Corp.
59,100552,5.6,2378.40,644908.70,3.4,71327,-2,no,yes,no,Financials,"Insurance: Life, Health (stock)",Italy,Trieste,,yes,no,no,no,no,no,no,no,yes,Assicurazioni Generali
58,100855,6.3,1308.80,126891.50,9.8,364964,,no,no,no,Engineering & Construction,Engineering & Construction,China,Beijing,,yes,no,no,yes,no,no,no,no,yes,China Railway Construction
57,100904,6.7,8630.00,44529.00,8.5,413000,2,no,no,yes,Retailing,Specialty Retailers,U.S.,Atlanta,Georgia,yes,yes,no,yes,no,no,yes,no,no,Home Depot
56,102767,6,1169.80,130212.20,26.6,290535,-1,no,yes,no,Engineering & Construction,Engineering & Construction,China,Beijing,,yes,no,no,no,no,no,no,no,yes,China Railway Engineering Group
55,106500,1.3,8210.70,203853.80,11.2,282533,-5,no,yes,no,Telecommunications,Telecommunications,Japan,Tokyo,,yes,no,no,yes,no,no,no,no,yes,Nippon Telegraph &amp; Telephone
54,107868,-0.3,6741.30,176308.70,10.1,148872,-10,no,yes,no,Motor Vehicles & Parts,Motor Vehicles & Parts,Japan,Yokohama,,yes,yes,no,yes,no,no,no,no,yes,Nissan Motor
53,110159,2.8,10932.00,264342.60,13.7,467532,-6,no,yes,no,Telecommunications,Telecommunications,China,Beijing,,yes,no,no,yes,no,no,no,no,yes,China Mobile Communications
52,110855,22.8,12662.00,197295.00,-35,80110,13,no,no,yes,Technology,Internet Services and Retailing,U.S.,Mountain View,California,yes,yes,no,yes,no,no,yes,no,no,Alphabet
51,111231,6.8,9716.60,232328.30,28,129932,1,no,no,yes,Motor Vehicles & Parts,Motor Vehicles & Parts,Germany,Munich,,yes,yes,no,yes,no,no,no,no,yes,BMW Group
50,111458,14.9,3076.10,668029.50,18.6,24711,6,no,no,yes,Financials,"Insurance: Life, Health (stock)",Britain,London,,yes,no,no,yes,no,no,no,no,yes,Prudential
49,111983,22.5,12249.90,316870.90,-13.9,469600,14,no,no,yes,Energy,Energy,Russia,Moscow,,yes,no,no,yes,no,no,no,no,yes,Gazprom
48,112394,4.9,2463.00,3345529.00,-80,7200,-2,no,yes,no,Financials,Diversified Financials,U.S.,Washington,District Of Columbia,yes,no,no,yes,no,no,yes,no,no,Fannie Mae
47,113899,8,24441.00,2533600.00,-1.2,252539,1,no,no,yes,Financials,Banks: Commercial and Savings,U.S.,New York,New York,yes,yes,no,yes,yes,no,yes,no,no,JPMorgan Chase &amp; Co.
46,115423,1.5,25509.20,2989469.30,3,311133,-4,no,yes,no,Financials,Banks: Commercial and Savings,China,Beijing,,yes,no,no,yes,no,no,no,no,yes,Bank of China
45,116616,-5.2,4157.50,2733378.70,,245863,-12,no,yes,no,Financials,"Insurance: Life, Health (stock)",Japan,Tokyo,,yes,no,no,no,no,no,no,no,yes,Japan Post Holdings
44,117375,7.7,8746.10,2353808.80,2.7,189509,-1,no,yes,no,Financials,Banks: Commercial and Savings,France,Paris,,yes,no,no,yes,no,no,no,no,yes,BNP Paribas
43,118214,0.7,4078.00,66009.00,-2.3,290000,-6,no,yes,no,Food & Drug Stores,Food & Drug Stores,U.S.,Deerfield,Illinois,yes,yes,no,no,no,no,yes,no,no,Walgreens Boots Alliance
42,120224,14.7,266.5,552760.60,64.1,170517,9,no,no,yes,Financials,"Insurance: Life, Health (stock)",China,Beijing,,yes,no,no,yes,no,no,no,no,yes,China Life Insurance
41,122274,-3.5,-5786.00,377945.00,-165.5,313000,-10,no,yes,no,Industrials,Industrial Machinery,U.S.,Boston,Massachusetts,no,yes,no,yes,no,no,yes,no,no,General Electric
40,122366,4.3,28550.40,3233013.20,3.1,491578,-2,no,yes,no,Financials,Banks: Commercial and Savings,China,Beijing,,yes,no,no,no,no,no,no,no,yes,Agricultural Bank of China
39,122662,6.4,1907.00,37197.00,-3.4,449000,1,no,no,yes,Food & Drug Stores,Food & Drug Stores,U.S.,Cincinnati,Ohio,yes,yes,no,yes,no,no,yes,no,no,Kroger
38,123532,1.1,7668.40,1082252.60,0.7,140553,-4,no,yes,no,Financials,"Insurance: Life, Health (stock)",Germany,Munich,,yes,no,no,yes,no,no,no,no,yes,Allianz
37,126034,,30101.00,257143.00,129.3,155400,-5,no,yes,no,Telecommunications,Telecommunications,U.S.,New York,New York,yes,yes,no,no,no,no,yes,no,no,Verizon
36,128819,13.1,5091.30,111107.70,5.7,148767,5,no,no,yes,Motor Vehicles & Parts,Motor Vehicles & Parts,China,Shanghai,,yes,no,no,yes,no,no,no,no,yes,SAIC Motor
35,129025,8.7,2679.00,36347.00,14,182000,1,no,no,yes,Retailing,General Merchandisers,U.S.,Issaquah,Washington,yes,yes,no,yes,no,no,yes,no,no,Costco
34,129976,6.9,1288.00,40112.00,-9.7,40400,1,no,no,yes,Wholesalers,Wholesalers: Health Care,U.S.,Dublin,Ohio,yes,yes,no,yes,no,no,yes,no,no,Cardinal Health
33,134533,25.1,9195.00,253806.00,,51900,12,no,no,yes,Energy,Petroleum Refining,U.S.,San Ramon,California,yes,no,no,no,no,no,yes,no,no,Chevron
32,136421,39.1,847.7,48607.60,12.9,3935,22,no,no,yes,Wholesalers,Trading,Singapore,Singapore,,yes,no,no,no,no,no,no,no,yes,Trafigura Group
31,138594,2.6,35845.20,3397479.00,2.9,370415,-3,no,yes,no,Financials,Banks: Commercial and Savings,China,Beijing,,yes,no,no,yes,no,no,no,no,yes,China Construction Bank
30,138646,7.3,9561.30,181972.80,68,215638,-1,no,yes,no,Motor Vehicles & Parts,Motor Vehicles & Parts,Japan,Tokyo,,yes,yes,no,no,no,no,no,no,yes,Honda Motor
29,144197,23.7,13181.40,997093.80,40.3,342550,10,no,no,yes,Financials,"Insurance: Life, Health (stock)",China,Shenzhen,,yes,no,no,yes,no,no,no,no,yes,Ping An Insurance
28,149099,16.6,8631.00,242631.00,39.3,98277,2,no,no,yes,Energy,Petroleum Refining,France,Courbevoie,,yes,no,no,no,no,no,no,no,yes,Total
27,149461,4,6998.90,1044822.30,8.6,95728,-2,no,yes,no,Financials,"Insurance: Life, Health (stock)",France,Paris,,yes,no,no,no,no,no,no,no,yes,AXA
26,153021,3.6,42323.70,4005995.50,1,453048,-4,no,yes,no,Financials,Banks: Commercial and Savings,China,Beijing,,yes,no,no,no,no,no,no,no,yes,Industrial &amp; Commercial Bank of China
25,153144,4.3,364.5,35316.50,-74.5,19500,-2,no,yes,no,Wholesalers,Wholesalers: Health Care,U.S.,Chesterbrook,Pennsylvania,yes,yes,no,yes,no,no,yes,no,no,AmerisourceBergen
24,154699,14.5,4559.90,114528.30,-1.1,803126,3,no,no,yes,Technology,"Electronics, Electrical Equip.",Taiwan,New Taipei City,,yes,no,no,yes,no,no,no,no,yes,Hon Hai Precision Industry
23,156071,8,2675.20,239680.90,7.3,270467,1,no,no,yes,Engineering & Construction,Engineering & Construction,China,Beijing,,yes,no,no,yes,no,no,no,no,yes,China State Construction Engineering
22,156776,3.3,7602.00,257808.00,65.4,202000,-1,no,yes,no,Motor Vehicles & Parts,Motor Vehicles & Parts,U.S.,Dearborn,Michigan,yes,yes,no,yes,no,no,yes,no,no,Ford Motor
21,157311,-5.5,-3864.00,212482.00,-141,180000,-3,no,yes,no,Motor Vehicles & Parts,Motor Vehicles & Parts,U.S.,Detroit,Michigan,no,yes,yes,no,no,no,yes,no,no,General Motors
20,160546,-2,29450.00,444097.00,127,254000,-1,no,yes,no,Telecommunications,Telecommunications,U.S.,Dallas,Texas,yes,yes,no,no,no,no,yes,yes,no,AT&amp;T
19,161677,4.4,1569.10,196655.90,140.9,307637,1,no,no,yes,Financials,Diversified Financials,Netherlands,Amsterdam,,yes,no,no,yes,no,no,no,no,yes,EXOR Group
18,177866,30.8,3033.00,131310.00,27.9,566000,8,no,no,yes,Technology,Internet Services and Retailing,U.S.,Seattle,Washington,yes,yes,no,yes,no,yes,yes,no,no,Amazon.com
17,184765,4.1,6622.00,95131.00,24.5,203000,-3,no,yes,no,Health Care,Health Care: Pharmacy and Other Services,U.S.,Woonsocket,Rhode Island,yes,yes,no,no,no,no,yes,no,no,CVS Health
16,185235,9.3,11863.90,306922.40,25.8,289321,1,no,no,yes,Motor Vehicles & Parts,Motor Vehicles & Parts,Germany,Stuttgart,,yes,yes,no,yes,no,no,no,no,yes,Daimler
15,201159,8.8,10558.00,139058.00,50.5,260000,-2,no,yes,no,Health Care,Health Care: Insurance and Managed Care,U.S.,Minnetonka,Minnesota,yes,yes,no,yes,no,no,yes,no,no,UnitedHealth Group
14,205476,18.2,5777.00,135593.00,318.9,82681,2,no,no,yes,Energy,"Mining, Crude-Oil Production",Switzerland,Baar,,yes,no,no,no,no,no,no,no,yes,Glencore
13,208357,4.9,67,60381.00,-98.7,68000,-2,no,yes,no,Wholesalers,Wholesalers: Health Care,U.S.,San Francisco,California,yes,yes,no,yes,no,no,yes,no,no,McKesson
12,211940,21.8,36575.40,281905.90,89.3,320671,3,no,no,yes,Technology,"Electronics, Electrical Equip.",South Korea,Suwon,,yes,yes,no,no,no,no,no,no,yes,Samsung Electronics
11,229234,6.3,48351.00,375319.00,5.8,123000,-2,no,yes,no,Technology,"Computers, Office Equipment",U.S.,Cupertino,California,yes,yes,no,yes,yes,no,yes,no,no,Apple
10,242137,8.3,44940.00,702095.00,86.7,377000,-2,no,yes,no,Financials,Insurance: Property and Casualty (Stock),U.S.,Omaha,Nebraska,yes,yes,no,yes,no,no,yes,no,no,Berkshire Hathaway
9,244363,17.4,19710.00,348691.00,151.4,71200,1,no,no,yes,Energy,Petroleum Refining,U.S.,Irving,Texas,yes,yes,no,no,no,no,yes,no,no,Exxon Mobil
8,244582,31.1,3389.00,276515.00,2847.00,74000,4,no,no,yes,Energy,Petroleum Refining,Britain,London,,yes,no,no,no,no,no,no,no,yes,BP
7,260028,8.2,13107.30,506956.10,120.8,642292,-1,no,yes,no,Motor Vehicles & Parts,Motor Vehicles & Parts,Germany,Wolfsburg,,yes,yes,no,yes,no,no,no,no,yes,Volkswagen
6,265172,4.1,22510.10,473133.20,33.2,369124,-1,no,yes,no,Motor Vehicles & Parts,Motor Vehicles & Parts,Japan,Toyota,,yes,yes,no,yes,yes,no,no,no,yes,Toyota Motor
5,311870,29.9,12977.00,407097.00,183.7,84000,2,no,no,yes,Energy,Petroleum Refining,Netherlands,The Hague,,yes,no,no,no,no,no,no,no,yes,Royal Dutch Shell
4,326008,24.2,-690.5,629410.50,-137,1470193,,no,no,no,Energy,Petroleum Refining,China,Beijing,,no,no,no,no,no,no,no,no,yes,China National Petroleum
3,326953,22.2,1537.80,346544.50,22.2,667793,,no,no,no,Energy,Petroleum Refining,China,Beijing,,yes,no,no,no,no,no,no,no,yes,Sinopec Group
1,500343,3,9862.00,204522.00,-27.7,2300000,,no,no,no,Retailing,General Merchandisers,U.S.,Bentonville,Arkansas,yes,yes,no,no,yes,no,yes,no,no,Walmart
500,23556,-9.4,-4119.80,31830.30,-2155.20,100735,-81,no,yes,no,Technology,Network and Other Communications Equipment,Sweden,Stockholm,,no,yes,no,no,no,no,no,no,yes,Ericsson
499,23563,31.5,1024.70,23259.10,35.2,76896,,yes,no,no,Technology,"Electronics, Electrical Equip.",China,Qingdao,,yes,no,no,yes,no,no,no,no,yes,Qingdao Haier
498,23592,-1.7,1099.60,30366.50,-10.8,76000,-46,no,yes,no,Aerospace & Defense,Aerospace & Defense,Britain,London,,yes,no,no,no,no,no,no,no,yes,BAE Systems
497,23698,-7.5,66.8,51065.70,,160836,-67,no,yes,no,Energy,"Mining, Crude-Oil Production",China,Datong,,yes,no,no,no,no,no,no,no,yes,Datong Coal Mine Group
496,23699,26.9,-68.6,39857.30,,182480,,yes,no,no,Energy,"Mining, Crude-Oil Production",China,Zhengzhou,,no,no,no,no,no,no,no,no,yes,Henan Energy &amp; Chemical
495,23785,-1.3,0.5,37128.20,,95796,-47,no,yes,no,Energy,"Mining, Crude-Oil Production",China,Changzhi,,yes,no,no,yes,no,no,no,no,yes,Shanxi LuAn Mining Group
494,23793,-2,-117.1,33075.60,-1150.30,135723,-49,no,yes,no,Energy,"Mining, Crude-Oil Production",China,Yangquan,,no,no,no,no,no,no,no,no,yes,Yangquan Coal Industry Group
493,23796,15.3,410.2,27396.70,113.4,55424,,yes,no,no,Retailing,Specialty Retailers,South Korea,Seoul,,yes,no,no,yes,yes,no,no,no,yes,CJ Corp.
492,23812,-6.6,1701.00,724052.60,105.4,43810,-20,no,yes,no,Financials,Banks: Commercial and Savings,Netherlands,Utrecht,,yes,no,no,no,no,no,no,no,yes,Rabobank Group
491,23888,17.6,-258.1,34085.00,-112.6,49610,,yes,no,no,Health Care,Pharmaceuticals,Germany,Ingelheim,,no,no,no,yes,no,no,no,no,yes,Boehringer Ingelheim
490,23996,5.5,6218.00,462040.00,5.6,72402,-9,no,yes,no,Financials,Banks: Commercial and Savings,U.S.,Minneapolis,Minnesota,yes,yes,no,yes,no,no,yes,no,no,U.S. Bancorp
489,24058,27.8,1683.20,109467.80,32.9,52424,,yes,no,no,Financials,"Insurance: Life, Health (Mutual)",China,Beijing,,yes,no,no,yes,no,no,no,no,yes,Taikang Insurance Group
488,24147,5.4,444.3,9037.20,111.8,25204,-13,no,yes,no,Wholesalers,Wholesalers: Food and Grocery,U.S.,Rosemont,Illinois,yes,no,no,yes,no,no,yes,no,no,US Foods Holding
487,24341,13.8,2241.80,30083.60,98.2,295097,,yes,no,no,"Food, Beverages & Tobacco",Beverages,Mexico,Monterrey,,yes,no,no,yes,no,no,no,no,yes,Fomento Economico Mexicano
486,24432,-62.3,1215.30,9787.20,82.7,57582,-363,no,yes,no,Retailing,Specialty Retailers,Germany,,,yes,no,no,no,no,no,no,no,yes,Ceconomy
485,24550,-8.9,4023.80,618439.60,1453.80,33422,-80,no,yes,no,Financials,Banks: Commercial and Savings,Australia,Docklands,,yes,no,no,no,no,no,no,no,yes,National Australia Bank
484,24556,222.8,1751.00,33921.00,,150000,,yes,no,no,Financials,Information Technology Services,U.S.,Tysons,Virginia,yes,no,no,yes,no,no,yes,no,no,DXC Technology
483,24585,7.6,1594.80,27241.90,104.1,53891,-4,no,yes,no,Technology,"Electronics, Electrical Equip.",South Korea,Seoul,,yes,no,no,yes,no,no,no,no,yes,LG Display
482,24622,3.5,,5798.90,,13073,-25,no,yes,no,Materials,Metals,Germany,Hanau,,,no,no,yes,no,no,no,no,yes,Heraeus Holding
481,24659,7.8,57.3,38267.00,1820.10,132846,-5,no,yes,no,Energy,"Mining, Crude-Oil Production",China,Jincheng,,yes,no,no,no,no,no,no,no,yes,Shanxi Jincheng Anthracite Coal Mining Group
480,24669,15.6,1236.60,17437.60,10,56888,,yes,no,no,Apparel,Apparel,Germany,Herzogenaurach,,yes,yes,no,yes,no,no,no,no,yes,Adidas
479,24688,11,1778.90,232586.70,18.5,44173,,yes,no,no,Financials,"Insurance: Life, Health (stock)",Taiwan,Taipei,,yes,no,no,yes,no,no,no,no,yes,Fubon Financial Holding
478,24754,7.1,1916.30,30339.80,3.4,107807,-12,no,yes,no,Motor Vehicles & Parts,Motor Vehicles & Parts,France,Clermont-Ferrand,,yes,yes,no,yes,no,no,no,no,yes,Michelin
477,24769,15.6,2315.40,46571.70,,19939,,yes,no,no,Energy,Utilities,Germany,Karlsruhe,,yes,no,no,yes,no,no,no,no,yes,Energie Baden-Wurttemberg
476,24793,21.9,3435.10,71435.20,949.2,12381,,yes,no,no,Energy,Petroleum Refining,Canada,"Calgary, Alberta",,yes,no,no,no,no,no,no,no,yes,Suncor Energy
475,24831,7.8,1101.30,49272.30,27.8,80425,-7,no,yes,no,"Food, Beverages & Tobacco",Beverages,Netherlands,Amsterdam,,yes,yes,no,yes,no,no,no,no,yes,Heineken Holding
474,24837,8.9,761.2,34737.40,123.7,62356,6,no,no,yes,Transportation,Airlines,United Arab Emirates,Dubai,,yes,no,no,no,no,no,no,no,yes,Emirates Group
473,24837,-3.7,1547.00,19381.00,149.9,130000,-48,no,yes,no,Retailing,General Merchandisers,U.S.,Cincinnati,Ohio,yes,no,no,no,no,no,yes,no,no,Macy's
472,24872,-6.1,242.4,109205.10,,14582,-63,no,yes,no,Financials,"Insurance: Life, Health (Mutual)",Netherlands,Zeist,,yes,no,no,no,no,no,no,no,yes,Achmea
471,25052,56.4,2929.50,408058.30,58.6,26846,,yes,no,no,Financials,Banks: Commercial and Savings,South Korea,Seoul,,yes,no,no,no,no,no,no,no,yes,KB Financial Group
470,25065,13.1,493.2,8545.80,10.2,16448,17,no,no,yes,Energy,Petroleum Refining,Brazil,Sao Paulo,,yes,no,no,yes,no,no,no,no,yes,Ultrapar Holdings
469,25256,25.2,1762.50,17462.30,32.2,20262,,yes,no,no,Energy,Petroleum Refining,Poland,Plock,,yes,no,no,yes,no,no,no,no,yes,PKN ORLEN Group
468,25299,6,341.7,110688.90,40.1,96735,-14,no,yes,no,Energy,Energy,China,Beijing,,yes,no,no,no,no,no,no,no,yes,China Datang
467,25348,5.3,2024.00,30860.00,-8.5,64000,-18,no,yes,no,Aerospace & Defense,Aerospace & Defense,U.S.,Waltham,Massachusetts,yes,yes,no,yes,no,no,yes,no,no,Raytheon
466,25441,6.6,428.5,13715.90,34.1,200000,-11,no,yes,no,Technology,Semiconductors and Other Electronic Components,Singapore,Singapore,,yes,no,no,no,no,no,no,no,yes,Flex
465,25598,18.6,449.2,85774.00,53.4,77472,,yes,no,no,Financials,"Insurance: Life, Health (Mutual)",China,Hong Kong,,yes,no,no,yes,no,no,no,no,yes,China Taiping Insurance Group
464,25605,8.2,452.5,45226.70,184.2,20105,-5,no,yes,no,Financials,Diversified Financials,China,Fuzhou,,yes,no,no,yes,no,no,no,no,yes,Yango Longking Group
463,25673,4.4,414,26533.90,64.3,111200,-26,no,yes,no,Technology,Information Technology Services,Japan,Tokyo,,yes,no,no,yes,no,no,no,no,yes,NEC
462,25753,7.2,671.3,52009.70,-36.6,30635,-11,no,yes,no,Energy,Utilities,Japan,Nagoya,,yes,no,no,no,no,no,no,no,yes,Chubu Electric Power
461,25803,5.3,2015.00,34917.00,-8.4,70000,-21,no,yes,no,Aerospace & Defense,Aerospace & Defense,U.S.,Falls Church,Virginia,yes,yes,no,yes,no,no,yes,no,no,Northrop Grumman
460,25894,3.8,2255.60,32734.10,5.6,63422,-25,no,yes,no,Transportation,Airlines,Britain,Harmondsworth,,yes,no,no,yes,no,no,no,no,yes,International Airlines Group
459,25896,-0.1,2922.00,63109.00,76.1,83000,-38,no,yes,no,"Food, Beverages & Tobacco",Food Consumer Products,U.S.,Deerfield,Illinois,yes,yes,no,no,no,no,yes,no,no,Mondelez International
458,25902,7,566,45823.00,511.8,12953,-11,no,yes,no,Wholesalers,Trading,South Korea,Seoul,,yes,no,no,no,no,no,no,no,yes,Samsung C&amp;T
457,26092,-0.2,-1684.10,49260.30,,101731,-42,no,yes,no,Technology,Network and Other Communications Equipment,Finland,Espoo,,no,yes,no,no,no,no,no,no,yes,Nokia
456,26106,19.1,32.5,37727.40,-87.1,79747,39,no,no,yes,Wholesalers,Trading,China,Urumqi,,yes,no,no,yes,no,no,no,no,yes,Xinjiang Guanghui Industry Investment
455,26107,-14.1,4628.00,70283.00,-65.7,10000,-97,no,yes,no,Health Care,Pharmaceuticals,U.S.,Foster City,California,yes,no,no,yes,no,no,yes,no,no,Gilead Sciences
454,26108,38.6,5704.40,80467.20,39.8,90000,,yes,no,no,Energy,Utilities,Mexico,Mexico City,,yes,no,no,no,no,no,no,no,yes,CFE
453,26128,31.2,48327.80,190746.60,670.4,62270,,yes,no,no,"Food, Beverages & Tobacco",Tobacco,Britain,London,,yes,no,no,yes,no,no,no,no,yes,British American Tobacco
452,26223,29.9,-731,26753.00,-877.7,4850,,yes,no,no,Energy,Pipelines,U.S.,Houston,Texas,no,no,no,no,no,no,yes,no,no,Plains GP Holdings
451,26232,-1,10999.00,120232.00,202.8,39000,-41,no,yes,no,"Food, Beverages & Tobacco",Food Consumer Products,U.S.,Pittsburgh,Pennsylvania,yes,no,no,no,no,no,yes,no,no,Kraft Heinz
450,26234,14.7,711.7,11723.00,9.5,37930,27,no,no,yes,Business Services,Human Resources & Employment Services,Netherlands,Diemen,,yes,no,no,yes,no,no,no,no,yes,Randstad Holding
449,26243,22.8,3166.00,54561.00,98.6,69000,,yes,no,no,Energy,"Mining, Crude-Oil Production",Britain,London,,yes,yes,no,no,no,no,no,no,yes,Anglo American
448,26283,1,4877.20,703950.70,16.1,44896,-30,no,yes,no,Financials,Banks: Commercial and Savings,Australia,Docklands,,yes,no,no,no,no,no,no,no,yes,Australia &amp; New Zealand Banking Group
447,26290,14.6,2394.00,44679.00,,207000,27,no,no,yes,Technology,Diversified Financials,Canada,"Toronto, Ontario",,yes,no,no,yes,no,no,no,no,yes,Onex
446,26446,8.4,4529.20,51029.10,12.3,88543,-3,no,yes,no,Technology,Computer Software,Germany,Walldorf,,yes,yes,no,yes,no,no,no,no,yes,SAP
445,26489,15.4,-615.5,86980.10,,47143,28,no,no,yes,Telecommunications,Telecommunications,Netherlands,Amsterdam,,no,no,no,no,no,no,no,no,yes,Altice
444,26545,-2.8,-1701.70,65358.70,-193.6,81960,-46,no,yes,no,Materials,"Building Materials, Glass",Switzerland,Jona,,no,no,no,no,no,no,no,no,yes,LafargeHolcim
443,26627,0.2,2608.10,76626.30,1.7,86389,-35,no,yes,no,Transportation,Railroads,Japan,Tokyo,,yes,no,no,yes,no,no,no,no,yes,East Japan Railway
442,26636,79.7,9414.00,42431.30,269.8,28000,,yes,no,no,Technology,Semiconductors and Other Electronic Components,South Korea,Gyeonggi,,yes,no,no,yes,no,no,no,no,yes,SK Hynix
441,26670,6.2,888.2,11875.60,11.1,34000,-7,no,yes,no,Business Services,Human Resources & Employment Services,Switzerland,Zurich,,yes,yes,no,yes,no,no,no,no,yes,Adecco Group
440,26813,12.5,402,16462.80,-23.1,18800,16,no,no,yes,Wholesalers,Wholesalers: Electronics and Office Equipment,U.S.,Centennial,Colorado,yes,yes,no,yes,no,no,yes,no,no,Arrow Electronics
439,26817,4,789.6,81135.30,-7.9,36271,-13,no,yes,no,Financials,Insurance: Property and Casualty (Stock),Spain,Madrid,,yes,no,no,no,no,no,no,no,yes,Mapfre Group
438,26821,20.8,1272.20,18762.90,4.2,2920,48,no,no,yes,Energy,Petroleum Refining,South Korea,Seoul,,yes,no,no,no,no,no,no,no,yes,GS Caltex
437,26839,14.5,1592.20,38701.20,54.4,33656,27,no,no,yes,Financials,Insurance: Property and Casualty (Stock),U.S.,Mayfield Village,Ohio,yes,no,yes,yes,no,no,yes,yes,no,Progressive
436,27106,26.6,1324.90,25043.60,45.5,14814,,yes,no,no,Energy,Petroleum Refining,Taiwan,Kaohsiung,,yes,no,no,yes,no,no,no,no,yes,CPC
435,27108,15.6,1345.90,27452.50,17.6,94111,28,no,no,yes,Energy,Energy,Turkey,Istanbul,,yes,no,no,no,no,no,no,no,yes,Koc Holding
434,27177,5.5,959.3,296184.00,2.2,236223,-7,no,yes,no,Transportation,"Mail, Package, and Freight Delivery",France,Paris,,yes,no,no,no,no,no,no,no,yes,La Poste
433,27390,31.3,477,76250.00,-65.9,99000,,yes,no,no,Health Care,Medical Products and Equipment,U.S.,Abbott Park,Illinois,yes,yes,no,yes,no,no,yes,no,no,Abbott Laboratories
432,27480,34.3,127.7,10979.90,39.1,82955,,yes,no,no,Technology,"Computers, Office Equipment",Taiwan,Taipei,,yes,no,no,no,no,no,no,no,yes,Wistron
431,27489,35.4,0.9,76956.80,,115482,,yes,no,no,Materials,Metals,China,Beijing,,yes,no,no,yes,no,no,no,no,yes,Shougang Group
430,27555,6.7,6119.10,710119.50,14.1,88645,-6,no,yes,no,Financials,Banks: Commercial and Savings,Canada,"Toronto, Ontario",,yes,no,no,no,no,no,no,no,yes,Bank of Nova Scotia
429,27653,6.1,1533.00,56822.80,2.9,15374,-12,no,yes,no,Energy,Utilities,Spain,Madrid,,yes,no,no,no,no,no,no,no,yes,Gas Natural Fenosa
428,27792,32.6,61.1,54643.10,,145771,,yes,no,no,Materials,Metals,China,Anshan,,yes,no,no,no,no,no,no,no,yes,Ansteel Group
427,27806,24.3,623.3,24151.80,487.8,121102,58,no,no,yes,Retailing,Specialty Retailers,China,Nanjing,,yes,no,no,yes,no,no,no,no,yes,Suning.com Group
426,27816,14.6,2765.10,53155.60,45.4,104843,20,no,no,yes,"Food, Beverages & Tobacco",Food Consumer Products,France,Paris,,yes,yes,no,yes,no,no,no,no,yes,Danone
425,27820,7.1,1086.10,28376.80,9.4,255133,-5,no,yes,no,Motor Vehicles & Parts,Motor Vehicles & Parts,Japan,Osaka,,yes,no,no,yes,no,no,no,no,yes,Sumitomo Electric Industries
424,27891,2.1,2423.50,47849.40,25.2,142013,-25,no,yes,no,Technology,"Electronics, Electrical Equip.",France,Rueil-Malmaison,,yes,yes,no,no,no,no,no,no,yes,Schneider Electric
423,28071,-3.2,1867.80,30397.50,16.6,73951,-48,no,yes,no,Health Care,Medical Products and Equipment,Netherlands,Amsterdam,,yes,no,no,no,no,no,no,no,yes,Royal Philips
422,28216,10.1,5309.00,70786.00,-10.8,29000,7,no,no,yes,Health Care,Pharmaceuticals,U.S.,North Chicago,Illinois,yes,yes,no,no,no,no,yes,yes,no,AbbVie
421,28273,7.8,1031.60,264119.80,-41.7,5244,-8,no,yes,no,Financials,"Insurance: Life, Health (stock)",South Korea,Seoul,,yes,no,no,no,no,no,no,no,yes,Samsung Life Insurance
420,28283,1.8,1370.80,65692.50,5.5,32520,-31,no,yes,no,Energy,Utilities,Japan,Osaka,,yes,no,no,no,no,no,no,no,yes,Kansai Electric Power
419,28321,5,452.7,46000.40,6.9,164385,-15,no,yes,no,Energy,Utilities,France,Paris,,yes,no,no,yes,no,no,no,no,yes,Veolia Environnement
418,28398,0.4,313.9,15250.40,17.2,15993,-37,no,yes,no,Wholesalers,Wholesalers: Health Care,Japan,Tokyo,,yes,no,no,yes,no,no,no,no,yes,Medipal Holdings
417,28401,5.3,184.4,10410.00,36.1,27638,-14,no,yes,no,Wholesalers,Wholesalers: Health Care,Germany,Mannheim,,yes,no,no,yes,no,no,no,no,yes,Phoenix Pharma
416,28500,4.3,2952.00,50724.00,7.2,21700,-20,no,yes,no,Media,Entertainment,U.S.,New York,New York,yes,no,no,yes,no,no,yes,no,no,Twenty-First Century Fox
415,28518,1.3,524.2,66284.50,-24.4,79303,-30,no,yes,no,Food & Drug Stores,Food & Drug Stores,Switzerland,Zurich,,yes,no,no,yes,no,no,no,no,yes,Migros Group
414,28565,3.1,6083.20,668294.50,11.1,35096,-23,no,yes,no,Financials,Banks: Commercial and Savings,Australia,Sydney,,yes,no,no,no,no,no,no,no,yes,Westpac Banking
413,28578,2.7,1470.20,14727.00,4.4,588112,-26,no,yes,no,Business Services,Food Services,Britain,Chertsey,,yes,no,no,yes,no,no,no,no,yes,Compass Group
412,28601,3.4,492.7,19995.90,2.2,74532,-20,no,yes,no,Food & Drug Stores,Food & Drug Stores,Switzerland,Basel,,yes,no,no,yes,no,no,no,no,yes,Coop Group
411,28748,7.7,6035.00,42968.00,-13.4,80600,-5,no,yes,no,"Food, Beverages & Tobacco",Tobacco,U.S.,New York,New York,yes,no,no,yes,no,no,yes,no,no,Philip Morris International
410,28805,9.6,1192.80,204963.20,27.7,39822,1,no,no,yes,Financials,"Insurance: Life, Health (stock)",Taiwan,Taipei,,yes,no,no,yes,no,no,no,no,yes,Cathay Life Insurance
409,28871,-42.4,344,61406.00,-89.1,66000,-228,no,yes,no,Technology,"Computers, Office Equipment",U.S.,Palo Alto,California,yes,no,no,no,no,no,yes,no,no,Hewlett Packard Enterprise
408,28887,12.3,3840.10,25200.50,10.2,171839,20,no,no,yes,Retailing,Specialty Retailers,Spain,Arteixo,,yes,no,no,yes,no,no,no,no,yes,Inditex
407,28902,4.6,2056.00,103483.00,-31.8,30800,-13,no,yes,no,Financials,Insurance: Property and Casualty (Stock),U.S.,New York,New York,yes,yes,no,no,no,no,yes,no,no,Travelers Cos.
406,29064,4.1,-308.9,29308.40,-135.3,80595,-20,no,yes,no,Transportation,Airlines,France,Paris,,no,yes,no,no,no,no,no,no,yes,Air France-KLM Group
405,29125,-19.4,196.4,3608.80,5.7,350,-110,no,yes,no,Wholesalers,Trading,India,Bengaluru,,yes,no,no,yes,no,no,no,no,yes,Rajesh Exports
404,29175,22.7,189,12213.70,-25,63491,54,no,no,yes,Technology,"Computers, Office Equipment",Taiwan,Taipei,,yes,no,no,no,no,no,no,no,yes,Compal Electronics
403,29242,27,2799.30,54418.10,11.4,7000,66,no,no,yes,Energy,Pipelines,U.S.,Houston,Texas,yes,no,no,yes,no,no,yes,no,no,Enterprise Products Partners
402,29257,-10.1,6169.30,1004790.70,,91952,-74,no,yes,no,Financials,Banks: Commercial and Savings,Italy,Milan,,yes,no,no,no,no,no,no,no,yes,UniCredit Group
401,29331,1.8,1017.00,265049.00,24.3,5437,-23,no,yes,no,Financials,"Insurance: Life, Health (Mutual)",U.S.,Milwaukee,Wisconsin,yes,yes,no,no,no,no,yes,no,no,Northwestern Mutual
400,29424,99.4,6.4,6243.40,-88.3,1607,,yes,no,no,Financials,Diversified Financials,U.S.,New York,New York,yes,no,no,yes,no,no,yes,no,no,INTL FCStone
399,29474,40.1,-280.1,44190.70,,104746,,yes,no,no,Energy,"Mining, Crude-Oil Production",China,Shandong,,no,no,no,yes,no,no,no,no,yes,Yankuang Group
398,29606,14.4,1464.90,27464.20,80,8955,25,no,no,yes,Energy,Petroleum Refining,Japan,Tokyo,,yes,no,no,no,no,no,no,no,yes,Idemitsu Kosan
397,29612,5,333.3,122354.90,-7.6,105006,-15,no,yes,no,Energy,Utilities,China,Beijing,,yes,no,no,no,no,no,no,no,yes,China Huadian
396,29710,3,4028.00,99816.00,13.8,102688,-19,no,yes,no,Health Care,Medical Products and Equipment,Ireland,Dublin,,yes,yes,no,yes,no,no,no,no,yes,Medtronic
395,29727,0.8,198.6,154358.30,-54.5,127182,-27,no,yes,no,Energy,Energy,China,Beijing,,yes,no,no,no,no,no,no,no,yes,State Power Investment
394,29738,11.6,2159.10,65786.30,41.7,60476,13,no,no,yes,Industrials,Construction and Farm Machinery,U.S.,Moline,Illinois,yes,yes,no,yes,no,no,yes,no,no,Deere
393,29797,-0.3,370.8,44674.50,0.9,70009,-29,no,yes,no,Industrials,Shipping,China,Beijing,,yes,no,no,yes,no,no,no,no,yes,China State Shipbuilding
392,29926,4.7,4037.00,42434.10,17.5,82606,-13,no,yes,no,Household Products,Household and Personal Products,France,Clichy,,yes,yes,no,no,no,no,no,no,yes,L'Oreal
391,29999,9,1982.00,365693.00,-47.2,49300,4,no,no,yes,Financials,Banks: Commercial and Savings,U.S.,McLean,Virginia,yes,yes,no,yes,no,no,yes,yes,no,Capital One Financial
390,30016,10.6,2421.90,155390.50,36.1,32705,11,no,no,yes,Financials,Insurance: Property and Casualty (Stock),U.S.,San Antonio,Texas,yes,yes,no,yes,no,no,yes,yes,no,USAA
389,30172,-19.9,1611.00,51884.00,,121000,-117,no,yes,no,Industrials,Industrial Machinery,Ireland,Cork,,yes,no,no,no,no,no,no,no,yes,Johnson Controls International
388,30176,10.6,1774.30,46790.30,10.1,168923,12,no,no,yes,Aerospace & Defense,Aerospace & Defense,China,Beijing,,yes,no,no,yes,no,no,no,no,yes,China Electronics Technology Group
387,30215,-8,943.5,8989.30,23178.30,48410,-62,no,yes,no,Food & Drug Stores,Food & Drug Stores,U.S.,Camp Hill,Pennsylvania,yes,no,no,no,no,no,yes,no,no,Rite Aid
386,30440,9.5,-1505.00,71987.00,,100000,2,no,no,yes,Energy,"Oil & Gas Equipment, Services",U.S.,Houston,Texas,no,no,no,no,no,no,no,no,no,Schlumberger
385,30634,-9.2,1597.70,57612.20,-6,176754,-67,no,yes,no,Industrials,Industrial Machinery,China,Beijing,,yes,no,no,no,no,no,no,no,yes,CRRC
384,30735,0.1,1988.90,27126.10,-23.7,37771,-32,no,yes,no,Motor Vehicles & Parts,Motor Vehicles & Parts,Japan,Tokyo,,yes,no,no,yes,no,no,no,no,yes,Subaru
383,30973,-1.2,2912.00,35046.00,-1.5,98600,-38,no,yes,no,Aerospace & Defense,Aerospace & Defense,U.S.,Falls Church,Virginia,yes,yes,yes,no,no,no,yes,no,no,General Dynamics
382,31069,3.7,2136.10,37983.90,55.4,89213,-19,no,yes,no,Materials,"Building Materials, Glass",Ireland,Dublin,,yes,no,no,yes,no,no,no,no,yes,CRH
381,31078,-6.3,440,21110.40,-1.8,56701,-59,no,yes,no,Materials,Metals,China,Beijing,,yes,no,no,no,no,no,no,no,yes,Xinxing Cathay International Group
380,31091,-5.7,1387.30,38991.80,-47,29492,-57,no,yes,no,Motor Vehicles & Parts,Motor Vehicles & Parts,South Korea,Seoul,,yes,no,no,no,no,no,no,no,yes,Hyundai Mobis
379,31271,6.7,5247.00,69209.00,33.6,26000,-8,no,yes,no,Media,Entertainment,U.S.,New York,New York,yes,yes,no,yes,no,no,yes,no,no,Time Warner
378,31356,5.7,1011.40,25656.80,16.9,49755,-11,no,yes,no,Motor Vehicles & Parts,Motor Vehicles & Parts,Japan,Hiroshima,,yes,no,no,yes,no,no,no,no,yes,Mazda Motor
377,31439,0.3,2692.90,59970.50,8.4,105800,-31,no,yes,no,Telecommunications,Telecommunications,Britain,London,,yes,no,no,no,no,no,no,no,yes,BT Group
376,31657,5.1,4858.00,37987.00,-3.8,91536,-15,no,yes,no,Industrials,Chemicals,U.S.,St. Paul,Minnesota,yes,yes,no,no,no,no,yes,no,no,3M
375,31676,69.8,147.2,14081.50,34.6,7926,,yes,no,no,Wholesalers,Trading,China,Xiamen City,,yes,no,no,yes,no,no,no,no,yes,Xiamen Xiangyu Group
374,31892,-4.7,4504.50,140751.60,5.9,300000,-55,no,yes,no,Retailing,Specialty Retailers,China,Hong Kong,,yes,no,no,yes,no,no,no,no,yes,CK Hutchison Holdings
373,31900,4.3,-998.7,817293.40,,46840,-19,no,yes,no,Financials,Banks: Commercial and Savings,Switzerland,Zurich,,no,no,no,no,no,no,no,no,yes,Credit Suisse Group
372,31935,5.2,127.9,15973.80,-69.9,11626,-13,no,yes,no,"Food, Beverages & Tobacco",Food Production,U.S.,Inver Grove Heights,Minnesota,yes,no,no,no,no,no,yes,no,no,CHS
371,31942,29.9,401.6,7810.00,25.5,12643,68,no,no,yes,Wholesalers,Trading,China,Beijing,,yes,no,no,yes,no,no,no,no,yes,China National Aviation Fuel Group
370,31964,0.9,113.5,18888.80,457.3,24416,-31,no,yes,no,Energy,"Mining, Crude-Oil Production",China,Guixi,,yes,no,no,no,no,no,no,no,yes,Jiangxi Copper
369,31990,6.6,166.8,40399.70,-48.2,137135,-7,no,yes,no,Technology,"Electronics, Electrical Equip.",China,Beijing,,yes,no,no,no,no,no,no,no,yes,China Electronics
368,32126,9.3,11339.30,66949.00,10.3,48602,1,no,no,yes,Technology,Semiconductors and Other Electronic Components,Taiwan,Hsinchu,,yes,yes,no,yes,no,no,no,no,yes,Taiwan Semiconductor Manufacturing
367,32142,5.8,5203.80,1928226.30,-6.6,60051,-10,no,yes,no,Financials,Banks: Commercial and Savings,Japan,Tokyo,,yes,no,no,yes,no,no,no,no,yes,Mizuho Financial Group
366,32243,2.5,3861.00,167022.00,-6.6,31000,-24,no,yes,no,Financials,Insurance: Property and Casualty (Stock),Switzerland,Zurich,,yes,yes,no,no,no,no,no,no,yes,Chubb
365,32495,5.9,2571.00,35150.80,5.3,142669,-12,no,yes,no,Motor Vehicles & Parts,Motor Vehicles & Parts,Japan,Tokyo,,yes,no,no,no,no,no,no,no,yes,Bridgestone
364,32561,9,1061.80,26829.10,201.6,34634,1,no,no,yes,Materials,Metals,China,Zhangjiagang,,yes,no,no,no,no,no,no,no,yes,Jiangsu Shagang Group
363,32584,33.8,-855,73362.00,,11400,81,no,no,yes,Energy,"Mining, Crude-Oil Production",U.S.,Houston,Texas,no,yes,no,no,no,no,yes,no,no,ConocoPhillips
362,32588,47.2,305.1,32280.10,8.9,21133,126,no,no,yes,Wholesalers,Trading,China,Xiamen,,yes,no,no,yes,no,no,no,no,yes,Xiamen C&amp;D
361,32712,38.4,1068.10,20737.80,27.1,31065,,yes,no,no,Wholesalers,Trading,China,Guangzhou,,yes,no,no,yes,no,no,no,no,yes,Cedar Holdings Group
360,32902,50,106.3,15282.10,198.4,19639,134,no,no,yes,Wholesalers,Trading,China,Xiamen,,yes,no,no,yes,no,no,no,no,yes,Xiamen ITG Holding Group
359,33188,-0.5,-141.5,35380.70,,118660,-39,no,yes,no,Energy,"Mining, Crude-Oil Production",China,Xingtai,,no,no,no,no,no,no,no,no,yes,Jizhong Energy Group
358,33202,8.7,1305.50,41953.40,108.2,61234,-2,no,yes,no,Materials,Metals,Japan,Tokyo,,yes,no,no,yes,no,no,no,no,yes,JFE Holdings
357,33495,-11.4,513,288854.80,-59.7,11811,-87,no,yes,no,Financials,"Insurance: Life, Health (Mutual)",U.S.,Springfield,Massachusetts,yes,yes,no,yes,no,no,yes,no,no,Massachusetts Mutual Life Insurance
356,33531,6.9,3770.00,116700.00,232.5,34621,-12,no,yes,no,Energy,Utilities,U.S.,Chicago,Illinois,yes,no,no,yes,no,no,yes,no,no,Exelon
355,33563,2.8,1078.70,607101.30,-33.5,28201,-28,no,yes,no,Financials,Banks: Commercial and Savings,Germany,Frankfurt,,yes,no,no,no,no,no,no,no,yes,DZ Bank
354,33564,21.1,472.2,20617.70,0.6,109624,36,no,no,yes,Technology,"Computers, Office Equipment",Taiwan,Taoyuan,,yes,no,no,yes,no,no,no,no,yes,Quanta Computer
353,33572,45.7,3856.30,161190.00,122.4,124837,114,no,no,yes,Financials,Real estate,China,Foshan,,yes,no,no,yes,no,no,no,no,yes,Country Garden Holdings
352,33616,7.9,1911.50,44207.60,32.6,69230,-3,no,yes,no,Chemicals,Chemicals,Japan,Tokyo,,yes,no,no,no,no,no,no,no,yes,Mitsubishi Chemical Holdings
351,33696,24.7,-170.2,5587.80,-234.5,5000,51,no,no,yes,Energy,Energy,U.S.,Miami,Florida,no,no,no,no,no,no,yes,no,no,World Fuel Services
350,33821,-17.4,630.3,338911.30,21.8,42835,-108,no,yes,no,Financials,"Insurance: Life, Health (Mutual)",Japan,Osaka,,yes,no,no,no,no,no,no,no,yes,Sumitomo Life Insurance
349,33887,5,7484.70,748753.10,11.5,45614,-16,no,yes,no,Financials,Banks: Commercial and Savings,Australia,Sydney,,yes,no,no,yes,no,no,no,no,yes,Commonwealth Bank of Australia
348,33912,15.9,1947.10,31419.40,31.9,65179,25,no,no,yes,Motor Vehicles & Parts,Motor Vehicles & Parts,Japan,Hamamatsu,,yes,no,no,yes,no,no,no,no,yes,Suzuki Motor
347,34028,7.8,1262.00,112370.20,-17.8,48544,-7,no,yes,no,Financials,Insurance: Property and Casualty (Stock),Japan,Tokyo,,yes,no,no,yes,no,no,no,no,yes,Sompo Holdings
346,34073,11.4,1607.10,44273.70,11.3,145987,9,no,no,yes,Aerospace & Defense,Aerospace & Defense,China,Beijing,,yes,no,no,no,no,no,no,no,yes,China Aerospace Science &amp; Industry
345,34196,31.2,2203.00,129384.60,41.1,12700,71,no,no,yes,Energy,Pipelines,Canada,"Calgary, Alberta",,yes,no,no,yes,no,no,no,no,yes,Enbridge
344,34204,42.5,1528.00,28573.00,108.2,14300,109,no,no,yes,Energy,Petroleum Refining,U.S.,San Antonio,Texas,yes,no,no,yes,no,no,yes,no,no,Andeavor
343,34254,6.7,2225.20,63057.50,11.5,173102,-7,no,yes,no,Aerospace & Defense,Aerospace & Defense,China,Beijing,,yes,no,no,yes,no,no,no,no,yes,China Aerospace Science &amp; Technology
342,34262,5.7,2133.30,37950.50,14.6,60539,-12,no,yes,no,Engineering & Construction,Engineering & Construction,Japan,Osaka,,yes,no,no,no,no,no,no,no,yes,Daiwa House Industry
341,34312,1.4,2213.00,43262.00,16.5,134800,-27,no,yes,no,Industrials,Industrial Machinery,Switzerland,Zurich,,yes,yes,no,yes,no,no,no,no,yes,ABB
340,34350,6.1,4240.00,23259.00,12.8,74400,-9,no,yes,no,Apparel,Apparel,U.S.,Beaverton,Oregon,yes,yes,no,yes,no,no,yes,no,no,Nike
339,34421,-26,-4938.20,4809.50,-57169.60,500,-134,no,yes,no,Wholesalers,Trading,China,Hong Kong,,no,no,no,no,no,no,no,no,yes,Noble Group
338,34484,18.2,4879.00,26206.00,27.2,13400,36,no,no,yes,Chemicals,Chemicals,Netherlands,Rotterdam,,yes,yes,no,yes,no,no,no,no,yes,LyondellBasell Industries
337,34501,11.8,7946.70,992315.20,19.6,83160,14,no,no,yes,Financials,Banks: Commercial and Savings,Canada,"Toronto, Ontario",,yes,no,no,yes,no,no,no,no,yes,Toronto-Dominion Bank
336,34507,-6.2,-1652.00,1532658.90,-158.8,79900,-52,no,yes,no,Financials,Banks: Commercial and Savings,Britain,London,,no,no,no,no,no,no,no,no,yes,Barclays
335,34668,16.6,1404.30,109043.90,-5.7,100550,31,no,no,yes,Transportation,Shipping,China,Shanghai,,yes,no,no,no,no,no,no,no,yes,China COSCO Shipping
334,34837,1.6,2291.90,18183.50,13.1,193000,-26,no,yes,no,Food & Drug Stores,Food & Drug Stores,U.S.,Lakeland,Florida,yes,yes,no,yes,no,no,yes,yes,no,Publix Super Markets
333,35048,3.3,371.7,54635.00,-11.7,168260,-21,no,yes,no,Engineering & Construction,Engineering & Construction,China,Beijing,,yes,no,no,no,no,no,no,no,yes,China Energy Engineering Group
332,35117,1.9,4150.50,178968.00,31.2,77708,-25,no,yes,no,Financials,Real estate,China,Shenzhen,,yes,no,no,yes,no,no,no,no,yes,China Vanke
331,35179,53.8,10580.60,85176.90,71,44796,147,no,no,yes,Technology,Internet Services and Retailing,China,Shenzhen,,yes,no,no,yes,yes,no,no,no,yes,Tencent Holdings
330,35240,9.1,3160.70,132911.30,5.7,28750,2,no,no,yes,Energy,Utilities,Spain,Bilbao,,yes,no,no,yes,no,no,no,no,yes,Iberdrola
329,35281,7.3,1214.40,33178.90,3.9,114478,-5,no,yes,no,Motor Vehicles & Parts,Motor Vehicles & Parts,Japan,Kariya,,yes,no,no,yes,no,no,no,no,yes,Aisin Seiki
328,35410,-15.4,1248.00,87896.00,-80.9,61800,-93,no,yes,no,"Food, Beverages & Tobacco",Beverages,U.S.,Atlanta,Georgia,yes,yes,no,no,no,no,yes,no,no,Coca-Cola
327,35583,5.2,2736.00,181159.00,-49.4,55000,-12,no,yes,no,Financials,Diversified Financials,U.S.,New York,New York,yes,yes,no,no,yes,no,yes,yes,no,American Express
326,35630,-20.7,7256.80,41928.10,,141256,,yes,no,no,Technology,"Electronics, Electrical Equip.",Japan,Tokyo,,yes,no,no,no,no,no,no,no,yes,Toshiba
325,35713,21.6,5507.00,99184.00,38.3,74098,45,no,no,yes,Energy,"Mining, Crude-Oil Production",Brazil,Rio de Janeiro,,yes,no,no,yes,no,no,no,no,yes,Vale
324,35752,-1.3,8246.70,956845.60,139.7,96892,-32,no,yes,no,Financials,Banks: Commercial and Savings,Italy,Turin,,yes,no,no,yes,no,no,no,no,yes,Intesa Sanpaolo
323,35794,48.8,2557.30,38099.90,15.7,101826,127,no,no,yes,Technology,"Electronics, Electrical Equip.",China,Foshan,,yes,no,no,no,no,no,no,no,yes,Midea Group
322,35840,10.4,1895.10,686170.80,0.9,66100,7,no,no,yes,Financials,Banks: Commercial and Savings,China,Beijing,,yes,no,no,yes,no,no,no,no,yes,China Everbright Group
321,35865,8.1,2607.90,14058.00,13.5,249000,,no,no,no,Retailing,Specialty Retailers,U.S.,Framingham,Massachusetts,yes,yes,no,yes,no,no,yes,no,no,TJX
320,35880,6.3,1280.50,47827.80,126.6,201816,-3,no,yes,no,Transportation,Railroads,France,St. Denis,,yes,no,no,yes,no,no,no,no,yes,SNCF Mobilites
319,36025,-2.9,1049.70,583631.70,-29.7,16829,-41,no,yes,no,Financials,"Insurance: Life, Health (Mutual)",U.S.,New York,New York,yes,no,no,yes,no,no,yes,no,no,TIAA
318,36083,-1.4,428.8,27952.40,-81,34901,-32,no,yes,no,Energy,Utilities,Britain,Windsor,,yes,no,no,no,no,no,no,no,yes,Centrica
317,36388,16.4,2157.60,46153.70,55.8,197776,30,no,no,yes,Technology,"Computers, Office Equipment",Japan,Tokyo,,yes,yes,no,yes,no,no,no,no,yes,Canon
316,36766,5.7,3445.10,22689.90,-16.2,425000,-11,no,yes,no,Technology,Information Technology Services,Ireland,Dublin,,yes,yes,no,yes,yes,no,no,yes,yes,Accenture
315,36775,40.2,116.6,12652.60,-40.2,14000,97,no,no,yes,Wholesalers,Wholesalers: Electronics and Office Equipment,U.S.,Clearwater,Florida,yes,yes,no,yes,no,no,yes,no,no,Tech Data
314,36851,21.6,1397.50,18464.90,7.5,12924,46,no,no,yes,Energy,Petroleum Refining,India,Mumbai,,yes,no,no,no,no,no,no,no,yes,Bharat Petroleum
313,36991,-11.1,1528.40,29356.90,87.2,140365,-76,no,yes,no,Technology,Information Technology Services,Japan,Tokyo,,yes,no,no,no,no,no,no,no,yes,Fujitsu
312,37002,17.4,1152.60,138876.40,54.9,88407,29,no,no,yes,Financials,Real estate,China,Beijing,,yes,no,no,yes,no,no,no,no,yes,China Poly Group
311,37103,2.7,636.2,51609.60,-21.4,80652,-17,no,yes,no,Industrials,Industrial Machinery,Japan,Tokyo,,yes,no,no,no,no,no,no,no,yes,Mitsubishi Heavy Industries
310,37125,8.6,345,8863.80,-3.1,369000,-1,no,yes,no,Wholesalers,Wholesalers: Food and Grocery,Germany,Hamburg,,yes,no,no,yes,no,no,no,no,yes,Edeka Zentrale
309,37160,3.9,2392.20,390702.80,15.9,42261,-12,no,yes,no,Financials,"Insurance: Life, Health (Mutual)",Japan,Tokyo,,yes,no,no,yes,no,no,no,no,yes,Meiji Yasuda Life Insurance
308,37212,2.8,584.9,30730.40,41,198000,-15,no,yes,no,Food & Drug Stores,Food & Drug Stores,Canada,"Toronto, Ontario",,yes,yes,no,yes,no,no,no,no,yes,George Weston
307,37259,5.6,1223.00,42961.10,51.1,115530,-7,no,yes,no,Engineering & Construction,Engineering & Construction,France,Paris,,yes,no,no,no,no,no,no,no,yes,Bouygues
306,37317,3,1069.80,939794.70,-67.1,61253,-15,no,yes,no,Financials,Banks: Commercial and Savings,Switzerland,Zurich,,yes,no,no,yes,no,no,no,no,yes,UBS Group
305,37500,5.7,-1205.00,63227.00,,85667,-7,no,yes,no,Transportation,Shipping,Denmark,Copenhagen,,no,yes,no,no,no,no,no,no,yes,Maersk Group
304,37695,2.9,776.7,243359.80,12.9,136555,-19,no,yes,no,Financials,"Insurance: Life, Health (stock)",Italy,Rome,,yes,no,no,no,no,no,no,no,yes,Poste Italiane
303,37711,10.4,409.5,30856.90,-16.6,121200,7,no,no,yes,Food & Drug Stores,Food & Drug Stores,Britain,London,,yes,no,no,yes,no,no,no,no,yes,J. Sainsbury
302,37728,1.8,9335.00,134991.00,4.9,138000,-22,no,yes,no,Technology,Computer Software,U.S.,Redwood City,California,yes,yes,yes,yes,no,no,yes,no,no,Oracle
301,37736,3.2,2131.00,42326.00,-5.8,89800,-14,no,yes,no,Transportation,Airlines,U.S.,Chicago,Illinois,yes,no,no,yes,no,no,yes,no,no,United Continental Holdings
300,37771,60.6,9673.10,113979.40,49.1,66421,162,no,no,yes,Technology,Internet Services and Retailing,China,Hangzhou,,yes,yes,no,yes,no,no,no,no,yes,Alibaba Group Holding
299,37905,11,1208.90,14171.20,1.3,120000,12,no,no,yes,Food & Drug Stores,Food & Drug Stores,Canada,"Laval, Quebec",,yes,no,no,yes,no,no,no,no,yes,Alimentation Couche-Tard
298,38197,17.2,2044.80,63800.40,18.5,273249,37,no,no,yes,Health Care,Health Care: Medical Facilities,Germany,Bad Homburg,,yes,yes,no,yes,no,no,no,no,yes,Fresenius
297,38260,3.7,1774.00,28066.00,0.3,122000,-14,no,yes,no,"Food, Beverages & Tobacco",Food Production,U.S.,Springdale,Arkansas,yes,yes,no,yes,no,no,yes,no,no,Tyson Foods
296,38285,23.9,5890.00,117006.00,,26146,54,no,no,yes,Energy,"Mining, Crude-Oil Production",Australia,Melbourne,,yes,no,no,no,no,no,no,no,yes,BHP Billiton
295,38330,35.9,6120.00,215691.00,47,20000,88,no,no,yes,Financials,"Insurance: Life, Health (stock)",China,Hong Kong,,yes,no,no,no,no,no,no,no,yes,AIA Group
294,38483,20.5,73.6,71262.30,,119416,43,no,no,yes,Energy,"Mining, Crude-Oil Production",China,Xi'an,,yes,no,no,no,no,no,no,no,yes,Shaanxi Coal &amp; Chemical Industry
293,38524,5.4,3189.00,112422.00,69.9,42680,-5,no,yes,no,Financials,Insurance: Property and Casualty (Stock),U.S.,Northbrook,Illinois,yes,yes,no,no,yes,no,yes,no,no,Allstate
292,38551,10.4,8735.60,940998.50,11.4,78210,12,no,no,yes,Financials,Banks: Commercial and Savings,Canada,"Toronto, Ontario",,yes,yes,no,yes,no,no,no,no,yes,Royal Bank of Canada
291,38603,10,757.5,190184.90,-24.5,20419,11,no,no,yes,Financials,Insurance: Property and Casualty (Stock),Germany,Hanover,,yes,no,no,yes,no,no,no,no,yes,Talanx
290,38868,3.3,1972.60,76252.40,60.3,98462,-17,no,yes,no,Health Care,Pharmaceuticals,Britain,Brentford,,yes,no,yes,no,no,no,no,no,yes,GlaxoSmithKline
289,38872,3.5,215.6,159644.80,,138473,-15,no,yes,no,Energy,Energy,China,Beijing,,yes,no,no,no,no,no,no,no,yes,China Huaneng Group
288,38898,19.1,166.8,50590.30,,130614,38,no,no,yes,Energy,"Mining, Crude-Oil Production",China,Xi'an,,yes,no,no,no,no,no,no,no,yes,Shaanxi Yanchang Petroleum (Group)
287,38946,6.9,2206.00,25393.00,8.6,168000,3,no,no,yes,Motor Vehicles & Parts,Motor Vehicles & Parts,Canada,"Aurora, Ontario",,yes,yes,no,yes,no,no,no,no,yes,Magna International
286,39172,11.1,2455.20,50393.90,59.9,93296,15,no,no,yes,Motor Vehicles & Parts,Motor Vehicles & Parts,Sweden,,,yes,no,no,yes,no,no,no,no,yes,Volvo
285,39238,9.3,482.6,16411.30,-19.5,130052,11,no,no,yes,Technology,"Electronics, Electrical Equip.",Taiwan,Taipei,,yes,no,no,no,no,no,no,no,yes,Pegatron
284,39338,6.3,904,38281.30,8.9,122120,-3,no,yes,no,Engineering & Construction,Engineering & Construction,Spain,Madrid,,yes,no,no,yes,no,no,no,no,yes,ACS
283,39456,6.5,3785.00,82814.00,51.2,444000,-4,no,yes,no,Motor Vehicles & Parts,Motor Vehicles & Parts,China,Hong Kong,,yes,no,no,yes,no,no,no,no,yes,Jardine Matheson
282,39493,3.2,1031.00,355620.20,20.5,30484,-16,no,yes,no,Financials,"Insurance: Life, Health (stock)",Canada,"Montreal, Quebec",,yes,no,no,yes,no,no,no,no,yes,Power Corp. of Canada
281,39939,4.7,4914.90,85992.70,4.6,34000,18,no,no,yes,Chemicals,Chemicals,Saudi Arabia,Riyadh,,yes,no,no,no,no,no,no,no,yes,SABIC
280,39971,24.2,4039.40,183913.80,5.9,108737,,yes,no,no,Transportation,"Mail, Package, and Freight Delivery",China,Hong Kong,,yes,no,no,no,no,no,no,no,yes,China Merchants Group
279,39995,2.2,2453.90,40106.80,26.3,142340,-17,no,yes,no,Technology,"Electronics, Electrical Equip.",Japan,Tokyo,,yes,no,no,yes,no,no,no,no,yes,Mitsubishi Electric
278,40030,18.5,8762.00,95726.00,89.8,46807,38,no,no,yes,Energy,"Mining, Crude-Oil Production",Britain,London,,yes,no,no,no,no,no,no,no,yes,Rio Tinto Group
277,40105,14.6,2664.70,43548.30,35.7,110917,26,no,no,yes,Transportation,Airlines,Germany,Cologne,,yes,yes,no,yes,no,no,no,no,yes,Lufthansa Group
276,40122,0.8,2394.00,87872.00,-38.9,69000,-21,no,yes,no,Health Care,Pharmaceuticals,U.S.,Kenilworth,New Jersey,yes,yes,no,yes,no,no,yes,no,no,Merck
275,40534,3.1,1655.00,59387.00,-65.6,131000,-15,no,yes,no,Technology,"Electronics, Electrical Equip.",U.S.,Morris Plains,New Jersey,yes,yes,no,no,no,no,yes,no,no,Honeywell International
274,40653,47.1,15934.00,84524.00,56,25105,119,no,no,yes,Technology,Internet Services and Retailing,U.S.,Menlo Park,California,yes,yes,no,yes,no,yes,yes,no,no,Facebook
273,40664,-1.5,63,88086.20,171.7,252522,-32,no,yes,no,Telecommunications,Telecommunications,China,Beijing,,yes,no,no,no,no,no,no,no,yes,China United Network Communications
272,40786,67.1,1462.00,192720.00,-11.4,80750,169,no,no,yes,Financials,Diversified Financials,Canada,"Toronto, Ontario",,yes,no,no,yes,no,no,no,no,yes,Brookfield Asset Management
271,40810,-1.4,9506.90,119867.90,82.6,106570,-31,no,yes,no,Health Care,Pharmaceuticals,France,Paris,,yes,no,no,no,no,no,no,no,yes,Sanofi
270,40929,31.2,330.7,13197.80,2,19071,78,no,no,yes,Wholesalers,Trading,China,Hangzhou,,yes,no,no,yes,no,no,no,no,yes,Wuchan Zhongda Group
269,40957,,358.4,18651.30,,135890,,yes,no,no,Food & Drug Stores,Food & Drug Stores,Germany,,,yes,no,no,no,no,no,no,no,yes,Metro
268,41080,5.6,1221.90,33421.00,28.6,146148,-5,no,yes,no,Motor Vehicles & Parts,Motor Vehicles & Parts,Germany,Friedrichshafen,,yes,no,no,yes,no,no,no,no,yes,ZF Friedrichshafen
267,41172,31,1820.30,42445.60,43.8,77073,76,no,no,yes,Motor Vehicles & Parts,Motor Vehicles & Parts,China,Hangzhou,,yes,no,no,yes,no,no,no,no,yes,Zhejiang Geely Holding Group
266,41244,4,3577.00,53292.00,-18.2,86564,-9,no,yes,no,Transportation,Airlines,U.S.,Atlanta,Georgia,yes,yes,no,yes,no,no,yes,yes,no,Delta Air Lines
265,41383,9.4,1088.80,32559.60,-47.7,20785,4,no,no,yes,Energy,Utilities,Britain,Perth,,yes,no,no,no,no,no,no,no,yes,SSE
264,41581,43.4,9895.00,146623.00,180.9,94800,112,no,no,yes,Telecommunications,Telecommunications,U.S.,Stamford,Connecticut,yes,no,no,yes,no,no,yes,no,no,Charter Communications
263,41616,4.9,2237.00,61753.00,19.8,46000,-7,no,yes,no,Health Care,Health Care: Insurance and Managed Care,U.S.,Bloomfield,Connecticut,yes,yes,no,yes,no,no,yes,no,no,Cigna
262,41863,21.4,2390.80,71874.40,24.5,22375,44,no,no,yes,Energy,Petroleum Refining,Spain,Madrid,,yes,no,no,no,no,no,no,no,yes,Repsol
261,42151,7,1000.00,13049.00,-18.6,125000,-3,no,yes,no,Retailing,Specialty Retailers,U.S.,Richfield,Minnesota,yes,yes,no,no,no,no,yes,no,no,Best Buy
260,42207,5,1919.00,51396.00,-28.3,126600,-7,no,yes,no,Transportation,Airlines,U.S.,Fort Worth,Texas,yes,no,no,yes,no,no,yes,no,no,American Airlines Group
259,42254,12,4286.00,916776.00,-42.1,36600,12,no,no,yes,Financials,Banks: Commercial and Savings,U.S.,New York,New York,yes,yes,no,yes,no,no,yes,yes,no,Goldman Sachs Group
258,42296,3.7,1866.90,303182.80,71.6,11114,-15,no,yes,no,Financials,"Insurance: Life, Health (Mutual)",U.S.,New York,New York,yes,yes,no,no,no,no,yes,no,no,New York Life Insurance
257,42487,-3,398,222526.00,-89,14485,-37,no,yes,no,Financials,Insurance: Property and Casualty (Stock),Switzerland,Zurich,,yes,yes,no,yes,no,no,no,no,yes,Swiss Re
256,42638,32.3,471.8,58593.30,-6,150967,78,no,no,yes,Industrials,Industrial Machinery,China,Beijing,,yes,no,no,yes,no,no,no,no,yes,Sinomach
255,42687,11.4,17,142502.00,-98.3,50000,10,no,no,yes,Financials,Insurance: Property and Casualty (Stock),U.S.,Boston,Massachusetts,yes,no,no,no,no,no,yes,no,no,Liberty Mutual Insurance Group
254,42795,1.4,4424.30,67183.00,,42699,-23,no,yes,no,Energy,Energy,Germany,Essen,,yes,no,no,no,no,no,no,no,yes,E.ON
253,42959,17.7,2540.20,51213.60,-19.3,27817,36,no,no,yes,Energy,Petroleum Refining,Indonesia,Jakarta,,yes,no,yes,yes,no,no,no,no,yes,Pertamina
252,42970,15.4,1337.20,130303.00,23.2,33473,25,no,no,yes,Financials,Real estate,China,Shanghai,,yes,no,no,no,no,no,no,no,yes,Greenland Holding Group
251,43298,7.6,7370.30,906340.00,2.3,57882,,no,no,no,Financials,Banks: Commercial and Savings,China,Beijing,,yes,no,no,no,no,no,no,no,yes,China Minsheng Banking
250,43570,18.1,2784.60,73080.30,76.6,73016,32,no,no,yes,Wholesalers,Trading,Japan,Tokyo,,yes,no,no,yes,no,no,no,no,yes,Sumitomo
249,43642,15,6111.00,851733.00,2.2,57633,18,no,no,yes,Financials,Banks: Commercial and Savings,U.S.,New York,New York,yes,yes,no,yes,no,no,yes,no,no,Morgan Stanley
248,43846,5.9,1219.30,40932.60,25.4,90000,-9,no,yes,no,"Food, Beverages & Tobacco",Food Production,Singapore,Singapore,,yes,yes,no,no,no,no,no,no,yes,Wilmar International
247,43940,9.6,246.5,221256.90,-26.2,33135,7,no,no,yes,Financials,Insurance: Property and Casualty (Mutual),U.S.,Columbus,Ohio,yes,no,no,no,no,no,yes,yes,no,Nationwide
246,44155,9.6,3777.10,106335.60,33.7,42304,3,no,no,yes,Wholesalers,Trading,Japan,Tokyo,,yes,no,no,no,no,no,no,no,yes,Mitsui
245,44431,5.4,716.3,76200.20,47.5,173201,-12,no,yes,no,Industrials,Shipping,China,Beijing,,yes,no,no,no,no,no,no,no,yes,China Shipbuilding Industry
244,44590,9.8,358.6,149659.00,-15.4,52909,2,no,no,yes,Financials,"Insurance: Life, Health (stock)",South Korea,Seoul,,yes,no,no,yes,no,no,no,no,yes,Hanwha
243,44701,13.7,15.2,90846.90,-79.6,214480,16,no,no,yes,Materials,"Building Materials, Glass",China,Beijing,,yes,no,no,no,no,no,no,no,yes,China National Building Material Group
242,44785,-37.1,739.6,56394.70,27.4,211716,-141,no,yes,no,Aerospace & Defense,Aerospace & Defense,China,Beijing,,yes,no,no,no,no,no,no,no,yes,China South Industries Group
241,44941,11.7,1621.20,582322.00,-26.6,34300,9,no,no,yes,Financials,"Insurance: Life, Health (stock)",Canada,"Toronto, Ontario",,yes,no,no,no,no,no,no,no,yes,Manulife Financial
240,45350,5.4,-189.3,28494.20,-135.4,54000,-14,no,yes,no,Technology,"Computers, Office Equipment",China,Hong Kong,,no,no,no,yes,no,no,no,no,yes,Lenovo Group
239,45390,3.7,-119.2,57767.80,,123178,-18,no,yes,no,Materials,Metals,China,Shijiazhuang,,no,no,no,no,no,no,no,no,yes,HBIS Group
238,45462,18,754,76962.00,,98400,26,no,no,yes,Industrials,Construction and Farm Machinery,U.S.,Deerfield,Illinois,yes,yes,no,yes,no,no,yes,no,no,Caterpillar
237,45491,6.7,8463.30,985387.30,4.4,58997,-7,no,yes,no,Financials,Banks: Commercial and Savings,China,Fuzhou,,yes,no,no,yes,no,no,no,no,yes,Industrial Bank
236,45508,3.8,5167.50,61831.60,2.4,38826,-17,no,yes,no,Telecommunications,Telecommunications,Japan,Tokyo,,yes,yes,no,yes,no,no,no,no,yes,KDDI
235,45563,20.3,1016.00,18360.20,23.6,63420,33,no,no,yes,Industrials,Textiles,China,Suzhou City,,yes,no,no,yes,no,no,no,no,yes,Hengli Group
234,45650,55.8,489.3,43534.90,1148.90,158840,138,no,no,yes,Energy,"Mining, Crude-Oil Production",China,Jinan,,yes,no,no,no,no,no,no,no,yes,Shandong Energy Group
233,45794,7.3,160,18871.00,-78.5,31000,-4,no,yes,no,"Food, Beverages & Tobacco",Food Production,U.S.,White Plains,New York,yes,yes,no,no,no,no,no,no,no,Bunge
232,45842,13.7,1394.40,50808.20,25.4,81090,15,no,no,yes,Motor Vehicles & Parts,Motor Vehicles & Parts,India,Mumbai,,yes,no,no,yes,no,no,no,no,yes,Tata Motors
231,46002,6.4,1765.20,51533.40,21.8,179149,-6,no,yes,no,Materials,"Building Materials, Glass",France,Courbevoie,,yes,no,no,yes,no,no,no,no,yes,Saint-Gobain
230,46019,44.6,3606.10,270539.30,52.2,125526,108,no,no,yes,Financials,Real estate,China,Shenzen,,yes,no,no,yes,no,no,no,no,yes,China Evergrande Group
229,46106,10.4,2893.30,54212.50,21.7,168813,7,no,no,yes,Motor Vehicles & Parts,Motor Vehicles & Parts,Japan,Kariya,,yes,yes,no,yes,no,no,no,no,yes,Denso
228,46179,5.1,1156.10,17573.50,,202000,-10,no,yes,no,Food & Drug Stores,Food & Drug Stores,Australia,Bella Vista,,yes,no,no,no,yes,no,no,no,yes,Woolworths Group
227,46295,13.8,8138.10,942450.90,1.8,54263,18,no,no,yes,Financials,Banks: Commercial and Savings,China,Shanghai,,yes,no,no,yes,no,no,no,no,yes,Shanghai Pudong Development Bank
226,46302,8.3,3096.50,83817.20,11.8,194428,1,no,no,yes,Engineering & Construction,Engineering & Construction,France,Rueil-Malmaison,,yes,no,no,yes,no,no,no,no,yes,Vinci
225,46324,2.4,2148.50,113729.60,-33.8,151556,-15,no,yes,no,Telecommunications,Telecommunications,France,Paris,,yes,yes,no,no,no,no,no,no,yes,Orange
224,46508,6.4,3966.70,828601.10,3.2,131856,-1,no,yes,no,Financials,Banks: Commercial and Savings,Spain,Bilbao,,yes,no,no,no,no,no,no,no,yes,Banco Bilbao Vizcaya Argentaria
223,46511,-4.8,-846.5,1770811.70,,97535,-34,no,yes,no,Financials,Banks: Commercial and Savings,Germany,Frankfurt,,no,no,no,no,no,no,no,no,yes,Deutsche Bank
222,46684,15.9,-428.6,81593.50,,123293,26,no,no,yes,Materials,Metals,China,Beijing,,no,no,no,yes,no,no,no,no,yes,Aluminum Corp. of China
221,47095,-4.4,1390.50,211350.80,-28.4,41295,-33,no,yes,no,Financials,Insurance: Property and Casualty (Stock),Japan,Tokyo,,yes,no,no,yes,no,no,no,no,yes,MS&amp;AD Insurance Group Holdings
220,47319,17.7,2169.40,179856.30,19.5,101887,32,no,no,yes,Financials,"Insurance: Life, Health (stock)",China,Shanghai,,yes,no,no,yes,no,no,no,no,yes,China Pacific Insurance (Group)
219,47360,4.3,856.4,48855.00,-63.9,51789,-10,no,yes,no,Motor Vehicles & Parts,Motor Vehicles & Parts,South Korea,Seoul,,yes,no,no,yes,no,no,no,no,yes,Kia Motors
218,47389,8.7,-715.7,41427.90,-317.8,158739,6,no,no,yes,Materials,Metals,Germany,Essen,,no,no,no,yes,no,no,no,no,yes,ThyssenKrupp
217,47487,26.6,954,86246.00,-4.1,29486,58,no,no,yes,Energy,Pipelines,U.S.,Dallas,Texas,yes,no,no,no,no,no,yes,no,no,Energy Transfer Equity
216,47551,6.8,-706.8,554532.40,-2064.90,264041,1,no,no,yes,Financials,Banks: Commercial and Savings,India,Mumbai,,no,no,no,no,no,no,no,no,yes,State Bank of India
215,47653,6.5,2216.00,36593.00,-23.3,221491,-1,no,yes,no,Health Care,Health Care: Medical Facilities,U.S.,Nashville,Tennessee,yes,yes,no,yes,no,no,yes,no,no,HCA Healthcare
214,47832,-0.8,2189.10,82923.90,,59547,-19,no,yes,no,Energy,Utilities,Germany,Essen,,yes,no,no,yes,no,no,no,no,yes,RWE
213,47951,7.6,10379.40,967082.00,11.1,72530,3,no,no,yes,Financials,Banks: Commercial and Savings,China,Shenzhen,,yes,no,no,yes,no,no,no,no,yes,China Merchants Bank
212,48005,-2.5,9609.00,129818.00,-10.5,72900,-25,no,yes,no,Technology,Network and Other Communications Equipment,U.S.,San Jose,California,yes,yes,no,no,no,no,yes,yes,no,Cisco Systems
211,48124,7.3,839.8,67766.60,9.3,310935,1,no,no,yes,Transportation,Railroads,Germany,Berlin,,yes,no,no,yes,no,no,no,no,yes,Deutsche Bahn
210,48572,19.3,828,21855.00,47.3,33700,34,no,no,yes,Health Care,Health Care: Insurance and Managed Care,U.S.,St. Louis,Missouri,yes,no,no,yes,yes,yes,yes,no,no,Centene
209,48731,0.9,2565.00,215648.80,1.5,39191,-16,no,yes,no,Financials,Insurance: Property and Casualty (Stock),Japan,Tokyo,,yes,no,no,yes,no,no,no,no,yes,Tokio Marine Holdings
208,49221,16.9,2525.00,87370.30,45.1,131310,26,no,no,yes,Apparel,Apparel,France,Paris,,yes,no,no,yes,no,no,no,no,yes,Christian Dior
207,49520,-5.4,-6084.00,498301.00,,49800,-32,no,yes,no,Financials,Insurance: Property and Casualty (Stock),U.S.,New York,New York,no,no,no,no,no,no,yes,no,no,AIG
206,49608,10.6,3364.30,44957.40,8.6,235473,7,no,no,yes,Motor Vehicles & Parts,Motor Vehicles & Parts,Germany,Hanover,,yes,yes,no,yes,no,no,no,no,yes,Continental
205,49698,17.9,12869.00,471033.20,59.3,310277,27,no,no,yes,Financials,Banks: Commercial and Savings,Russia,Moscow,,yes,no,no,no,no,no,no,no,yes,Sberbank
204,49732,11.4,3613.30,81481.60,11.2,117074,11,no,no,yes,Wholesalers,Trading,Japan,Osaka,,yes,no,no,yes,no,no,no,no,yes,Itochu
203,50135,1.4,7703.00,133079.00,14.8,121597,-17,no,yes,no,Health Care,Pharmaceuticals,Switzerland,Basel,,yes,yes,no,yes,yes,no,no,no,yes,Novartis
202,50323,21.1,989.2,39171.00,79.2,84290,36,no,no,yes,Motor Vehicles & Parts,Motor Vehicles & Parts,China,Guangzhou,,yes,no,no,yes,no,no,no,no,yes,Guangzhou Automobile Industry Group
201,50737,6.1,1447.90,508283.10,9.1,5171,-1,no,yes,no,Financials,"Insurance: Life, Health (stock)",France,Paris,,yes,no,no,yes,no,no,no,no,yes,CNP Assurances
200,51048,0.8,2002.00,46521.00,-62.2,100000,-22,no,yes,no,Aerospace & Defense,Aerospace & Defense,U.S.,Bethesda,Maryland,yes,yes,yes,yes,no,no,yes,no,no,Lockheed Martin
199,51118,4.7,167.4,32776.30,150,235000,-8,no,yes,no,"Food, Beverages & Tobacco",Food Production,Brazil,Sao Paulo,,yes,no,no,no,no,no,no,no,yes,JBS
198,51164,19.7,1760.60,71404.20,45.7,101738,30,no,no,yes,Materials,Metals,Japan,Tokyo,,yes,yes,no,yes,no,no,no,no,yes,Nippon Steel &amp; Sumitomo Metal
197,51219,156.9,3429.30,70571.00,12.2,32265,,yes,no,no,Energy,"Mining, Crude-Oil Production",India,Dehradun,,yes,no,no,no,no,no,no,no,yes,Oil &amp; Natural Gas
196,51578,7.1,-66.5,48192.80,-109.7,231544,1,no,no,yes,Food & Drug Stores,Food & Drug Stores,France,Paris,,no,no,no,no,no,no,no,no,yes,Finatis
195,51600,7.5,2165.90,30763.00,631.5,223000,3,no,no,yes,Food & Drug Stores,Food & Drug Stores,Australia,Perth,,yes,no,no,yes,no,no,no,no,yes,Wesfarmers
194,51844,8.4,690.1,43301.20,36.9,110641,5,no,no,yes,Health Care,Pharmaceuticals,China,Beijing,,yes,no,no,yes,no,no,no,no,yes,Sinopharm
193,51933,-1.2,8269.30,90162.10,65,99820,-19,no,yes,no,Health Care,Pharmaceuticals,Germany,Leverkusen,,yes,yes,no,no,no,no,no,no,yes,Bayer
192,52026,9.8,6628.20,1871994.10,1.7,72978,10,no,no,yes,Financials,Banks: Commercial and Savings,Japan,Tokyo,,yes,no,no,no,no,no,no,no,yes,Sumitomo Mitsui Financial Group
191,52028,5.2,8761.90,148330.90,114.1,49911,-7,no,yes,no,Energy,Petroleum Refining,Malaysia,Kuala Lumpur,,yes,no,no,no,no,no,no,no,yes,Petronas
190,52056,7.9,2526.00,32913.00,1.2,49000,4,no,no,yes,Technology,"Computers, Office Equipment",U.S.,Palo Alto,California,yes,yes,no,no,no,no,yes,no,no,HP
189,52422,-19.6,4901.90,1098335.10,76,67905,-68,no,yes,no,Financials,Banks: Commercial and Savings,Britain,London,,yes,no,no,no,no,no,no,no,yes,Lloyds Banking Group
188,52492,1.9,1148.90,169832.70,-81.1,45232,-11,no,yes,no,Energy,Utilities,South Korea,Jeollanam-do,,yes,no,no,yes,no,no,no,no,yes,Korea Electric Power
187,52546,-0.5,21308.00,171797.00,195.3,90200,-14,no,yes,no,Health Care,Pharmaceuticals,U.S.,New York,New York,yes,no,no,no,no,no,yes,no,no,Pfizer
186,52809,6.8,2870.90,118422.10,134.2,41525,-1,no,yes,no,Energy,Utilities,Japan,Tokyo,,yes,no,no,no,no,no,no,no,yes,Tokyo Electric Power
185,53203,-5.3,1270.00,35439.20,4.3,117718,-26,no,yes,no,Industrials,Textiles,China,Shandong,,yes,no,no,no,no,no,no,no,yes,Shandong Weiqiao Pioneering Group
184,53244,16.7,2438.30,74538.10,108.8,32287,24,no,no,yes,Materials,Metals,South Korea,Seoul,,yes,yes,no,yes,no,no,no,no,yes,POSCO
183,53767,-1.1,2448.00,27178.00,298.7,45900,-17,no,yes,no,Health Care,Health Care: Insurance and Managed Care,U.S.,Louisville,Kentucky,yes,yes,no,no,no,no,yes,no,no,Humana
182,53870,10.2,946.7,105031.20,-10.5,186234,8,no,no,yes,Engineering & Construction,Engineering & Construction,China,Beijing,,yes,no,no,no,no,no,no,no,yes,PowerChina
181,53965,37.8,-22.5,28264.00,,157831,80,no,no,yes,Technology,Internet Services and Retailing,China,Beijing,,no,no,no,yes,no,no,no,no,yes,JD.com
180,54006,3.5,1550.20,75968.60,234.9,191851,-4,no,yes,no,Telecommunications,Telecommunications,Mexico,Mexico City,,yes,yes,no,no,no,no,no,no,yes,America Movil
179,54217,0.7,1626.70,51503.90,82.2,56606,-12,no,yes,no,Food & Drug Stores,Food & Drug Stores,Japan,Tokyo,,yes,no,no,yes,no,no,no,no,yes,Seven &amp; I Holdings
178,54314,13.8,1526.70,38509.90,2204.50,74000,23,no,no,yes,Technology,"Electronics, Electrical Equip.",South Korea,Seoul,,yes,yes,no,no,no,no,no,no,yes,LG Electronics
177,54769,-0.8,8932.50,2886649.30,4.5,117321,-13,no,yes,no,Financials,Banks: Commercial and Savings,Japan,Tokyo,,yes,no,no,yes,no,no,no,no,yes,Mitsubishi UFJ Financial Group
176,55137,-0.9,8980.00,95789.00,-4.4,199000,-15,no,yes,no,Media,Entertainment,U.S.,Burbank,California,yes,yes,no,yes,no,no,yes,no,no,Disney
175,55269,-4.9,3329.80,408007.40,65.3,99161,-24,no,yes,no,Financials,Banks: Commercial and Savings,Brazil,,,yes,no,no,no,no,no,no,no,yes,Banco do Brasil
174,55371,9.9,1142.50,17756.70,20.3,66500,5,no,no,yes,Wholesalers,Wholesalers: Food and Grocery,U.S.,Houston,Texas,yes,no,no,yes,no,no,yes,no,no,Sysco
173,55440,11.2,317,20394.00,3.9,17210,9,no,no,yes,"Food, Beverages & Tobacco",Food Production,Netherlands,Rotterdam,,yes,no,no,no,no,no,no,no,yes,Louis Dreyfus
172,55999,-46.8,2434.90,684172.30,43.4,7570,-123,no,yes,no,Financials,"Insurance: Life, Health (stock)",Britain,London,,yes,no,no,no,no,no,no,no,yes,Legal &amp; General Group
171,56347,1.9,6159.10,1013302.10,12,54302,-8,no,yes,no,Financials,Banks: Commercial and Savings,Netherlands,Amsterdam,,yes,no,no,yes,no,no,no,no,yes,ING Group
170,56444,23,7996.00,246126.00,544.3,182915,36,no,no,yes,"Food, Beverages & Tobacco",Beverages,Belgium,Leuven,,yes,yes,no,no,no,no,no,no,yes,Anheuser-Busch InBev
169,56634,6,8770.60,78698.60,-9.8,93734,,no,no,no,Health Care,Pharmaceuticals,Switzerland,Basel,,yes,yes,no,no,no,no,no,no,yes,Roche Group
168,57711,8.9,10390.30,1387938.30,2.7,94085,3,no,no,yes,Financials,Banks: Commercial and Savings,China,Shanghai,,yes,no,no,no,no,no,no,no,yes,Bank of Communications
167,57989,28.4,-739,122068.70,-4222.80,142083,44,no,no,yes,Chemicals,Chemicals,China,Beijing,,no,no,no,yes,no,no,no,no,yes,ChemChina
166,58062,1.1,5353.70,369192.60,4.4,86317,-12,no,yes,no,Financials,Banks: Commercial and Savings,Brazil,Osasco,,yes,no,no,no,no,no,no,no,yes,Banco Bradesco
165,58586,9.5,1175.40,40534.60,18,56827,,yes,no,no,Wholesalers,Trading,Japan,Nagoya,,yes,no,no,no,no,no,no,no,yes,Toyota Tsusho
164,58624,1.9,3530.40,138167.60,34.8,122718,-11,no,yes,no,Telecommunications,Telecommunications,Spain,Madrid,,yes,yes,no,no,no,no,no,no,yes,Telefonica
163,58819,20.7,3984.10,68517.90,48.6,25275,29,no,no,yes,Energy,Petroleum Refining,Thailand,Bangkok,,yes,no,no,yes,no,no,no,no,yes,PTT
162,59255,27.1,21.9,114497.40,-95.1,176518,42,no,no,yes,Materials,Metals,China,Shanghai,,yes,no,no,yes,no,no,no,no,yes,China Baowu Steel Group
161,59263,7.2,363.1,133772.10,-21.8,452178,1,no,no,yes,Aerospace & Defense,Aerospace & Defense,China,Beijing,,yes,no,no,no,no,no,no,no,yes,Aviation Industry Corp. of China
160,59689,1.5,7863.00,831921.00,80,49705,-12,no,yes,no,Financials,"Insurance: Life, Health (stock)",U.S.,Newark,New Jersey,yes,yes,no,no,no,no,yes,no,no,Prudential Financial
159,59837,4.5,4552.00,96920.00,-10,204700,-4,no,yes,no,Aerospace & Defense,Aerospace & Defense,U.S.,Farmington,Connecticut,yes,yes,no,yes,no,no,yes,no,no,United Technologies
158,59838,2.1,2849.40,179059.30,,106135,-9,no,yes,no,Telecommunications,Telecommunications,Britain,Newbury,,yes,yes,no,no,yes,no,no,no,yes,Vodafone Group
157,59925,0.4,46.3,21812.30,,275000,-16,no,yes,no,Food & Drug Stores,Food & Drug Stores,U.S.,Boise,Idaho,yes,no,no,yes,no,no,yes,no,no,Albertsons Cos.
156,60028,2,310,42801.40,-52.5,341349,-10,no,yes,no,Food & Drug Stores,Food & Drug Stores,France,Croix,,yes,no,no,no,no,no,no,no,yes,Auchan Holding
155,60319,19.8,2997.00,48552.00,64.7,404336,25,no,no,yes,Transportation,"Mail, Package, and Freight Delivery",U.S.,Memphis,Tennessee,yes,yes,no,yes,no,no,yes,yes,no,FedEx
154,60535,-4.1,1904.00,55151.00,-16.2,47950,-24,no,yes,no,Health Care,Health Care: Insurance and Managed Care,U.S.,Hartford,Connecticut,yes,yes,no,no,no,no,yes,no,no,Aetna
153,60548,3.9,6823.00,72388.30,19,160566,-3,no,yes,no,Household Products,Household and Personal Products,Britain/Netherlands,London,,yes,yes,no,no,yes,no,no,no,yes,Unilever
152,60828,-2.4,1595.00,39963.00,24.7,31300,-18,no,yes,no,"Food, Beverages & Tobacco",Food Production,U.S.,Chicago,Illinois,yes,yes,no,no,no,no,yes,no,no,Archer Daniels Midland
151,61128,-13.3,3408.70,1512788.20,-22.7,104770,-47,no,yes,no,Financials,Banks: Commercial and Savings,France,Paris,,yes,no,no,yes,no,no,no,no,yes,Groupe BPCE
150,61187,33.4,4590.00,111100.00,,20245,57,no,no,yes,Energy,Petroleum Refining,Norway,Stavanger,,yes,no,no,no,no,no,no,no,yes,Equinor
149,61316,16,3224.70,972752.60,-0.4,258433,23,no,no,yes,Financials,Diversified Financials,China,Beijing,,yes,no,no,yes,no,no,no,no,yes,CITIC Group
148,62304,32.7,5596.30,125176.20,25.5,187729,55,no,no,yes,Energy,Petroleum Refining,India,Mumbai,,yes,no,no,yes,no,no,no,no,yes,Reliance Industries
147,62683,30.2,1460.00,192164.00,-66.2,98000,49,no,no,yes,Chemicals,Chemicals,U.S.,Midland,Delaware,yes,yes,no,yes,no,no,yes,no,no,DowDuPont
146,62761,5.7,9601.00,123249.00,-6.9,102700,-2,no,yes,no,Technology,Semiconductors and Other Electronic Components,U.S.,Santa Clara,California,yes,yes,no,no,no,no,yes,no,no,Intel
145,63522,6.6,3284.70,504119.50,53.9,62943,-3,no,yes,no,Financials,"Insurance: Life, Health (stock)",Japan,Tokyo,,yes,no,no,yes,no,no,no,no,yes,Dai-ichi Life Holdings
144,63525,1.2,4857.00,79804.00,-23.3,263000,-13,no,yes,no,"Food, Beverages & Tobacco",Food Consumer Products,U.S.,Purchase,New York,yes,yes,yes,no,no,no,yes,no,no,PepsiCo
143,63934,-14.3,1927.60,598708.40,103.1,30021,-53,no,yes,no,Financials,"Insurance: Life, Health (stock)",Britain,London,,yes,no,no,yes,no,no,no,no,yes,Aviva
142,63961,-4.9,3004.00,422065.00,-6.4,51633,-30,no,yes,no,Financials,Insurance: Property and Casualty (Stock),Switzerland,Zurich,,yes,no,no,no,no,no,no,no,yes,Zurich Insurance Group
141,63974,2.5,1819.90,126726.50,3.1,412868,-8,no,yes,no,Telecommunications,Telecommunications,China,Beijing,,yes,no,no,no,no,no,no,no,yes,China Telecommunications
140,64646,5.4,857.7,58044.30,0.5,226338,-5,no,yes,no,Aerospace & Defense,Aerospace & Defense,China,Beijing,,yes,no,no,no,no,no,no,no,yes,China North Industries Group
139,65437,11.3,2783.10,475411.90,475.9,28318,8,no,no,yes,Financials,"Insurance: Life, Health (stock)",Netherlands,The Hague,,yes,no,no,no,no,no,no,no,yes,Aegon
138,65872,8.2,4910.00,45403.00,43.1,346415,,no,no,no,Transportation,"Mail, Package, and Freight Delivery",U.S.,Atlanta,Georgia,yes,yes,no,yes,no,no,yes,no,no,UPS
137,65916,23.1,3442.20,45337.50,16.3,35149,31,no,no,yes,Energy,Petroleum Refining,India,New Delhi,,yes,no,no,yes,no,no,no,no,yes,Indian Oil
136,66153,4.2,4010.00,719892.00,401.3,49000,-8,no,yes,no,Financials,"Insurance: Life, Health (stock)",U.S.,New York,New York,yes,yes,no,no,no,no,yes,no,no,MetLife
135,66217,-7.7,15326.00,120406.00,45.9,95000,-37,no,yes,no,Household Products,Household and Personal Products,U.S.,Cincinnati,Ohio,yes,yes,no,no,no,no,yes,no,no,Procter &amp; Gamble
134,66247,16.9,5764.60,132016.10,52.5,181344,23,no,no,yes,Motor Vehicles & Parts,Motor Vehicles & Parts,France,Boulogne-Billancourt,,yes,no,no,yes,no,no,no,no,yes,Renault
133,66287,-0.9,7488.30,432701.80,12.3,99332,-20,no,yes,no,Financials,Banks: Commercial and Savings,Brazil,Sao Paulo,,yes,no,no,yes,no,no,no,no,yes,Itau Unibanco Holding
132,66577,5.1,121.9,38257.00,-14,17105,-3,no,yes,no,Wholesalers,Trading,China,Tianjin,,yes,no,no,no,no,no,no,no,yes,Tewoo Group
131,67610,21,3432.00,49047.00,192.3,43800,29,no,no,yes,Energy,Petroleum Refining,U.S.,Findlay,Ohio,yes,no,no,no,no,no,yes,no,no,Marathon Petroleum
130,68057,3.4,1906.80,64677.10,33,45239,-14,no,yes,no,Wholesalers,Trading,Japan,Tokyo,,yes,no,no,yes,no,no,no,no,yes,Marubeni
129,68301,15.2,5056.00,150822.80,24.4,77476,16,no,no,yes,Wholesalers,Trading,Japan,Tokyo,,yes,no,no,yes,no,no,no,no,yes,Mitsubishi
128,68619,5.5,3447.00,35291.00,11.4,255000,-6,no,yes,no,Retailing,Specialty Retailers,U.S.,Mooresville,North Carolina,yes,yes,no,yes,no,no,yes,no,no,Lowe's
127,68679,20.9,4568.00,85297.00,156.8,197108,29,no,no,yes,Materials,Metals,Luxembourg,Luxembourg,,yes,yes,no,no,no,no,no,no,yes,ArcelorMittal
126,68684,1.9,2201.60,699638.10,-21,86394,-15,no,yes,no,Financials,"Insurance: Life, Health (Mutual)",Japan,Osaka,,yes,no,no,yes,no,no,no,no,yes,Nippon Life Insurance
125,69524,7.3,2855.80,67073.70,18.4,123658,,no,no,no,Motor Vehicles & Parts,Motor Vehicles & Parts,China,Changchun,,yes,no,no,yes,no,no,no,no,yes,China FAW Group
124,69591,13.8,1554.50,67030.50,23.3,128735,13,no,no,yes,Motor Vehicles & Parts,Motor Vehicles & Parts,China,Beijing,,yes,no,no,no,no,no,no,no,yes,Beijing Automotive Group
123,69636,-2.6,-2742.00,27394.00,,573614,-24,no,yes,no,Transportation,"Mail, Package, and Freight Delivery",U.S.,Washington,District Of Columbia,no,no,yes,no,no,no,no,no,no,U.S. Postal Service
122,69669,13.7,393.5,83596.60,92.5,124266,14,no,no,yes,Wholesalers,Trading,China,Beijing,,yes,no,no,yes,no,no,no,no,yes,COFCO
121,69948,0.9,3163.00,1531133.50,-26.2,153168,-13,no,yes,no,Financials,Banks: Commercial and Savings,France,Paris,,yes,no,no,yes,no,no,no,no,yes,Societe Generale
120,70143,2.1,422.7,319070.60,-85.2,42410,-11,no,yes,no,Financials,"Insurance: Life, Health (stock)",Germany,Munich,,yes,yes,no,no,no,no,no,no,yes,Munich Re Group
119,70545,7.2,3058.10,46436.10,4.8,472208,-2,no,yes,no,Transportation,"Mail, Package, and Freight Delivery",Germany,Bonn,,yes,yes,no,yes,no,no,no,no,yes,Deutsche Post DHL Group
118,70891,29,2048.20,40671.20,123.1,224000,47,no,no,yes,Food & Drug Stores,Food & Drug Stores,Netherlands,Zaandam,,yes,no,no,no,no,no,no,no,yes,Royal Ahold Delhaize
117,71579,7.3,2382.00,151705.50,11.1,215362,-3,no,yes,no,Financials,Insurance: Property and Casualty (Stock),China,Beijing,,yes,no,no,yes,no,no,no,no,yes,People's Insurance Co. of China
116,71879,3.4,2934.00,38999.00,7.2,345000,-9,no,yes,no,Retailing,General Merchandisers,U.S.,Minneapolis,Minnesota,yes,yes,no,yes,no,no,yes,no,no,Target
115,72028,27.4,3807.20,212425.50,40.7,318000,43,no,no,yes,Energy,Petroleum Refining,Russia,Moscow,,yes,no,no,yes,no,no,no,no,yes,Rosneft Oil
114,72045,6.3,2130.40,59166.30,54.6,274143,-4,no,yes,no,Technology,"Electronics, Electrical Equip.",Japan,Osaka,,yes,no,no,yes,no,no,no,no,yes,Panasonic
113,72197,10,4960.70,1422554.90,-0.4,948239,6,no,no,yes,Transportation,"Mail, Package, and Freight Delivery",China,Beijing,,yes,no,no,yes,no,no,no,no,yes,China Post Group
112,72677,14.2,6851.20,94582.10,52.7,111112,14,no,no,yes,Chemicals,Chemicals,Germany,Ludwigshafen,,yes,yes,no,yes,no,no,no,no,yes,BASF
111,72766,46.5,1545.80,22046.60,28.8,17886,72,no,no,yes,Materials,Metals,China,Shenzhen,,yes,no,no,yes,no,no,no,no,yes,Amer International Group
110,72787,2.2,1937.90,113886.20,-16.8,299842,-10,no,yes,no,Energy,Utilities,China,Guangzhou,,yes,no,no,no,no,no,no,no,yes,China Southern Power Grid
109,72997,11.4,-210.7,131337.80,,203786,11,no,no,yes,Materials,Metals,China,Beijing,,no,no,no,no,no,no,no,no,yes,China Minmetals
108,73506,23,2174.40,69050.20,13.7,177757,32,no,no,yes,Motor Vehicles & Parts,Motor Vehicles & Parts,France,Rueil-Malmaison,,yes,no,no,yes,no,no,no,no,yes,Peugeot
107,73850,27.8,-14846.10,108978.60,,131590,45,no,no,yes,Energy,"Mining, Crude-Oil Production",Mexico,Mexico City,,no,no,no,no,no,no,no,no,yes,Pemex
106,74676,13.7,5625.00,2049776.00,-28,6165,12,no,no,yes,Financials,Diversified Financials,U.S.,McLean,Virginia,yes,no,no,yes,no,no,yes,no,no,Freddie Mac
105,75261,2.2,3238.50,136812.00,194.3,129442,-11,no,yes,no,Aerospace & Defense,Aerospace & Defense,Netherlands,Leiden,,yes,yes,no,no,no,no,no,no,yes,Airbus Group
104,75279,2.2,1604.00,180513.90,,155128,-11,no,yes,no,Energy,Energy,France,Courbevoie,,yes,no,yes,yes,no,no,no,no,yes,Engie
103,75339,-0.6,220.2,88600.20,112,279625,-16,no,yes,no,Food & Drug Stores,Food & Drug Stores,Japan,Chiba,,yes,no,no,yes,no,no,no,no,yes,AEON
102,75405,1.4,1581.80,61801.90,,327916,-10,no,yes,no,Food & Drug Stores,Food & Drug Stores,Britain,Welwyn Garden City,,yes,no,no,no,no,no,no,no,yes,Tesco
101,75522,102.4,2494.90,274440.50,30.2,313264,175,no,no,yes,Energy,"Mining, Crude-Oil Production",China,Beijing,,yes,no,no,yes,no,no,no,no,yes,China Energy Investment
100,76450,6.3,1300.00,157303.00,-92.1,134000,-3,no,yes,no,Health Care,Pharmaceuticals,U.S.,New Brunswick,New Jersey,yes,yes,no,yes,yes,no,yes,no,no,Johnson &amp; Johnson
99,76629,20.4,3266.60,79540.60,121.1,39784,28,no,no,yes,Energy,Petroleum Refining,Japan,Tokyo,,yes,no,no,yes,no,no,no,no,yes,JXTG Holdings
98,76765,28.9,753.3,64065.60,60.9,63799,45,no,no,yes,Wholesalers,Trading,China,Beijing,,yes,no,no,yes,no,no,no,no,yes,Sinochem Group
97,77116,9.9,4429.80,179305.40,554.9,117300,8,no,no,yes,Technology,"Electronics, Electrical Equip.",Japan,Tokyo,,yes,yes,no,no,no,no,no,no,yes,Sony
96,77205,3.5,3143.90,56577.20,-0.8,365425,-7,no,yes,no,Engineering & Construction,Engineering & Construction,China,Urumqi,,yes,no,no,yes,no,no,no,no,yes,Pacific Construction Group
95,78331,2.9,2206.50,272345.20,529.9,65664,-10,no,yes,no,Financials,Insurance: Property and Casualty (Mutual),U.S.,Bloomington,Illinois,yes,yes,no,no,no,no,yes,no,no,State Farm Insurance Cos.
94,78490,-0.3,3576.70,337118.20,13.4,151073,-12,no,yes,no,Energy,Utilities,France,Paris,,yes,no,no,no,no,no,no,no,yes,Electricite de France
93,78660,21.4,-3728.00,122281.00,,145000,31,no,no,yes,Technology,"Computers, Office Equipment",U.S.,Round Rock,Texas,no,yes,no,yes,yes,no,yes,no,no,Dell Technologies
92,79139,-1,5753.00,125356.00,-51.5,397800,-11,no,yes,no,Technology,Information Technology Services,U.S.,Armonk,New York,yes,yes,yes,no,yes,no,yes,no,no,IBM
91,79417,12.2,1544.70,183197.50,7.9,161434,12,no,no,yes,Engineering & Construction,Engineering & Construction,China,Beijing,,yes,no,no,yes,no,no,no,no,yes,China Communications Construction
90,79637,5.7,10798.00,2521771.00,335.6,228687,-2,no,yes,no,Financials,Banks: Commercial and Savings,Britain,London,,yes,yes,no,no,no,no,no,no,yes,HSBC Holdings
89,80006,27.6,3803.20,138001.90,,32934,43,no,no,yes,Energy,Petroleum Refining,Italy,Rome,,yes,no,no,no,no,no,no,no,yes,ENI
88,81428,9.4,-739.5,51826.40,,12575,3,no,no,yes,Energy,Energy,Germany,,,no,no,no,no,no,no,no,no,yes,Uniper
87,81482,23.7,3018.50,173408.30,72.2,97986,28,no,no,yes,Energy,"Mining, Crude-Oil Production",China,Beijing,,yes,no,no,no,no,no,no,no,yes,China National Offshore Oil
86,82184,8.5,3151.90,186720.40,22.2,423169,,no,no,no,Health Care,Pharmaceuticals,China,Hong Kong,,yes,no,no,yes,no,no,no,no,yes,China Resources
85,82665,-0.3,9377.50,293242.40,-28.8,74952,-13,no,yes,no,Telecommunications,Telecommunications,Japan,Tokyo,,yes,no,no,yes,no,no,no,no,yes,SoftBank Group
84,83544,15.1,1483.90,102556.90,124.9,93000,11,no,no,yes,Energy,Petroleum Refining,South Korea,Seoul,,yes,no,no,yes,no,no,no,no,yes,SK Holdings
83,84134,7.8,4259.70,186888.80,49.9,62900,1,no,no,yes,Energy,Utilities,Italy,Rome,,yes,no,no,yes,yes,no,no,no,yes,Enel
82,84222,4.9,4113.20,1861531.00,5.1,73707,-2,no,yes,no,Financials,Banks: Commercial and Savings,France,Paris,,yes,no,no,yes,no,no,no,no,yes,Credit Agricole
81,84481,4.5,3901.30,169709.40,31.9,216000,-4,no,yes,no,Telecommunications,Telecommunications,Germany,Bonn,,yes,yes,no,no,no,no,no,no,yes,Deutsche Telekom
80,84526,5.1,22714.00,186949.00,161.2,164000,-1,no,yes,no,Telecommunications,Telecommunications,U.S.,Philadelphia,Pennsylvania,yes,no,no,yes,no,no,yes,yes,no,Comcast
79,84559,,3276.20,95049.40,53.5,307275,-8,no,yes,no,Technology,"Electronics, Electrical Equip.",Japan,Tokyo,,yes,no,no,yes,no,no,no,no,yes,Hitachi
78,85259,5.6,3567.60,166479.30,-23.4,122217,,no,no,no,Motor Vehicles & Parts,Motor Vehicles & Parts,South Korea,Seoul,,yes,no,no,yes,no,no,no,no,yes,Hyundai Motor
77,87401,5.6,7461.00,1734275.90,8.8,198960,-4,no,yes,no,Financials,Banks: Commercial and Savings,Spain,Madrid,,yes,no,no,yes,no,no,no,no,yes,Banco Santander
76,87966,6.8,-6798.00,1842465.00,-145.6,209000,-2,no,yes,no,Financials,Banks: Commercial and Savings,U.S.,New York,New York,no,yes,no,no,no,no,yes,no,no,Citigroup
75,87997,8.8,3103.20,98306.90,44,402166,1,no,no,yes,Motor Vehicles & Parts,Motor Vehicles & Parts,Germany,Stuttgart,,yes,yes,no,yes,no,no,no,no,yes,Bosch Group
74,88407,26,4065.00,50158.00,77.6,10015,32,no,no,yes,Energy,Petroleum Refining,U.S.,San Antonio,Texas,yes,no,no,yes,no,no,yes,no,no,Valero Energy
