rank,revenues,revchange,profits,assets,prftchange,employees,rankchange,newcomer,rankdrop,rankgain,sector,industry,hqcountry,hqcity,hqstate,profitable,worlds-most-admired-companies-y-n,ceowoman,jobgrowth,change-the-world-y-n,100-fastest-growing-companies-y-n,fortune500-y-n,best-companies-y-n,non-us-cos-y-n,title
484,25781.90,8.8,-133.3,39328.40,,171334,12,no,no,yes,Energy,"Mining, Crude-Oil Production",China,Zhengzhou,,no,no,no,no,no,no,no,no,yes,Henan Energy & Chemical
485,25779.10,11,442.7,25230.80,7.8,34752,,yes,no,no,Engineering & Construction,"Engineering, Construction",China,Beijing,,yes,no,no,no,no,no,no,no,yes,China General Technology
486,25775.00,7.4,7096.00,467374.00,14.1,75772,4,no,no,yes,Financials,Banks: Commercial and Savings,U.S.,Minneapolis,Minnesota,yes,yes,no,yes,no,no,yes,no,no,U.S. Bancorp
487,25739.00,3.6,1108.00,19194.00,-28.4,130000,-14,no,yes,no,Retailing,General Merchandisers,U.S.,Cincinnati,Ohio,yes,no,no,no,no,no,yes,no,no,Macy's
488,25679.00,5.5,1247.30,29270.30,-44.4,297073,-1,no,yes,no,"Food, Beverages & Tobacco",Beverages,Mexico,Monterrey,,yes,no,no,yes,no,no,no,no,yes,Fomento Económico Mexicano
489,25625.00,9.2,1589.50,13204.00,3.3,135000,,yes,no,no,Retailing,Specialty Retailers,U.S.,Goodlettsville,Tennessee,yes,no,no,yes,no,no,yes,no,no,Dollar General
490,25617.30,12.7,1338.50,25942.60,-22.2,33694,,yes,no,no,Chemicals,Chemicals,South Korea,Seoul,,yes,no,no,yes,no,no,no,no,yes,LG Chem
491,25606.00,-2.6,-663,45417.00,-127.7,217000,-44,no,yes,no,Financials,Diversified Financials,Canada,"Toronto, Ontario",,no,no,no,yes,no,no,no,no,yes,Onex
492,25462.80,24.1,1993.40,13201.80,-24.3,5285,,yes,no,no,Energy,Petroleum Refining,Taiwan,Mailiao,,yes,no,no,yes,no,no,no,no,yes,Formosa Petrochemical
493,25191.90,24.4,1514.20,46428.70,-72,92639,,yes,no,no,Aerospace & Defense,Aerospace and Defense,France,Paris,,yes,no,no,yes,no,no,no,no,yes,Safran
494,25180.10,1.2,370.6,93515.70,52.9,13714,-22,no,yes,no,Financials,"Insurance: Life, Health (Mutual)",Netherlands,Zeist,,yes,no,no,no,no,no,no,no,yes,Achmea
495,25142.60,-13.7,184.8,4163.80,-5.9,383,-90,no,yes,no,Wholesalers,Trading,India,Bengaluru,,yes,no,no,yes,no,no,no,no,yes,Rajesh Exports
496,25067.30,23.8,2360.80,17920.60,79,26300,,yes,no,no,Materials,Metals,U.S.,Charlotte,North Carolina,yes,yes,no,yes,no,no,yes,no,no,Nucor
497,25002.70,16.5,4235.10,589481.40,3.6,45454,,yes,no,no,Financials,Banks: Commercial and Savings,Canada,"Toronto, Ontario",,yes,no,no,yes,no,no,no,no,yes,Bank of Montreal
498,24931.70,3.6,1794.60,117398.30,6.6,57406,-9,no,yes,no,Financials,"Insurance: Life, Health (Mutual)",China,Beijing,,yes,no,no,yes,no,no,no,no,yes,Taikang Insurance Group
499,24816.00,-1,314.8,7870.20,-36.2,17034,-29,no,yes,no,Energy,Pipelines,Brazil,São Paulo,,yes,no,no,yes,no,no,no,no,yes,Ultrapar Holdings
500,24796.60,7.1,2494.20,47983.80,0.6,66000,,yes,no,no,Chemicals,Chemicals,France,Paris,,yes,no,no,yes,no,no,no,no,yes,Air Liquide
476,26147.70,5.3,237.1,34687.80,-68.8,60282,-2,no,yes,no,Transportation,Airlines,United Arab Emirates,Dubai,,yes,no,no,no,no,no,no,no,yes,Emirates Group
477,26129.40,6.9,-252.2,9842.90,-120.8,53954,9,no,no,yes,Retailing,Specialty Retailers,Germany,Düsseldorf,,no,no,no,no,no,no,no,no,yes,Ceconomy
478,25996.70,5,1979.10,33659.10,3.3,111117,,no,no,no,Motor Vehicles & Parts,Motor Vehicles and Parts,France,Clermont-Ferrand,,yes,yes,no,yes,no,no,no,no,yes,Michelin
479,25942.70,5.7,4220.60,583429.30,4.9,33283,6,no,no,yes,Financials,Banks: Commercial and Savings,Australia,Docklands,,yes,no,no,no,no,no,no,no,yes,National Australia Bank
480,25938.00,0.2,3381.00,62729.00,15.7,80000,-21,no,yes,no,"Food, Beverages & Tobacco",Food Consumer Products,U.S.,Deerfield,Illinois,yes,yes,no,no,no,no,yes,no,no,Mondelez International
481,25920.00,5.1,2008.60,17844.50,62.4,57016,-1,no,yes,no,Apparel,Apparel,Germany,Herzogenaurach,,yes,yes,no,yes,yes,no,no,no,yes,Adidas
482,25844.70,4.8,52.6,40137.80,-8.2,128795,-1,no,yes,no,Energy,"Mining, Crude-Oil Production",China,Jincheng,,yes,no,no,no,no,no,no,no,yes,Shanxi Jincheng Anthracite Coal Mining Group
483,25823.30,8.4,2235.20,674869.50,31.4,41861,9,no,no,yes,Financials,Banks: Commercial and Savings,Netherlands,Utrecht,,yes,no,no,no,no,no,no,no,yes,Rabobank Group
464,26697.60,12.7,-181.8,49898.20,-372,156268,33,no,no,yes,Energy,"Mining, Crude-Oil Production",China,Datong,,no,no,no,no,no,no,no,no,yes,Datong Coal Mine Group
465,26692.80,18.2,141.6,49288.00,19.3,199872,,yes,no,no,Energy,"Mining, Crude-Oil Production",China,Taiyuan,,yes,no,no,no,no,no,no,no,yes,Shanxi Coking Coal Group
466,26628.10,2.1,-401.3,45167.90,,103083,-9,no,yes,no,Technology,Network and Other Communications Equipment,Finland,Espoo,,no,no,no,yes,no,no,no,no,yes,Nokia
467,26608.10,7.2,1134.10,47955.70,3,85610,8,no,no,yes,"Food, Beverages & Tobacco",Beverages,Netherlands,Amsterdam,,yes,yes,no,yes,no,no,no,no,yes,Heineken Holding
468,26443.50,55.9,2049.10,21152.70,,16683,,yes,no,no,Technology,Internet Services and Retailing,China,Beijing,,yes,no,no,yes,no,no,no,no,yes,Xiaomi
469,26290.10,10.5,-131.1,34909.50,,129150,25,no,no,yes,Energy,"Mining, Crude-Oil Production",China,Yangquan,,no,no,no,no,no,no,no,no,yes,Yangquan Coal Industry Group
470,26277.00,2.4,362.5,26661.60,-12.4,110595,-7,no,yes,no,Technology,Information Technology Services,Japan,Tokyo,,yes,no,no,no,no,no,no,no,yes,NEC
471,26276.50,6.4,1583.40,251010.50,-11,45174,8,no,no,yes,Financials,"Insurance: Life, Health (stock)",Taiwan,Taipei,,yes,no,no,yes,no,no,no,no,yes,Fubon Financial Holding
472,26268.00,0.7,-10192.00,103461.00,-193.2,38000,-21,no,yes,no,"Food, Beverages & Tobacco",Food Consumer Products,U.S.,Pittsburgh,Pennsylvania,no,no,no,no,no,no,yes,no,no,Kraft Heinz
473,26251.00,9.1,237.6,8036.40,-11.5,19510,,yes,no,no,Wholesalers,Trading,China,Hangzhou,,yes,no,no,yes,no,no,no,no,yes,Hailiang Group
474,26210.50,3,93.4,13499.40,-78.2,200000,-8,no,yes,no,Technology,Semiconductors and Other Electronic Components,Singapore,Singapore,,yes,no,yes,no,no,no,no,no,yes,Flex
475,26207.90,-15.7,103.6,20671.30,-76.4,52024,-94,no,yes,no,Materials,Metals,China,Beijing,,yes,no,no,no,no,no,no,no,yes,Xinxing Cathay International Group
445,28167.10,5.6,540.5,11107.70,-39.1,34000,-4,no,yes,no,Business Services,Diversified Outsourcing Services,Switzerland,Zurich,,yes,yes,no,no,no,no,no,no,yes,Adecco Group
446,28102.20,7.1,830.8,11359.10,16.7,38820,4,no,no,yes,Business Services,Diversified Outsourcing Services,Netherlands,Diemen,,yes,no,no,yes,no,no,no,no,yes,Randstad
447,28088.80,5.8,1536.10,60579.50,,77055,-3,no,yes,no,Materials,"Building Materials, Glass",Switzerland,Jona,,yes,no,no,no,no,no,no,no,yes,LafargeHolcim
448,27713.60,17.6,1124.80,24280.10,9.8,87447,51,no,no,yes,Industrials,"Electronics, Electrical Equip.",China,Qingdao,,yes,yes,no,yes,no,no,no,no,yes,Haier Smart Home
449,27622.70,-6.1,55.5,7824.70,767.2,1701,-49,no,yes,no,Financials,Diversified Financials,U.S.,New York,New York,yes,no,no,yes,no,no,yes,no,no,INTL FCStone
450,27610.00,5.2,3549.00,52196.00,12.1,64000,-1,no,yes,no,Energy,"Mining, Crude-Oil Production",Britain,London,,yes,no,no,no,no,no,no,no,yes,Anglo American
451,27485.80,7.4,434,96189.10,-3.4,75341,14,no,no,yes,Financials,"Insurance: Life, Health (Mutual)",China,Hong Kong,,yes,no,no,no,no,no,no,no,yes,China Taiping Insurance Group
452,27423.50,2.3,624.1,76913.40,-21,35390,-13,no,yes,no,Financials,Insurance: Property and Casualty (Stock),Spain,Madrid,,yes,no,no,no,no,no,no,no,yes,Mapfre Group
453,27374.10,6.3,716.3,54102.50,6.7,30321,9,no,no,yes,Energy,Utilities,Japan,Nagoya,,yes,no,no,no,no,no,no,no,yes,Chubu Electric Power
454,27186.10,24.8,128.3,8005.40,-69.1,3266,,yes,no,no,Energy,Petroleum Refining,U.S.,Parsippany,New Jersey,yes,no,no,yes,no,no,yes,no,no,PBF Energy
455,27183.40,-5.6,1001.50,207944.90,-16,38694,-45,no,yes,no,Financials,"Insurance: Life, Health (stock)",Taiwan,Taipei,,yes,no,no,no,no,no,no,no,yes,Cathay Life Insurance
456,27172.70,31.5,144.1,61194.70,-65.4,81003,,yes,no,no,Media,Entertainment,France,Paris,,yes,no,no,no,no,no,no,no,yes,Financière de l'Odet
457,27147.90,3.3,4863.40,681894.20,-0.3,39924,-9,no,yes,no,Financials,Banks: Commercial and Savings,Australia,Docklands,,yes,no,no,no,no,no,no,no,yes,Australia & New Zealand Banking Group
458,27076.10,1.7,2662.60,75537.00,2.1,85718,-15,no,yes,no,Transportation,Railroads,Japan,Tokyo,,yes,no,no,no,no,no,no,no,yes,East Japan Railway
459,27061.30,18.7,1789.10,42246.40,195,20231,,yes,no,no,Energy,Petroleum Refining,Austria,Vienna,,yes,no,no,no,no,no,no,no,yes,OMV Group
460,27058.00,6.7,2909.00,31864.00,43.7,67000,7,no,no,yes,Aerospace & Defense,Aerospace and Defense,U.S.,Waltham,Massachusetts,yes,yes,no,yes,no,no,yes,no,no,Raytheon
461,26846.70,15.3,-70.2,12668.50,,24848,,yes,no,no,Materials,Metals,China,Tongling,,no,no,no,no,no,no,no,no,yes,TongLing Nonferrous Metals Group
462,26840.50,12.8,1.2,35084.40,139,100637,33,no,no,yes,Energy,"Mining, Crude-Oil Production",China,Changzhi,,yes,no,no,yes,no,no,no,no,yes,Shanxi LuAn Mining Group
463,26835.70,12.8,250.9,28439.10,-38.8,64832,30,no,no,yes,Retailing,Specialty Retailers,South Korea,Seoul,,yes,no,no,yes,no,no,no,no,yes,CJ Corp.
425,29332.30,0.3,4593.70,950368.80,-25.5,86786,-23,no,yes,no,Financials,Banks: Commercial and Savings,Italy,Milan,,yes,no,no,no,no,no,no,no,yes,UniCredit Group
426,29305.80,3.7,1512.90,259413.50,46.7,5420,-5,no,yes,no,Financials,"Insurance: Life, Health (stock)",South Korea,Seoul,,yes,no,no,yes,no,no,no,no,yes,Samsung Life Insurance
427,29159.60,10.3,4818.60,58854.20,6.4,96498,19,no,no,yes,Technology,Computer Software,Germany,Walldorf,,yes,yes,no,yes,no,no,no,no,yes,SAP
428,29149.00,7.3,941.8,298904.80,-1.8,233076,6,no,no,yes,Transportation,"Mail, Package, and Freight Delivery",France,Paris,,yes,yes,no,no,no,no,no,no,yes,La Poste
429,29124.00,-0.7,783,272167.00,-23,5870,-28,no,yes,no,Financials,"Insurance: Life, Health (Mutual)",U.S.,Milwaukee,Wisconsin,yes,yes,no,yes,no,no,yes,no,no,Northwestern Mutual
430,29123.00,5.3,-3330.40,46441.20,-317.2,13945,-1,no,yes,no,Energy,Utilities,Spain,Madrid,,no,no,no,no,no,no,no,no,yes,Naturgy Energy Group
431,29098.20,2,511.3,67587.80,-2.5,79913,-16,no,yes,no,Food & Drug Stores,Food and Drug Stores,Switzerland,Zurich,,yes,no,no,yes,no,no,no,no,yes,Migros Group
432,29092.30,4.6,2772.20,50494.30,0.3,105783,-6,no,yes,no,"Food, Beverages & Tobacco",Food Consumer Products,France,Paris,,yes,yes,no,yes,yes,no,no,no,yes,Danone
433,29027.90,1.6,6151.50,636296.90,1.1,35029,-19,no,yes,no,Financials,Banks: Commercial and Savings,Australia,Sydney,,yes,no,no,no,no,no,no,no,yes,Westpac Banking
434,29000.90,15.8,2782.50,429854.20,-5,27040,37,no,no,yes,Financials,Banks: Commercial and Savings,South Korea,Seoul,,yes,no,no,yes,no,no,no,no,yes,KB Financial Group
435,28803.20,11.2,3404.80,32042.90,51,64734,25,no,no,yes,Transportation,Airlines,Britain,Harmondsworth,,yes,no,no,yes,no,no,no,no,yes,International Airlines Group
436,28698.50,1.1,309.9,14619.20,-1.3,15623,-18,no,yes,no,Health Care,Wholesalers: Health Care,Japan,Tokyo,,yes,no,no,no,no,no,no,no,yes,Medipal Holdings
437,28662.90,3,1064.80,27588.90,-2,272796,-12,no,yes,no,Motor Vehicles & Parts,Motor Vehicles and Parts,Japan,Osaka,,yes,no,no,yes,no,no,no,no,yes,Sumitomo Electric Industries
438,28654.90,13.3,323.4,108633.20,-5.4,93800,30,no,no,yes,Energy,Energy,China,Beijing,,yes,no,no,no,no,no,no,no,yes,China Datang
439,28564.00,9.4,137,38415.20,321.8,82175,17,no,no,yes,Wholesalers,Trading,China,Urumqi,,yes,no,no,yes,no,no,no,no,yes,Xinjiang Guanghui Industry Investment
440,28505.40,-7.3,1333.10,26951.50,-33,34200,-56,no,yes,no,Motor Vehicles & Parts,Motor Vehicles and Parts,Japan,Tokyo,,yes,no,no,yes,no,no,no,no,yes,Subaru
441,28499.00,144.1,1628.90,27967.90,92.1,55380,,yes,no,no,Materials,"Building Materials, Glass",China,Wuhu,,yes,no,no,yes,no,no,no,no,yes,Anhui Conch Group
442,28492.80,87.4,398.8,74401.50,-33.9,500000,,yes,no,no,Financials,"Insurance: Life, Health (Mutual)",China,Beijing,,yes,no,no,yes,no,no,no,no,yes,Huaxia Life Insurance
443,28457.10,9,2322.30,84234.70,-59.3,91369,11,no,no,yes,Energy,Utilities,Mexico,Mexico City,,yes,no,no,yes,no,no,no,no,yes,CFE
444,28319.40,9.3,1556.90,38009.00,175.1,17274,14,no,no,yes,Wholesalers,Trading,South Korea,Seoul,,yes,no,no,no,no,no,no,no,yes,Samsung C&T
405,30743.00,-2.2,2833.10,60302.70,5.2,106700,-28,no,yes,no,Telecommunications,Telecommunications,Britain,London,,yes,no,no,yes,no,no,no,no,yes,BT Group
406,30686.70,6.2,4042.30,24878.10,5.3,174386,2,no,no,yes,Retailing,Specialty Retailers,Spain,Arteixo,,yes,no,no,yes,yes,no,no,no,yes,Inditex
407,30579.50,8,518.4,42968.60,14.5,170819,12,no,no,yes,Energy,Utilities,France,Aubervilliers,,yes,no,no,yes,no,no,no,no,yes,Veolia Environnement
408,30578.00,11.6,2368.00,67173.00,396.4,103000,25,no,no,yes,Health Care,Medical Products and Equipment,U.S.,Abbott Park,Illinois,yes,yes,no,yes,yes,no,yes,no,no,Abbott Laboratories
409,30391.00,49.5,14135.00,43376.00,177.8,36000,,yes,no,no,Technology,Semiconductors and Other Electronic Components,U.S.,Boise,Idaho,yes,yes,no,yes,no,no,yes,no,no,Micron Technology
410,30389.90,20.3,1539.10,17079.20,-12.7,21282,59,no,no,yes,Energy,Petroleum Refining,Poland,Plock,,yes,no,no,yes,no,no,no,no,yes,PKN ORLEN Group
411,30353.90,8.8,2754.50,48302.00,13.7,137534,13,no,no,yes,Industrials,"Electronics, Electrical Equip.",France,Rueil-Malmaison,,yes,yes,no,no,no,no,no,no,yes,Schneider Electric
412,30296.00,6.7,-174.5,9599.50,-194.7,29631,5,no,no,yes,Health Care,Wholesalers: Health Care,Germany,Mannheim,,no,no,no,yes,no,no,no,no,yes,Phoenix Pharma
413,30282.00,4.8,2523.00,104233.00,22.7,30400,-6,no,yes,no,Financials,Insurance: Property and Casualty (Stock),U.S.,New York,New York,yes,yes,no,no,no,no,yes,no,no,Travelers Cos.
414,30239.40,36.2,3961.30,36592.70,19.5,88800,,yes,no,no,Industrials,"Electronics, Electrical Equip.",China,Zhuhai,,yes,no,no,yes,no,no,no,no,yes,Gree Electrical Appliances
415,30235.40,5.7,483.7,20665.70,-1.8,77448,-3,no,yes,no,Food & Drug Stores,Food and Drug Stores,Switzerland,Basel,,yes,no,no,yes,no,no,no,no,yes,Coop Group
416,30095.00,16.6,3229.00,37653.00,60.2,85000,45,no,no,yes,Aerospace & Defense,Aerospace and Defense,U.S.,Falls Church,Virginia,yes,yes,yes,yes,no,no,yes,no,no,Northrop Grumman
417,30081.40,21.3,2540.90,65596.80,-26,12480,59,no,no,yes,Energy,Petroleum Refining,Canada,"Calgary, Alberta",,yes,no,no,yes,no,no,no,no,yes,Suncor Energy
418,30070.60,-33.1,3703.70,549407.60,128.4,34000,-177,no,yes,no,Financials,"Insurance: Life, Health (stock)",Canada,"Toronto, Ontario",,yes,no,no,no,no,no,no,no,yes,Manulife Financial
419,29953.00,0.8,3104.00,91393.00,-22.9,98003,-23,no,yes,no,Health Care,Medical Products and Equipment,Ireland,Dublin,,yes,no,no,no,no,no,no,no,yes,Medtronic
420,29832.50,5.5,1037.90,65576.60,-24.3,32597,,no,no,no,Energy,Utilities,Japan,Osaka,,yes,no,no,yes,no,no,no,no,yes,Kansai Electric Power
421,29676.80,10.7,716.2,17784.40,78.2,20100,19,no,no,yes,Wholesalers,Wholesalers: Electronics and Office Equipment,U.S.,Centennial,Colorado,yes,yes,no,yes,no,no,yes,no,no,Arrow Electronics
422,29625.00,3.1,7911.00,39801.00,31.1,77400,-11,no,yes,no,"Food, Beverages & Tobacco",Tobacco,U.S.,New York,New York,yes,no,no,no,no,no,yes,no,no,Philip Morris International
423,29592.30,9.2,1143.80,23570.70,-15,92631,12,no,no,yes,Energy,Energy,Turkey,Istanbul,,yes,no,no,no,no,no,no,no,yes,Koç Holding
424,29509.50,7.4,162.8,11032.70,27.5,82955,8,no,no,yes,Technology,"Computers, Office Equipment",Taiwan,Taipei,,yes,no,no,no,no,no,no,no,yes,Wistron
386,32421.40,9.5,464.4,118796.50,39.3,97629,11,no,no,yes,Energy,Utilities,China,Beijing,,yes,no,no,no,no,no,no,no,yes,China Huadian
387,32377.00,7.9,6015.00,372538.00,203.5,47600,4,no,no,yes,Financials,Banks: Commercial and Savings,U.S.,McLean,Virginia,yes,yes,no,no,no,no,yes,yes,no,Capital One Financial
388,32369.00,-18.8,2597.00,229806.00,-60,22000,-93,no,yes,no,Financials,"Insurance: Life, Health (stock)",China,Hong Kong,,yes,no,no,yes,no,no,no,no,yes,AIA Group
389,32150.80,2.5,572.5,25942.20,-43.4,49998,-11,no,yes,no,Motor Vehicles & Parts,Motor Vehicles and Parts,Japan,Hiroshima,,yes,no,no,yes,no,no,no,no,yes,Mazda Motor
390,32102.80,10,295.7,13007.40,56.5,82374,14,no,no,yes,Technology,"Computers, Office Equipment",Taiwan,Taipei,,yes,no,no,yes,no,no,no,no,yes,Compal Electronics
391,31979.00,19.2,2615.30,46575.00,64.3,37346,46,no,no,yes,Financials,Insurance: Property and Casualty (Stock),U.S.,Mayfield Village,Ohio,yes,yes,yes,yes,no,no,yes,yes,no,Progressive
392,31975.50,-4.7,972.5,592911.80,-9.9,28682,-37,no,yes,no,Financials,Banks: Commercial and Savings,Germany,Frankfurt,,yes,no,no,yes,no,no,no,no,yes,DZ Bank
393,31949.40,2.8,1716.90,38604.60,23.8,34782,-13,no,yes,no,Motor Vehicles & Parts,Motor Vehicles and Parts,South Korea,Seoul,,yes,no,no,yes,no,no,no,no,yes,Hyundai Mobis
394,31928.90,17.8,1137.60,25035.70,-14.1,15712,42,no,no,yes,Energy,Petroleum Refining,Taiwan,Kaohsiung,,yes,no,no,yes,no,no,no,no,yes,CPC
395,31856.00,-10,6434.00,83216.00,415.5,62600,-67,no,yes,no,"Food, Beverages & Tobacco",Beverages,U.S.,Atlanta,Georgia,yes,yes,no,yes,no,no,yes,no,no,Coca-Cola
396,31790.70,6.2,4597.20,43956.90,13.9,86030,-4,no,yes,no,Household Products,Household and Personal Products,France,Clichy,,yes,yes,no,yes,no,no,no,no,yes,L'Oréal
397,31625.00,1.8,2970.50,40202.70,39.1,89831,-15,no,yes,no,Materials,"Building Materials, Glass",Ireland,Dublin,,yes,no,no,yes,no,no,no,no,yes,CRH
398,31589.30,14.6,6642.50,760409.00,8.6,97629,32,no,no,yes,Financials,Banks: Commercial and Savings,Canada,"Toronto, Ontario",,yes,no,no,yes,no,no,no,no,yes,Bank of Nova Scotia
399,31400.00,4.1,2162.00,48797.00,34.2,122000,-10,no,yes,no,Industrials,Industrial Machinery,Ireland,Cork,,yes,no,no,yes,no,no,no,no,yes,Johnson Controls International
400,31367.80,4.5,2291.90,158506.80,-5.4,33689,-10,no,yes,no,Financials,Insurance: Property and Casualty (Stock),U.S.,San Antonio,Texas,yes,yes,no,yes,no,no,yes,yes,no,USAA
401,31292.20,7.7,482.7,33212.20,,81527,5,no,no,yes,Transportation,Airlines,France,Paris,,yes,yes,no,yes,no,no,no,no,yes,Air France-KLM Group
402,31103.80,13.2,84.2,73067.10,9568.30,108086,29,no,no,yes,Materials,Metals,China,Beijing,,yes,no,no,no,no,no,no,no,yes,Shougang Group
403,30878.80,8.1,1512.70,16443.50,2.9,595841,10,no,no,yes,Business Services,Food Services,Britain,Chertsey,,yes,yes,no,yes,no,no,no,no,yes,Compass Group
404,30852.00,6.9,1908.00,55493.00,454.7,60000,5,no,no,yes,Technology,"Computers, Office Equipment",U.S.,Palo Alto,California,yes,yes,no,no,no,no,yes,no,no,Hewlett Packard Enterprise
368,33394.80,30.4,613.6,51585.30,35.6,21849,96,no,no,yes,Financials,Diversified Financials,China,Fuzhou,,yes,no,no,yes,no,no,no,no,yes,Yango Longking Group
369,33391.60,4,234,16925.30,90,27594,,yes,no,no,Materials,Metals,China,Jinchang City,,yes,no,no,no,no,no,no,no,yes,Jinchuan Group
370,33323.80,10.4,1755.20,51672.90,-1.1,179636,18,no,no,yes,Aerospace & Defense,Aerospace and Defense,China,Beijing,,yes,no,no,yes,no,no,no,no,yes,China Electronics Technology Group
371,33312.80,-6.5,9138.80,38830.30,25.9,128697,-45,no,yes,no,Technology,"Electronics, Electrical Equip.",Japan,Tokyo,,yes,no,no,no,no,no,no,no,yes,Toshiba
372,33252.60,-70.2,4014.70,647708.50,30.5,23792,-322,no,yes,no,Financials,"Insurance: Life, Health (stock)",Britain,London,,yes,yes,no,no,no,no,no,no,yes,Prudential
373,33186.30,-2.1,7228.00,720354.40,-3.4,45753,-24,no,yes,no,Financials,Banks: Commercial and Savings,Australia,Sydney,,yes,no,no,yes,no,no,no,no,yes,Commonwealth Bank of Australia
374,33062.90,1.7,2641.70,35220.60,2.7,143509,-9,no,yes,no,Motor Vehicles & Parts,Motor Vehicles and Parts,Japan,Tokyo,,yes,no,no,yes,no,no,no,no,yes,Bridgestone
375,33055.70,3.3,350.3,40323.20,110,135297,-6,no,yes,no,Technology,"Electronics, Electrical Equip.",China,Beijing,,yes,no,no,no,no,no,no,no,yes,China Electronics
376,33052.70,23.2,639.5,17531.20,-49.7,3212,62,no,no,yes,Energy,Petroleum Refining,South Korea,Seoul,,yes,no,no,yes,no,no,no,no,yes,GS Caltex
377,32857.40,-3.4,1322.50,108595.40,4.8,49837,-30,no,yes,no,Financials,Insurance: Property and Casualty (Stock),Japan,Tokyo,,yes,no,no,yes,no,no,no,no,yes,Sompo Holdings
378,32825.00,-2.9,435.3,341659.60,-30.9,42848,-28,no,yes,no,Financials,"Insurance: Life, Health (Mutual)",Japan,Osaka,,yes,no,no,no,no,no,no,no,yes,Sumitomo Life Insurance
379,32815.00,7.8,2138.00,70507.00,,100000,7,no,no,yes,Energy,"Oil and Gas Equipment, Services",U.S.,Houston,Texas,yes,no,no,no,no,no,no,no,no,Schlumberger
380,32765.00,3.5,5349.00,36500.00,10.1,93516,-4,no,yes,no,Industrials,Miscellaneous,U.S.,St. Paul,Minnesota,yes,yes,no,yes,no,no,yes,no,no,3M
381,32753.00,16.1,5687.00,59352.00,7.1,30000,41,no,no,yes,Health Care,Pharmaceuticals,U.S.,North Chicago,Illinois,yes,yes,no,yes,no,no,yes,yes,no,AbbVie
382,32717.00,1.5,3962.00,167771.00,2.6,32700,-16,no,yes,no,Financials,Insurance: Property and Casualty (Stock),Switzerland,Zurich,,yes,yes,no,yes,no,no,no,no,yes,Chubb
383,32683.30,2,775.9,16381.20,983.8,10495,-11,no,yes,no,"Food, Beverages & Tobacco",Food Production,U.S.,Inver Grove Heights,Minnesota,yes,no,no,no,no,no,yes,no,no,CHS
384,32667.00,25,8045.40,186351.90,-83.4,63877,69,no,no,yes,"Food, Beverages & Tobacco",Tobacco,Britain,London,,yes,no,no,yes,no,no,no,no,yes,British American Tobacco
385,32619.40,17.4,-254.5,49469.60,-516.6,136319,43,no,no,yes,Materials,Metals,China,Anshan,,no,no,no,no,no,no,no,no,yes,Ansteel Group
349,35647.90,-3.6,943.1,28055.00,-38.3,132138,-36,no,yes,no,Technology,Information Technology Services,Japan,Tokyo,,yes,yes,no,no,no,no,no,no,yes,Fujitsu
350,35406.30,10.2,870.9,1814332.90,-83.3,59132,17,no,no,yes,Financials,Banks: Commercial and Savings,Japan,Tokyo,,yes,no,no,no,no,no,no,no,yes,Mizuho Financial Group
351,35386.40,5.3,1529.00,50352.50,-20,72020,1,no,no,yes,Chemicals,Chemicals,Japan,Tokyo,,yes,no,no,yes,no,no,no,no,yes,Mitsubishi Chemical Holdings
352,35361.20,10.9,4976.30,157392.80,10.5,300000,22,no,no,yes,Retailing,Specialty Retailers,China,Hong Kong,,yes,no,no,no,no,no,no,no,yes,CK Hutchison Holdings
353,35251.90,-32.8,5737.90,1015661.30,17.1,64928,-164,no,yes,no,Financials,Banks: Commercial and Savings,Britain,London,,yes,no,no,no,no,no,no,no,yes,Lloyds Banking Group
354,35091.00,18.5,734.6,26116.40,-49.9,9476,44,no,no,yes,Energy,Petroleum Refining,Japan,Tokyo,,yes,no,no,yes,no,no,no,no,yes,Idemitsu Kosan
355,35071.10,-7,1651.10,238753.30,112.6,132388,-51,no,yes,no,Financials,"Insurance: Life, Health (stock)",Italy,Rome,,yes,no,no,no,no,no,no,no,yes,Poste Italiane
356,34937.40,6.7,1474.70,42551.70,67.3,62083,2,no,no,yes,Materials,Metals,Japan,Tokyo,,yes,no,no,yes,no,no,no,no,yes,JFE Holdings
357,34917.90,3,1612.30,30739.80,-17.2,67721,-9,no,yes,no,Motor Vehicles & Parts,Motor Vehicles and Parts,Japan,Hamamatsu,,yes,no,no,yes,no,no,no,no,yes,Suzuki Motor
358,34870.00,9.1,131.4,18618.30,15.8,23194,12,no,no,yes,Materials,Metals,China,Guixi,,yes,no,no,no,no,no,no,no,yes,Jiangxi Copper
359,34673.00,8,486.6,58038.30,-28.7,187959,,yes,no,no,Industrials,Industrial Machinery,China,Beijing,,yes,no,no,no,no,no,no,no,yes,CRRC Group
360,34284.20,7.5,2069.90,780308.50,,45680,13,no,no,yes,Financials,Banks: Commercial and Savings,Switzerland,Zurich,,yes,no,no,no,no,no,no,no,yes,Credit Suisse Group
361,34242.20,43.2,578.6,8522.60,50.7,56088,,yes,no,no,Materials,Metals,China,Wenzhou,,yes,no,no,yes,no,no,no,no,yes,Tsingshan Holding Group
362,34229.20,15.1,170.7,157347.60,-14,124678,33,no,no,yes,Energy,Energy,China,Beijing,,yes,no,no,no,no,no,no,no,yes,State Power Investment
363,34218.20,6.5,12043.90,67999.50,6.2,48752,5,no,no,yes,Technology,Semiconductors and Other Electronic Components,Taiwan,Hsinchu,,yes,yes,no,yes,no,no,no,no,yes,Taiwan Semiconductor Manufacturing
364,34176.50,-2.5,432.6,57758.70,16.4,129929,-31,no,yes,no,Engineering & Construction,"Engineering, Construction",China,Beijing,,yes,no,no,no,no,no,no,no,yes,China Energy Engineering Group
365,34102.60,1.6,501.5,21455.90,6.2,112421,-11,no,yes,no,Technology,"Computers, Office Equipment",Taiwan,Taoyuan,,yes,no,no,yes,no,no,no,no,yes,Quanta Computer
366,34055.00,29.9,334,26830.00,,4900,86,no,no,yes,Energy,Pipelines,U.S.,Houston,Texas,yes,no,no,yes,no,no,yes,no,no,Plains GP Holdings
367,33895.80,-24.3,268.1,48455.20,-63.7,198932,-125,no,yes,no,Aerospace & Defense,Aerospace and Defense,China,Beijing,,yes,no,no,no,no,no,no,no,yes,China South Industries Group
333,37032.20,33.2,2014.80,29052.70,223.3,130455,94,no,no,yes,Retailing,Specialty Retailers,China,Nanjing,,yes,no,no,yes,no,no,no,no,yes,Suning.com Group
334,36783.50,-0.3,914.1,46469.00,,80744,-23,no,yes,no,Industrials,Industrial Machinery,Japan,Tokyo,,yes,no,no,yes,no,no,no,no,yes,Mitsubishi Heavy Industries
335,36763.10,38,14125.40,57056.90,50,33000,107,no,no,yes,Technology,Semiconductors and Other Electronic Components,South Korea,Gyeonggi,,yes,no,no,yes,no,no,no,no,yes,SK Hynix
336,36696.00,2.8,6860.00,88190.00,24.6,70270,-11,no,yes,no,Energy,"Mining, Crude-Oil Production",Brazil,Rio de Janeiro,,yes,yes,no,no,no,no,no,no,yes,Vale
337,36534.20,24.9,4172.40,56969.80,49.1,7000,66,no,no,yes,Energy,Pipelines,U.S.,Houston,Texas,yes,no,no,no,no,no,yes,no,no,Enterprise Products Partners
338,36503.70,15.2,199.3,16891.80,35.4,10350,37,no,no,yes,Wholesalers,Trading,China,Xiamen,,yes,no,no,yes,no,no,no,no,yes,XMXYG
339,36465.70,3.4,993.2,33901.50,-18.2,119732,-10,no,yes,no,Motor Vehicles & Parts,Motor Vehicles and Parts,Japan,Kariya,,yes,yes,no,yes,no,no,no,no,yes,Aisin Seiki
340,36440.90,11.9,1869.20,33173.70,76,31290,24,no,no,yes,Materials,Metals,China,Zhangjiagang,,yes,no,no,no,no,no,no,no,yes,Jiangsu Shagang Group
341,36397.00,6,1933.00,22536.00,-54.4,73100,-1,no,yes,no,Apparel,Apparel,U.S.,Beaverton,Oregon,yes,yes,no,no,no,no,yes,no,no,Nike
342,36395.70,4.5,2381.20,18982.50,3.9,202000,-8,no,yes,no,Food & Drug Stores,Food and Drug Stores,U.S.,Lakeland,Florida,yes,yes,no,yes,no,no,yes,yes,no,Publix Super Markets
343,36193.00,16.9,3345.00,45408.00,14.9,105600,40,no,no,yes,Aerospace & Defense,Aerospace and Defense,U.S.,Falls Church,Virginia,yes,yes,yes,yes,no,no,yes,no,no,General Dynamics
344,35985.00,7.3,2010.00,119666.00,-46.7,33383,12,no,no,yes,Energy,Utilities,U.S.,Chicago,Illinois,yes,yes,no,no,no,no,yes,no,no,Exelon
345,35796.90,-1.6,2289.50,44662.40,6.1,195056,-28,no,yes,no,Technology,"Computers, Office Equipment",Japan,Tokyo,,yes,yes,no,no,no,no,no,no,yes,Canon
346,35785.00,4.6,2223.70,122221.00,0.9,12000,-1,no,yes,no,Energy,Pipelines,Canada,"Calgary, Alberta",,yes,no,no,no,no,no,no,no,yes,Enbridge
347,35721.30,7.6,-152.8,33772.30,,112859,12,no,no,yes,Energy,"Mining, Crude-Oil Production",China,Xingtai,,no,no,no,no,no,no,no,no,yes,Jizhong Energy Group
348,35703.60,-16.6,3803.70,62092.30,-14,43302,-94,no,yes,no,Energy,Energy,Germany,Essen,,yes,no,no,yes,no,no,no,no,yes,E.ON
318,38887.30,31.9,-258,44774.80,,104668,81,no,no,yes,Energy,"Mining, Crude-Oil Production",China,Zoucheng,,no,no,no,no,no,no,no,no,yes,Yankuang Group
319,38727.00,18.9,6257.00,69980.00,,10800,44,no,no,yes,Energy,"Mining, Crude-Oil Production",U.S.,Houston,Texas,yes,yes,no,no,no,no,yes,no,no,ConocoPhillips
320,38278.30,10.9,2862.30,1443122.60,,83500,16,no,no,yes,Financials,Banks: Commercial and Savings,Britain,London,,yes,no,no,yes,yes,no,no,no,yes,Barclays
321,38064.00,0.9,287.4,30669.20,-29.8,116400,-18,no,yes,no,Food & Drug Stores,Food and Drug Stores,Britain,London,,yes,no,no,no,no,no,no,no,yes,J. Sainsbury
322,37869.80,11.1,1846.40,47048.10,14.9,146346,24,no,no,yes,Aerospace & Defense,Aerospace and Defense,China,Beijing,,yes,no,no,yes,no,no,no,no,yes,China Aerospace Science & Industry
323,37727.60,10.1,2463.70,63496.80,10.7,179788,20,no,no,yes,Aerospace & Defense,Aerospace and Defense,China,Beijing,,yes,no,no,yes,no,no,no,no,yes,China Aerospace Science & Technology
324,37722.90,1.5,2070.60,380597.40,-13.4,42950,-15,no,yes,no,Financials,"Insurance: Life, Health (Mutual)",Japan,Tokyo,,yes,no,no,yes,no,no,no,no,yes,Meiji Yasuda Life Insurance
325,37474.80,0.7,442.9,32084.10,-24.3,197000,-17,no,yes,no,Food & Drug Stores,Food and Drug Stores,Canada,"Toronto, Ontario",,yes,no,no,no,no,no,no,no,yes,George Weston
326,37388.90,4.2,5313.10,48482.60,314.9,203865,-6,no,yes,no,Transportation,Railroads,France,St. Denis,,yes,no,no,yes,no,no,no,no,yes,SNCF Mobilités
327,37371.20,9.1,2141.50,39161.80,0.4,44947,15,no,no,yes,Engineering & Construction,"Engineering, Construction",Japan,Osaka,,yes,no,no,yes,no,no,no,no,yes,Daiwa House Industry
328,37360.00,8.9,2173.00,44441.00,-1.8,146600,13,no,no,yes,Industrials,Industrial Machinery,Switzerland,Zurich,,yes,yes,no,yes,yes,no,no,no,yes,ABB
329,37357.70,25.6,2368.40,70108.00,9.7,74413,65,no,no,yes,Industrials,Construction and Farm Machinery,U.S.,Moline,Illinois,yes,yes,no,yes,no,no,yes,no,no,Deere
330,37239.00,1.3,340.6,12986.60,192,14000,-15,no,yes,no,Wholesalers,Wholesalers: Electronics and Office Equipment,U.S.,Clearwater,Florida,yes,yes,no,no,no,no,yes,no,no,Tech Data
331,37112.20,-6,1033.20,331211.90,0.2,30000,-49,no,yes,no,Financials,"Insurance: Life, Health (stock)",Canada,"Montreal, Quebec",,yes,no,no,no,no,no,no,no,yes,Power Corp. of Canada
332,37047.00,-12.8,462,207570.00,16.1,14943,-75,no,yes,no,Financials,Insurance: Property and Casualty (Stock),Switzerland,Zurich,,yes,yes,no,yes,no,no,no,no,yes,Swiss Re
301,40640.80,24.2,844.7,20932.80,-20.9,31547,60,no,no,yes,Wholesalers,Trading,China,Guangzhou,,yes,no,no,yes,no,no,no,no,yes,Cedar Holdings Group
302,40571.00,-26.8,355,18440.00,12,16785,-129,no,yes,no,"Food, Beverages & Tobacco",Food Production,Netherlands,Rotterdam,,yes,yes,no,no,no,no,no,no,yes,Louis Dreyfus
303,40522.00,1.2,13638.00,90949.00,55.6,47458,-25,no,yes,no,Energy,"Mining, Crude-Oil Production",Britain,London,,yes,yes,no,yes,no,no,no,no,yes,Rio Tinto Group
304,40454.20,9,380,8322.90,10.1,376000,6,no,no,yes,Wholesalers,Wholesalers: Food and Grocery,Germany,Hamburg,,yes,no,no,yes,no,no,no,no,yes,Edeka Zentrale
305,40240.50,-26.1,2833.30,326182.50,-27.7,84952,,yes,no,no,Financials,Banks: Commercial and Savings,Brazil,Brasilia,,yes,no,no,no,no,no,no,no,yes,Caixa Econômica Federal
306,40052.00,4.7,3024.00,29109.00,70.5,121000,-9,no,yes,no,"Food, Beverages & Tobacco",Food Production,U.S.,Springdale,Arkansas,yes,yes,no,no,yes,no,yes,no,no,Tyson Foods
307,39831.00,5.6,3825.00,137264.00,-59,137000,-5,no,yes,no,Technology,Computer Software,U.S.,Redwood City,California,yes,no,yes,no,no,no,yes,no,no,Oracle
308,39815.00,3.4,2252.00,112249.00,-29.4,45420,-15,no,yes,no,Financials,Insurance: Property and Casualty (Stock),U.S.,Northbrook,Illinois,yes,yes,no,yes,yes,no,yes,no,no,Allstate
309,39750.30,18,127.7,5676.90,,5000,42,no,no,yes,Energy,Energy,U.S.,Miami,Florida,yes,no,no,no,no,no,yes,no,no,World Fuel Services
310,39598.20,-29.7,5618.80,1011101.20,-8.8,53768,-139,no,yes,no,Financials,Banks: Commercial and Savings,Netherlands,Amsterdam,,yes,no,no,no,no,no,no,no,yes,ING Group
311,39594.70,9.7,244.1,26177.30,-43.1,31780,7,no,no,yes,Energy,Utilities,Britain,Windsor,,yes,no,no,no,no,no,no,no,yes,Centrica
312,39581.60,10.6,3058.50,38408.50,19.6,114765,11,no,no,yes,Industrials,"Electronics, Electrical Equip.",China,Foshan,,yes,no,no,yes,no,no,no,no,yes,Midea Group
313,39571.00,3.6,2392.20,64811.50,17,276750,-15,no,yes,no,Health Care,Health Care: Medical Facilities,Germany,Bad Homburg,,yes,yes,no,yes,no,no,no,no,yes,Fresenius
314,39267.20,17.2,397.9,265812.60,-22.4,9844,43,no,no,yes,Financials,"Insurance: Life, Health (Mutual)",U.S.,Springfield,Massachusetts,yes,yes,no,no,no,no,yes,no,no,Massachusetts Mutual Life Insurance
315,39050.60,9.2,4779.70,900365.10,-42,92117,9,no,no,yes,Financials,Banks: Commercial and Savings,Italy,Turin,,yes,no,no,no,no,no,no,no,yes,Intesa Sanpaolo
316,39004.00,13.1,4688.00,28278.00,-3.9,19450,22,no,no,yes,Chemicals,Chemicals,Netherlands,Rotterdam,,yes,yes,no,yes,no,no,no,no,yes,LyondellBasell Industries
317,38972.90,8.7,3059.80,14326.00,17.3,270000,4,no,no,yes,Retailing,Specialty Retailers,U.S.,Framingham,Massachusetts,yes,yes,no,yes,no,no,yes,no,no,TJX
281,42418.80,10.2,90.8,72966.00,23.3,120095,13,no,no,yes,Energy,"Mining, Crude-Oil Production",China,Xi'an,,yes,no,no,yes,no,no,no,no,yes,Shaanxi Coal & Chemical Industry
282,42390.50,9.8,829.7,186170.70,9.5,20780,9,no,no,yes,Financials,Insurance: Property and Casualty (Stock),Germany,Hanover,,yes,no,no,yes,no,no,no,no,yes,Talanx
283,42370.90,32.6,476.2,8054.10,18.6,13181,88,no,no,yes,Wholesalers,Trading,China,Beijing,,yes,no,no,yes,no,no,no,no,yes,China National Aviation Fuel Group
284,42302.00,5.5,2552.70,43677.50,-4.2,115882,-7,no,yes,no,Transportation,Airlines,Germany,Cologne,,yes,yes,no,yes,no,no,no,no,yes,Lufthansa Group
285,42294.00,5.4,6220.00,82637.00,159.8,69000,-9,no,yes,no,Health Care,Pharmaceuticals,U.S.,Kenilworth,New Jersey,yes,yes,no,no,yes,no,yes,no,no,Merck
286,42280.90,8.8,8.9,156327.20,-95.9,136031,3,no,no,yes,Energy,Energy,China,Beijing,,yes,no,no,no,no,no,no,no,yes,China Huaneng Group
287,42179.20,13.2,1547.20,43084.20,26.5,129275,20,no,no,yes,Engineering & Construction,"Engineering, Construction",France,Paris,,yes,no,no,yes,no,no,no,no,yes,Bouygues
288,42104.90,3.2,5081.80,127339.30,-46.5,104226,-17,no,yes,no,Health Care,Pharmaceuticals,France,Paris,,yes,no,no,no,no,no,no,no,yes,Sanofi
289,41879.70,16.9,1890.80,696969.90,-0.2,70000,33,no,no,yes,Financials,Banks: Commercial and Savings,China,Beijing,,yes,no,no,yes,no,no,no,no,yes,China Everbright Group
290,41802.00,3.1,6765.00,57773.00,308.8,114000,-15,no,yes,no,Industrials,"Electronics, Electrical Equip.",U.S.,Morris Plains,New Jersey,yes,yes,no,no,no,no,yes,no,no,Honeywell International
291,41437.50,25.9,62.8,15123.30,-41,23159,69,no,no,yes,Wholesalers,Trading,China,Xiamen,,yes,no,no,yes,no,no,no,no,yes,Xiamen ITG Holding Group
292,41395.40,17.5,3557.10,129202.30,12.5,33216,38,no,no,yes,Energy,Utilities,Spain,Bilbao,,yes,no,no,no,no,no,no,no,yes,Iberdrola
293,41303.00,9.5,2129.00,44792.00,-0.1,92000,8,no,no,yes,Transportation,Airlines,U.S.,Chicago,Illinois,yes,yes,no,yes,no,no,yes,no,no,United Airlines Holdings
294,41256.00,10,3169.00,56636.00,,84404,11,no,no,yes,Transportation,Shipping,Denmark,Copenhagen,,yes,yes,no,no,no,no,no,no,yes,Maersk Group
295,41198.70,19.4,8751.50,1016604.20,10.1,84383,42,no,no,yes,Financials,Banks: Commercial and Savings,Canada,"Toronto, Ontario",,yes,no,no,yes,no,no,no,no,yes,Toronto-Dominion Bank
296,41108.50,5.8,4832.30,73941.20,145,95490,-6,no,yes,no,Health Care,Pharmaceuticals,Britain,Brentford,,yes,no,yes,no,no,no,no,no,yes,GlaxoSmithKline
297,41052.10,14,1560.50,568190.20,48.7,17643,22,no,no,yes,Financials,"Insurance: Life, Health (Mutual)",U.S.,New York,New York,yes,yes,no,yes,no,no,yes,no,no,TIAA
298,40993.00,11.5,4059.90,24449.10,17.8,459000,18,no,no,yes,Technology,Information Technology Services,Ireland,Dublin,,yes,yes,no,yes,no,no,no,yes,yes,Accenture
299,40827.00,4.8,2296.00,25945.00,4.1,174000,-12,no,yes,no,Motor Vehicles & Parts,Motor Vehicles and Parts,Canada,"Aurora, Ontario",,yes,yes,no,yes,no,no,no,no,yes,Magna International
300,40766.10,1.9,2044.20,39362.20,-16.7,145817,-21,no,yes,no,Industrials,"Electronics, Electrical Equip.",Japan,Tokyo,,yes,yes,no,yes,no,no,no,no,yes,Mitsubishi Electric
261,44303.00,-0.6,425.8,151966.10,18.7,58070,-17,no,yes,no,Financials,"Insurance: Life, Health (stock)",South Korea,Seoul,,yes,no,no,yes,no,no,no,no,yes,Hanwha
262,43974.40,8.1,616.9,78908.50,879.1,246299,11,no,no,yes,Telecommunications,Telecommunications,China,Beijing,,yes,no,no,no,no,no,no,no,yes,China United Network Communications
263,43858.10,12.8,306.5,53958.10,83.7,136016,25,no,no,yes,Energy,"Mining, Crude-Oil Production",China,Xi'an,,yes,no,no,yes,no,no,no,no,yes,Shaanxi Yanchang Petroleum (Group)
264,43634.00,4.9,1230.00,146130.00,-87.6,98000,,no,no,no,Telecommunications,Telecommunications,U.S.,Stamford,Connecticut,yes,no,no,yes,no,no,yes,no,no,Charter Communications
265,43599.20,-4.9,-4122.00,44349.00,-395.6,81090,-33,no,yes,no,Motor Vehicles & Parts,Motor Vehicles and Parts,India,Mumbai,,no,no,no,no,no,no,no,no,yes,Tata Motors
266,43582.40,6.1,1064.50,30897.60,-12.9,148969,2,no,no,yes,Motor Vehicles & Parts,Motor Vehicles and Parts,Germany,Friedrichshafen,,yes,yes,no,yes,no,no,no,no,yes,ZF Friedrichshafen
267,43466.50,6.1,409.3,17702.10,14.2,132293,2,no,no,yes,Food & Drug Stores,Food and Drug Stores,Germany,Düsseldorf,,yes,no,no,no,no,no,no,no,yes,Metro
268,43425.30,2.7,880,311449.30,-52.9,11388,-10,no,yes,no,Financials,"Insurance: Life, Health (Mutual)",U.S.,New York,New York,yes,yes,no,yes,no,no,yes,no,no,New York Life Insurance
269,43332.90,-21.6,3782.90,360361.10,13.6,96889,-94,no,yes,no,Financials,Banks: Commercial and Savings,Brazil,Brasilia,,yes,no,no,no,no,no,no,no,yes,Banco do Brasil
270,43281.00,21.6,6921.00,188602.00,153,59000,57,no,no,yes,Financials,Diversified Financials,U.S.,New York,New York,yes,yes,no,yes,no,no,yes,yes,no,American Express
271,43270.00,-1.5,512.6,214141.90,107.9,30472,-24,no,yes,no,Financials,Insurance: Property and Casualty (Mutual),U.S.,Columbus,Ohio,yes,no,no,no,no,no,yes,yes,no,Nationwide
272,43263.20,10,1079.90,39199.60,19.5,195461,12,no,no,yes,Engineering & Construction,"Engineering, Construction",Spain,Madrid,,yes,no,no,yes,no,no,no,no,yes,ACS
273,43008.40,-19.2,852.6,35359.20,-32.9,106044,-88,no,yes,no,Industrials,Textiles,China,Shandong,,yes,no,no,no,no,no,no,no,yes,Shandong Weiqiao Pioneering Group
274,42960.00,7.6,4516.00,958489.00,322.1,66888,32,no,no,yes,Financials,Banks: Commercial and Savings,Switzerland,Zurich,,yes,yes,no,yes,no,no,no,no,yes,UBS Group
275,42935.60,16.5,1115.70,19768.30,-20.2,12865,39,no,no,yes,Energy,Petroleum Refining,India,Mumbai,,yes,no,no,no,no,no,no,no,yes,Bharat Petroleum
276,42879.00,1.7,1464.00,12901.00,46.4,125000,-15,no,yes,no,Retailing,Specialty Retailers,U.S.,Richfield,Minnesota,yes,yes,yes,no,no,no,yes,no,no,Best Buy
277,42726.30,31.1,631.3,36868.00,106.9,24016,85,no,no,yes,Wholesalers,Trading,China,Xiamen,,yes,no,no,yes,no,no,no,no,yes,Xiamen C&D
278,42685.00,-0.0,2160.00,125989.00,12605.90,50000,-23,no,yes,no,Financials,Insurance: Property and Casualty (Stock),U.S.,Boston,Massachusetts,yes,no,no,no,no,no,yes,no,no,Liberty Mutual Insurance Group
279,42607.70,22.9,1554.50,117702.00,10.7,111397,56,no,no,yes,Transportation,Shipping,China,Shanghai,,yes,no,no,yes,no,no,no,no,yes,China COSCO Shipping
280,42527.00,7.8,1732.00,86258.00,-54.2,469000,3,no,no,yes,Motor Vehicles & Parts,Motor Vehicles and Parts,China,Hong Kong,,yes,no,no,yes,no,no,no,no,yes,Jardine Matheson
238,47180.00,-26.2,3716.00,395342.00,23.7,52267,-96,no,yes,no,Financials,Insurance: Property and Casualty (Stock),Switzerland,Zurich,,yes,no,no,yes,no,no,no,no,yes,Zurich Insurance Group
239,46969.50,1,315.1,1540920.60,,91737,-16,no,yes,no,Financials,Banks: Commercial and Savings,Germany,Frankfurt,,yes,no,no,no,no,no,no,no,yes,Deutsche Bank
240,46718.10,-10,2000.40,144343.80,-75.8,116998,-47,no,yes,no,Health Care,Pharmaceuticals,Germany,Leverkusen,,yes,no,no,yes,no,no,no,no,yes,Bayer
241,46677.00,-2,3787.00,39207.00,70.9,229000,-26,no,yes,no,Health Care,Health Care: Medical Facilities,U.S.,Nashville,Tennessee,yes,yes,no,yes,no,no,yes,no,no,HCA Healthcare
242,46207.10,24.9,1495.90,158364.30,29.8,97527,70,no,no,yes,Financials,Real estate,China,Beijing,,yes,no,no,yes,no,no,no,no,yes,China Poly Group
243,46114.40,3.8,930.2,73372.60,29.8,165274,2,no,no,yes,Transportation,Shipping,China,Beijing,,yes,no,no,no,no,no,no,no,yes,China Shipbuilding Industry
244,45925.70,14.9,4468.70,203620.60,10.6,115281,36,no,no,yes,Transportation,"Mail, Package, and Freight Delivery",China,Hong Kong,,yes,no,no,yes,no,no,no,no,yes,China Merchants Group
245,45820.80,0.7,5570.90,66236.70,7.8,41996,-9,no,yes,no,Telecommunications,Telecommunications,Japan,Tokyo,,yes,no,no,yes,no,no,no,no,yes,KDDI
246,45809.00,19.7,3705.00,111993.00,-37.1,27161,50,no,no,yes,Energy,"Mining, Crude-Oil Production",Australia,Melbourne,,yes,yes,no,yes,no,no,no,no,yes,BHP Group
247,45743.00,-0.1,267,19425.00,66.9,31000,-14,no,yes,no,"Food, Beverages & Tobacco",Food Production,U.S.,White Plains,New York,yes,no,no,no,no,no,no,no,no,Bunge
248,45461.30,-10.4,1612.90,474944.30,11.4,5243,-47,no,yes,no,Financials,"Insurance: Life, Health (stock)",France,Paris,,yes,no,no,yes,no,no,no,no,yes,CNP Assurances
249,45435.00,11,362.4,12533.70,9.6,20142,21,no,no,yes,Wholesalers,Trading,China,Hangzhou,,yes,no,no,yes,no,no,no,no,yes,Wuchan Zhongda Group
250,45424.00,6.5,487.8,57450.70,3.4,147099,6,no,no,yes,Industrials,Industrial Machinery,China,Beijing,,yes,no,no,no,no,no,no,no,yes,Sinomach
251,45383.80,-2.8,112.7,93408.30,,124965,-29,no,yes,no,Materials,Metals,China,Beijing,,yes,no,no,yes,no,no,no,no,yes,Aluminum Corp. of China
252,45096.40,12.9,5738.30,85231.20,16.8,33000,29,no,no,yes,Chemicals,Chemicals,Saudi Arabia,Riyadh,,yes,no,no,no,no,no,no,no,yes,SABIC
253,44957.00,14.8,2863.90,53558.60,16.6,98652,33,no,no,yes,Motor Vehicles & Parts,Motor Vehicles and Parts,Sweden,Göteborg,,yes,yes,no,yes,no,no,no,no,yes,Volvo
254,44912.60,27.9,5105.70,222652.20,23,104300,78,no,no,yes,Financials,Real estate,China,Shenzhen,,yes,no,no,yes,no,no,no,no,yes,China Vanke
255,44898.40,-9.7,13268.50,450270.00,3.1,293752,-50,no,yes,no,Financials,Banks: Commercial and Savings,Russia,Moscow,,yes,no,no,no,no,no,no,no,yes,Sberbank
256,44609.30,15.7,9635.80,1016475.50,10.3,81870,36,no,no,yes,Financials,Banks: Commercial and Savings,Canada,"Toronto, Ontario",,yes,yes,no,yes,no,no,no,no,yes,Royal Bank of Canada
257,44541.00,5.5,1412.00,60580.00,-26.4,128900,3,no,no,yes,Transportation,Airlines,U.S.,Fort Worth,Texas,yes,no,no,yes,no,no,yes,no,no,American Airlines Group
258,44497.70,1.5,1128.00,45679.90,-7.5,90000,-10,no,yes,no,"Food, Beverages & Tobacco",Food Production,Singapore,Singapore,,yes,yes,no,no,no,no,no,no,yes,Wilmar International
259,44453.30,13.3,368.7,19011.90,-23.6,156477,26,no,no,yes,Technology,"Electronics, Electrical Equip.",Taiwan,Taipei,,yes,no,no,yes,no,no,no,no,yes,Pegatron
260,44438.00,7.7,3935.00,60266.00,10,88680,6,no,no,yes,Transportation,Airlines,U.S.,Atlanta,Georgia,yes,yes,no,yes,no,no,yes,yes,no,Delta Air Lines
221,49612.30,-14.6,4537.50,336888.40,-15.2,86772,-55,no,yes,no,Financials,Banks: Commercial and Savings,Brazil,Osasco,,yes,no,no,yes,no,no,no,no,yes,Banco Bradesco
222,49609.60,5.3,1738.00,209022.70,25,41467,-1,no,yes,no,Financials,Insurance: Property and Casualty (Stock),Japan,Tokyo,,yes,no,no,yes,no,no,no,no,yes,MS&AD Insurance Group Holdings
223,49529.30,-19,3571.20,1456097.40,4.8,100245,-72,no,yes,no,Financials,Banks: Commercial and Savings,France,Paris,,yes,no,no,no,no,no,no,no,yes,Groupe BPCE
224,49395.70,1.4,2476.50,203590.90,-3.4,40848,-15,no,yes,no,Financials,Insurance: Property and Casualty (Stock),Japan,Tokyo,,yes,no,no,yes,no,no,no,no,yes,Tokio Marine Holdings
225,49330.00,2.8,110,108784.00,-98.9,74200,-13,no,yes,no,Technology,Network and Other Communications Equipment,U.S.,San Jose,California,yes,yes,no,yes,yes,no,yes,yes,no,Cisco Systems
226,49300.40,7.2,495.7,50340.00,-71.9,181001,5,no,no,yes,Materials,"Building Materials, Glass",France,Courbevoie,,yes,no,no,yes,no,no,no,no,yes,Saint-Gobain
227,49238.40,4,1050.70,46416.20,22.7,52578,-8,no,yes,no,Motor Vehicles & Parts,Motor Vehicles and Parts,South Korea,Seoul,,yes,no,no,yes,no,no,no,no,yes,Kia Motors
228,48836.50,5.4,2306.00,110404.70,7.3,150711,-3,no,yes,no,Telecommunications,Telecommunications,France,Paris,,yes,yes,no,no,no,no,no,no,yes,Orange
229,48650.00,16.9,2637.00,153226.00,17.9,73800,34,no,no,yes,Health Care,Health Care: Insurance and Managed Care,U.S.,Bloomfield,Connecticut,yes,yes,no,yes,no,no,yes,no,no,Cigna
230,48368.00,4.9,2295.60,52339.50,-20.7,171992,-1,no,yes,no,Motor Vehicles & Parts,Motor Vehicles and Parts,Japan,Kariya,,yes,yes,no,yes,no,no,no,no,yes,Denso
231,48155.70,10.5,2890.90,71532.70,3.8,65662,19,no,no,yes,Wholesalers,Trading,Japan,Tokyo,,yes,no,no,no,no,no,no,no,yes,Sumitomo
232,47981.30,10.8,7608.40,873155.30,3.2,58338,19,no,no,yes,Financials,Banks: Commercial and Savings,China,Beijing,,yes,no,no,yes,no,no,no,no,yes,China Minsheng Banking
233,47842.10,3.6,1335.70,17402.30,15.5,201522,-5,no,yes,no,Food & Drug Stores,Food and Drug Stores,Australia,Bella Vista,,yes,no,no,no,no,no,no,no,yes,Woolworths Group
234,47608.00,2.4,6283.20,773455.50,58.4,125627,-10,no,yes,no,Financials,Banks: Commercial and Savings,Spain,Bilbao,,yes,no,no,no,no,no,no,no,yes,Banco Bilbao Vizcaya Argentaria
235,47389.00,-4.3,-6,491984.00,,49600,-28,no,yes,no,Financials,Insurance: Property and Casualty (Stock),U.S.,New York,New York,no,no,no,no,no,no,yes,no,no,American International Group
236,47286.00,-0.6,328.8,561369.60,,257252,-20,no,yes,no,Financials,Banks: Commercial and Savings,India,Mumbai,,yes,no,no,no,no,no,no,no,yes,State Bank of India
237,47272.70,34.4,11900.60,105382.00,12.5,54309,94,no,no,yes,Technology,Internet Services and Retailing,China,Shenzhen,,yes,yes,no,yes,no,no,no,no,yes,Tencent Holdings
216,50545.70,9.2,8453.00,916091.00,5.3,55692,11,no,no,yes,Financials,Banks: Commercial and Savings,China,Shanghai,,yes,no,no,yes,no,no,no,no,yes,Shanghai Pudong Development Bank
217,50532.40,-15.6,-9281.10,160391.20,-425.7,98996,-59,no,yes,no,Telecommunications,Telecommunications,Britain,Newbury,,no,yes,no,no,yes,no,no,no,yes,Vodafone Group
218,50193.00,15,8748.00,853531.00,43.2,60348,31,no,no,yes,Financials,Banks: Commercial and Savings,U.S.,New York,New York,yes,yes,no,yes,no,no,yes,no,no,Morgan Stanley
219,49709.70,-2.8,6.9,29454.70,-95.9,230086,-20,no,yes,no,"Food, Beverages & Tobacco",Food Production,Brazil,São Paulo,,yes,no,no,no,no,no,no,no,yes,JBS
220,49665.40,20.6,1969.30,48564.80,8.2,124846,47,no,no,yes,Motor Vehicles & Parts,Motor Vehicles and Parts,China,Hangzhou,,yes,no,no,yes,no,no,no,no,yes,Zhejiang Geely Holding Group
197,53762.00,5.3,5046.00,44876.00,152,105000,3,no,no,yes,Aerospace & Defense,Aerospace and Defense,U.S.,Bethesda,Maryland,yes,yes,yes,yes,no,no,yes,no,no,Lockheed Martin
198,53647.00,2.1,11153.00,159422.00,-47.7,92400,-11,no,yes,no,Health Care,Pharmaceuticals,U.S.,New York,New York,yes,yes,no,yes,no,no,yes,no,no,Pfizer
199,53572.10,13.2,2724.10,194584.50,25.6,107741,21,no,no,yes,Financials,"Insurance: Life, Health (stock)",China,Shanghai,,yes,no,no,yes,no,no,no,no,yes,China Pacific Insurance (Group)
200,53176.00,27,2762.80,69469.30,15.6,22735,62,no,no,yes,Energy,Petroleum Refining,Spain,Madrid,,yes,no,no,yes,no,no,no,no,yes,Repsol
201,53166.00,6,12611.00,145563.00,63.7,125161,2,no,no,yes,Health Care,Pharmaceuticals,Switzerland,Basel,,yes,yes,no,yes,no,no,no,no,yes,Novartis
202,52720.90,22.7,1719.60,150974.50,28.6,39091,50,no,no,yes,Financials,Real estate,China,Shanghai,,yes,no,no,yes,no,no,no,no,yes,Greenland Holding Group
203,52610.60,17.7,69.4,84608.20,356.3,207958,40,no,no,yes,Materials,"Building Materials, Glass",China,Beijing,,yes,no,no,no,no,no,no,no,yes,China National Building Material Group
204,52528.00,24.3,10459.00,931796.00,144,36600,55,no,no,yes,Financials,Banks: Commercial and Savings,U.S.,New York,New York,yes,yes,no,no,no,no,yes,yes,no,Goldman Sachs Group
205,52404.70,5.6,3419.30,46229.10,1.6,243226,1,no,no,yes,Motor Vehicles & Parts,Motor Vehicles and Parts,Germany,Hanover,,yes,yes,no,yes,no,no,no,no,yes,Continental
206,52345.20,13.1,3520.40,86133.10,13.7,211233,20,no,no,yes,Engineering & Construction,"Engineering, Construction",France,Rueil-Malmaison,,yes,no,no,yes,no,no,no,no,yes,Vinci
207,52272.00,1.3,-208.9,45172.50,,218923,-11,no,yes,no,Food & Drug Stores,Food and Drug Stores,France,Paris,,no,no,no,no,no,no,no,no,yes,Finatis
208,52004.10,8.1,623.1,66896.40,-25.8,318528,3,no,no,yes,Transportation,Railroads,Germany,Berlin,,yes,no,no,yes,no,no,no,no,yes,Deutsche Bahn
209,51728.00,-0.6,6554.10,1840238.10,-1.1,86659,-17,no,yes,no,Financials,Banks: Commercial and Savings,Japan,Tokyo,,yes,no,no,yes,no,no,no,no,yes,Sumitomo Mitsui Financial Group
210,51394.40,35.6,1673.60,23140.60,38.4,130000,89,no,no,yes,Food & Drug Stores,Food and Drug Stores,Canada,"Laval, Quebec",,yes,no,no,yes,no,no,no,no,yes,Alimentation Couche-Tard
211,51245.60,12.3,573,43756.60,17.1,160064,23,no,no,yes,Energy,"Mining, Crude-Oil Production",China,Jinan,,yes,no,no,yes,no,no,no,no,yes,Shandong Energy Group
212,51037.90,12.5,596.3,29988.50,,57000,28,no,no,yes,Technology,"Computers, Office Equipment",China,Hong Kong,,yes,yes,no,yes,no,no,no,no,yes,Lenovo Group
213,50991.40,12.1,9164.50,977563.40,8.3,59659,24,no,no,yes,Financials,Banks: Commercial and Savings,China,Fuzhou,,yes,no,no,yes,no,no,no,no,yes,Industrial Bank
214,50920.60,12.2,-77.8,63725.20,,118656,25,no,no,yes,Materials,Metals,China,Shijiazhuang,,no,no,no,no,no,no,no,no,yes,HBIS Group
215,50856.10,7.3,9.5,39334.30,,161096,3,no,no,yes,Materials,Metals,Germany,Essen,,yes,no,no,yes,no,no,no,no,yes,ThyssenKrupp
178,57167.40,8.3,2096.10,115274.20,-27,41086,8,no,no,yes,Energy,Utilities,Japan,Tokyo,,yes,no,no,no,no,no,no,no,yes,Tokyo Electric Power
179,56912.00,5.8,1683.00,25413.00,-31.3,41600,4,no,no,yes,Health Care,Health Care: Insurance and Managed Care,U.S.,Louisville,Kentucky,yes,yes,no,no,yes,no,yes,no,no,Humana
180,56771.00,39.2,3584.00,256281.00,145.1,100750,92,no,no,yes,Financials,Diversified Financials,Canada,"Toronto, Ontario",,yes,no,no,yes,no,no,no,no,yes,Brookfield Asset Management
181,56198.60,23.3,582.9,22400.30,-42.6,81350,54,no,no,yes,Industrials,Textiles,China,Suzhou City,,yes,no,no,yes,no,no,no,no,yes,Hengli Group
182,56147.20,48.7,13094.40,143608.20,35.4,101958,118,no,no,yes,Retailing,Internet Services and Retailing,China,Hangzhou,,yes,yes,no,yes,yes,no,no,no,yes,Alibaba Group Holding
183,56016.70,17.1,465,91563.40,-78.8,58441,31,no,no,yes,Energy,Utilities,Germany,Essen,,yes,no,no,no,no,no,no,no,yes,RWE
184,55838.00,37.4,22112.00,97334.00,38.8,35587,90,no,no,yes,Technology,Internet Services and Retailing,U.S.,Menlo Park,California,yes,yes,no,yes,no,yes,yes,no,no,Facebook
185,55757.40,2.7,1127.20,39731.50,-26.2,72600,-7,no,yes,no,Technology,"Electronics, Electrical Equip.",South Korea,Seoul,,yes,yes,no,no,no,no,no,no,yes,LG Electronics
186,55720.20,8.1,2265.30,72734.50,38.8,115878,12,no,no,yes,Materials,Metals,Japan,Tokyo,,yes,yes,no,yes,no,no,no,no,yes,Nippon Steel Corporation
187,55262.60,12.3,3037.80,88320.80,20.3,141914,21,no,no,yes,Apparel,Apparel,France,Paris,,yes,no,no,yes,no,no,no,no,yes,Christian Dior
188,55063.50,15.2,12179.00,982526.00,17.3,74590,25,no,no,yes,Financials,Banks: Commercial and Savings,China,Shenzhen,,yes,no,no,yes,no,no,no,no,yes,China Merchants Bank
189,55037.20,9.4,885.5,42549.70,-10.5,113474,13,no,no,yes,Motor Vehicles & Parts,Motor Vehicles and Parts,China,Guangzhou,,yes,no,no,yes,no,no,no,no,yes,Guangzhou Automobile Industry Group
190,54722.00,20.4,6147.00,78509.00,715.3,104000,48,no,no,yes,Industrials,Construction and Farm Machinery,U.S.,Deerfield,Illinois,yes,yes,no,yes,no,no,yes,no,no,Caterpillar
191,54662.50,-17.5,6814.80,400690.80,-9,100335,-58,no,yes,no,Financials,Banks: Commercial and Savings,Brazil,São Paulo,,yes,no,no,yes,no,no,no,no,yes,Itaú Unibanco Holding
192,54619.00,-3.2,4368.00,232103.00,-45.4,172603,-22,no,yes,no,"Food, Beverages & Tobacco",Beverages,Belgium,Leuven,,yes,yes,no,no,no,no,no,no,yes,Anheuser-Busch InBev
193,54567.90,4,-1194.90,166038.40,-204,46377,-5,no,yes,no,Energy,Utilities,South Korea,Jeollanam-do,,no,no,no,yes,no,no,no,no,yes,Korea Electric Power
194,54436.00,14.6,1694.00,88246.00,77.6,11768,23,no,no,yes,Energy,Pipelines,U.S.,Dallas,Texas,yes,no,no,no,no,no,yes,no,no,Energy Transfer
195,53985.30,4.6,927.4,27282.40,-57.2,217000,,no,no,no,Food & Drug Stores,Food and Drug Stores,Australia,Perth,,yes,no,no,no,yes,no,no,no,yes,Wesfarmers
196,53977.60,-0.1,2733.00,72580.00,76.3,194431,-16,no,yes,no,Telecommunications,Telecommunications,Mexico,Mexico City,,yes,no,no,yes,no,no,no,no,yes,América Móvil
159,61486.50,13.4,1838.00,52069.20,13,58165,20,no,no,yes,Food & Drug Stores,Food and Drug Stores,Japan,Tokyo,,yes,yes,no,yes,no,no,no,no,yes,Seven & I Holdings
160,61420.40,19.9,4360.60,71563.40,27.2,43743,37,no,no,yes,Energy,"Mining, Crude-Oil Production",India,New Delhi,,yes,no,no,yes,no,no,no,no,yes,Oil & Natural Gas
161,61224.00,13.7,803.8,123815.20,-15.1,185269,21,no,no,yes,Engineering & Construction,"Engineering, Construction",China,Beijing,,yes,no,no,no,no,no,no,no,yes,PowerChina
162,60994.30,4.1,1196.10,40132.50,1.8,58565,3,no,no,yes,Wholesalers,Trading,Japan,Nagoya,,yes,no,no,yes,no,no,no,no,yes,Toyota Tsusho
163,60846.20,7.4,10738.10,79680.30,22.4,94442,6,no,no,yes,Health Care,Pharmaceuticals,Switzerland,Basel,,yes,yes,no,yes,no,no,no,no,yes,Roche Group
164,60749.20,1.2,-1351.30,41073.70,-535.9,340577,-8,no,yes,no,Food & Drug Stores,Food and Drug Stores,France,Croix,,no,no,no,no,no,no,no,no,yes,Auchan Holding
165,60534.50,1,131.1,20776.60,183.2,267000,-8,no,yes,no,Food & Drug Stores,Food and Drug Stores,U.S.,Boise,Idaho,yes,no,no,no,no,no,yes,no,no,Albertsons Cos.
166,60405.30,10.3,7871.00,2811411.40,-11.9,119390,11,no,no,yes,Financials,Banks: Commercial and Savings,Japan,Tokyo,,yes,no,no,yes,no,no,no,no,yes,Mitsubishi UFJ Financial Group
167,60167.30,-0.6,11080.60,67958.20,62.4,154848,-14,no,yes,no,Household Products,Household and Personal Products,Britain/Neth.,London,,yes,yes,no,no,no,no,no,no,yes,Unilever
168,60116.00,23.8,900,30901.00,8.7,47300,42,no,no,yes,Health Care,Health Care: Insurance and Managed Care,U.S.,St. Louis,Missouri,yes,yes,no,yes,no,yes,yes,no,no,Centene
169,59980.20,15.7,884.4,49823.40,28.2,128600,25,no,no,yes,Health Care,Pharmaceuticals,China,Beijing,,yes,no,no,yes,no,no,no,no,yes,Sinopharm
170,59434.00,7.8,12598.00,98598.00,40.3,201000,6,no,no,yes,Media,Entertainment,U.S.,Burbank,California,yes,yes,no,yes,no,no,yes,no,no,Walt Disney
171,59223.20,11.2,1556.10,70607.70,-36.2,33784,13,no,no,yes,Materials,Metals,South Korea,Seoul,,yes,yes,no,yes,no,no,no,no,yes,POSCO
172,58727.30,6.1,1430.80,18070.40,25.2,67000,2,no,no,yes,Wholesalers,Wholesalers: Food and Grocery,U.S.,Houston,Texas,yes,no,no,yes,no,no,yes,no,no,Sysco
173,58472.00,12.3,5327.00,34622.00,110.9,55000,17,no,no,yes,Technology,"Computers, Office Equipment",U.S.,Palo Alto,California,yes,yes,no,yes,no,no,yes,no,no,HP
174,58390.00,-16.5,4560.20,1496676.20,44.2,140250,-53,no,yes,no,Financials,Banks: Commercial and Savings,France,Paris,,yes,no,no,no,no,no,no,no,yes,Société Générale
175,57933.60,34.9,2526.80,64718.50,-0.5,31569,78,no,no,yes,Energy,Petroleum Refining,Indonesia,Jakarta,,yes,no,yes,yes,no,no,no,no,yes,Pertamina
176,57465.90,-2,3931.10,130355.70,11.3,120138,-12,no,yes,no,Telecommunications,Telecommunications,Spain,Madrid,,yes,yes,no,no,no,no,no,no,yes,Telefónica
177,57308.70,70.7,5233.50,237367.50,35.7,131387,176,no,no,yes,Financials,Real estate,China,Foshan,,yes,no,no,yes,no,no,no,no,yes,Country Garden Holdings
146,66832.00,0.9,9750.00,118310.00,-36.4,92000,-11,no,yes,no,Household Products,Household and Personal Products,U.S.,Cincinnati,Ohio,yes,yes,no,no,no,no,yes,no,no,Procter & Gamble
147,66753.50,-1.9,2082.50,61526.00,9.2,46711,-17,no,yes,no,Wholesalers,Trading,Japan,Tokyo,,yes,no,no,yes,no,no,no,no,yes,Marubeni
148,66501.00,11.1,5269.00,134211.00,15.8,240200,11,no,no,yes,Aerospace & Defense,Aerospace and Defense,U.S.,Farmington,Connecticut,yes,yes,no,yes,no,no,yes,no,no,United Technologies
149,66310.00,12.5,2168.20,103676.10,721.3,161399,13,no,no,yes,Materials,Metals,China,Shanghai,,yes,no,no,no,no,no,no,no,yes,China Baowu Steel Group
150,65644.80,13.7,11131.30,1388230.00,7.1,92714,18,no,no,yes,Financials,Banks: Commercial and Savings,China,Shanghai,,yes,no,no,no,no,no,no,no,yes,Bank of Communications
151,65534.40,10.6,695,138082.70,91.4,446613,10,no,no,yes,Aerospace & Defense,Aerospace and Defense,China,Beijing,,yes,no,no,no,no,no,no,no,yes,Aviation Industry Corp. of China
152,65450.00,8.5,4572.00,52330.00,52.6,359530,3,no,no,yes,Transportation,"Mail, Package, and Freight Delivery",U.S.,Memphis,Tennessee,yes,yes,no,no,no,no,yes,yes,no,FedEx
153,64794.90,2,2029.60,505478.10,-38.2,62938,-8,no,yes,no,Financials,"Insurance: Life, Health (stock)",Japan,Tokyo,,yes,no,no,no,no,no,no,no,yes,Dai-ichi Life Holdings
154,64661.00,1.8,12515.00,77648.00,157.7,267000,-10,no,yes,no,"Food, Beverages & Tobacco",Food Consumer Products,U.S.,Purchase,New York,yes,yes,no,yes,yes,no,yes,no,no,PepsiCo
155,64341.00,5.8,1810.00,40833.00,13.5,31600,-3,no,yes,no,"Food, Beverages & Tobacco",Food Production,U.S.,Chicago,Illinois,yes,yes,no,yes,no,no,yes,no,no,Archer Daniels Midland
156,62992.00,5.5,4074.00,815078.00,-48.2,50492,4,no,no,yes,Financials,"Insurance: Life, Health (stock)",U.S.,Newark,New Jersey,yes,yes,no,yes,yes,no,yes,no,no,Prudential Financial
157,62751.40,42.1,3735.90,107940.50,-1.1,43993,89,no,no,yes,Wholesalers,Trading,Japan,Tokyo,,yes,no,no,yes,no,no,no,no,yes,Mitsui
158,62230.60,19.6,11868.30,154071.20,35.5,48001,33,no,no,yes,Energy,Petroleum Refining,Malaysia,Kuala Lumpur,,yes,no,no,no,no,no,no,no,yes,Petronas
133,71309.00,3.9,2314.00,34508.00,-32.9,245000,-5,no,yes,no,Retailing,Specialty Retailers,U.S.,Mooresville,North Carolina,yes,yes,no,no,no,no,yes,no,no,Lowe's
134,71223.30,2.2,337.8,81657.40,-14.2,117842,-12,no,yes,no,Wholesalers,Trading,China,Beijing,,yes,no,no,no,no,no,no,no,yes,COFCO
135,70848.00,12.9,21053.00,127963.00,119.3,107400,11,no,no,yes,Technology,Semiconductors and Other Electronic Components,U.S.,Santa Clara,California,yes,yes,no,yes,yes,no,yes,no,no,Intel
136,70660.00,1.5,-3913.00,26688.00,,565802,-13,no,yes,no,Transportation,"Mail, Package, and Freight Delivery",U.S.,Washington,District Of Columbia,no,no,yes,no,no,no,no,no,no,U.S. Postal Service
137,70659.00,15.2,4566.00,986297.00,41.6,287500,12,no,no,yes,Financials,Diversified Financials,China,Beijing,,yes,no,no,yes,no,no,no,no,yes,CITIC Group
138,70478.90,53.2,5652.60,273829.00,56.8,131694,92,no,no,yes,Financials,Real estate,China,Shenzhen,,yes,no,no,yes,no,no,no,no,yes,China Evergrande Group
139,69847.60,29.4,-376.7,30465.20,,178927,42,no,no,yes,Retailing,Internet Services and Retailing,China,Beijing,,no,no,no,yes,yes,no,no,no,yes,JD.com
140,68777.70,6.4,966.4,57675.40,12.7,210507,,no,no,no,Aerospace & Defense,Aerospace and Defense,China,Beijing,,yes,no,no,no,no,no,no,no,yes,China North Industries Group
141,68709.50,7.4,1664.60,122945.90,-8.5,403014,,no,no,no,Telecommunications,Telecommunications,China,Beijing,,yes,no,no,no,no,no,no,no,yes,China Telecommunications
142,67941.00,2.7,5123.00,687538.00,27.8,48000,-6,no,yes,no,Financials,"Insurance: Life, Health (stock)",U.S.,New York,New York,yes,no,no,no,no,no,yes,no,no,MetLife
143,67764.10,2.3,3896.90,131440.40,-32.4,183002,-9,no,yes,no,Motor Vehicles & Parts,Motor Vehicles and Parts,France,Boulogne-Billancourt,,yes,no,no,yes,no,no,no,no,yes,Renault
144,67397.50,16.2,-2207.60,116353.60,,138652,23,no,no,yes,Chemicals,Chemicals,China,Beijing,,no,no,no,no,no,no,no,no,yes,ChemChina
145,67225.90,-4.2,2726.20,308802.00,544.9,41410,-25,no,yes,no,Financials,Insurance: Property and Casualty (Stock),Germany,Munich,,yes,no,no,no,no,no,no,no,yes,Munich Re Group
120,76033.00,10.7,5149.00,91249.00,12.7,208583,7,no,no,yes,Materials,Metals,Luxembourg,Luxembourg,,yes,yes,no,yes,no,no,no,no,yes,ArcelorMittal
121,75377.30,5.3,1952.00,150259.30,-18.1,198457,-4,no,yes,no,Financials,Insurance: Property and Casualty (Stock),China,Beijing,,yes,no,no,no,no,no,no,no,yes,People's Insurance Co. of China
122,75356.00,4.8,2937.00,41290.00,0.1,360000,-6,no,yes,no,Retailing,General Merchandisers,U.S.,Minneapolis,Minnesota,yes,yes,no,yes,no,no,yes,no,no,Target
123,75185.00,-0.1,3604.20,131671.30,11.3,133671,-18,no,yes,no,Aerospace & Defense,Aerospace and Defense,Netherlands,Leiden,,yes,yes,no,yes,no,no,no,no,yes,Airbus
124,75000.90,6.3,2448.80,57687.20,-19.9,499018,-5,no,yes,no,Transportation,"Mail, Package, and Freight Delivery",Germany,Bonn,,yes,yes,no,yes,no,no,no,no,yes,Deutsche Post DHL Group
125,74202.30,8,2514.50,712112.70,14.2,89198,1,no,no,yes,Financials,"Insurance: Life, Health (Mutual)",Japan,Osaka,,yes,no,no,yes,no,no,no,no,yes,Nippon Life Insurance
126,74144.10,-1.5,1219.10,175681.40,-24,160301,-22,no,yes,no,Energy,Energy,France,Courbevoie,,yes,no,yes,yes,no,no,no,no,yes,Engie
127,74103.90,4.5,2116.00,38097.30,3.3,225000,-9,no,yes,no,Food & Drug Stores,Food and Drug Stores,Netherlands,Zaandam,,yes,yes,no,yes,no,no,no,no,yes,Royal Ahold Delhaize
128,73598.00,-1.4,9235.00,2063060.00,64.2,6621,-22,no,yes,no,Financials,Diversified Financials,U.S.,McLean,Virginia,yes,no,no,yes,no,no,yes,no,no,Freddie Mac
129,72677.40,4.4,1097.70,66789.50,-29.4,127163,-5,no,yes,no,Motor Vehicles & Parts,Motor Vehicles and Parts,China,Beijing,,yes,no,no,no,no,no,no,no,yes,Beijing Automotive Group
130,72307.20,22.9,3704.40,72348.40,-7,26613,33,no,no,yes,Energy,Petroleum Refining,Thailand,Bangkok,,yes,no,no,yes,no,no,no,no,yes,PTT
131,72178.40,0.2,2562.80,54341.10,20.3,271869,-17,no,yes,no,Technology,"Electronics, Electrical Equip.",Japan,Osaka,,yes,no,no,no,no,no,no,no,yes,Panasonic
132,71861.00,9.1,4791.00,50016.00,-2.4,364575,6,no,no,yes,Transportation,"Mail, Package, and Freight Delivery",U.S.,Atlanta,Georgia,yes,yes,no,yes,no,no,yes,no,no,United Parcel Service
101,85627.90,18.6,4133.60,1429122.30,-16.7,935191,12,no,no,yes,Transportation,"Mail, Package, and Freight Delivery",China,Beijing,,yes,no,no,no,no,no,no,no,yes,China Post Group
102,85507.80,1.1,2007.20,86984.70,-38.7,295941,-23,no,yes,no,Technology,"Electronics, Electrical Equip.",Japan,Tokyo,,yes,no,no,no,no,no,no,no,yes,Hitachi
103,84270.60,11.8,1743.10,65227.60,10.2,321490,-1,no,yes,no,Food & Drug Stores,Food and Drug Stores,Britain,Welwyn Garden City,,yes,no,no,no,no,no,no,no,yes,Tesco
104,83973.70,-28.5,8881.90,2332675.50,1.6,197162,-60,no,yes,no,Financials,Banks: Commercial and Savings,France,Paris,,yes,no,no,yes,no,no,no,no,yes,BNP Paribas
105,82733.30,8,2907.10,76604.40,-11,40695,-6,no,yes,no,Energy,Petroleum Refining,Japan,Tokyo,,yes,no,no,yes,no,no,no,no,yes,JXTG Holdings
106,82331.20,32.1,5660.80,144715.20,1.2,194056,42,no,no,yes,Energy,Petroleum Refining,India,Mumbai,,yes,no,no,yes,no,no,no,no,yes,Reliance Industries
107,81977.70,8.5,3531.40,259644.40,41.5,338472,-6,no,yes,no,Energy,"Mining, Crude-Oil Production",China,Beijing,,yes,no,no,yes,no,no,no,no,yes,China Energy Investment
108,81732.20,4.3,8788.40,272518.40,298.3,56788,-13,no,yes,no,Financials,Insurance: Property and Casualty (Mutual),U.S.,Bloomington,Illinois,yes,yes,no,no,no,no,yes,no,no,State Farm Insurance Cos.
109,81581.00,6.7,15297.00,152954.00,1076.70,135100,-9,no,yes,no,Health Care,Pharmaceuticals,U.S.,New Brunswick,New Jersey,yes,yes,no,yes,yes,no,yes,no,no,Johnson & Johnson
110,81403.30,3.7,1389.10,323662.20,-61.2,165790,-16,no,yes,no,Energy,Utilities,France,Paris,,yes,no,no,yes,no,no,no,no,yes,Electricité de France
111,80963.60,11.2,1782.40,118705.60,-8,289735,-1,no,yes,no,Energy,Utilities,China,Guangzhou,,yes,no,no,no,no,no,no,no,yes,China Southern Power Grid
112,80076.40,9.7,-373.6,130626.80,,199442,-3,no,yes,no,Materials,Metals,China,Beijing,,no,no,no,no,no,no,no,no,yes,China Minmetals
113,79593.00,30.1,7535.00,112508.00,64.2,20525,37,no,no,yes,Energy,Petroleum Refining,Norway,Stavanger,,yes,no,no,yes,no,no,no,no,yes,Equinor
114,79591.00,0.6,8728.00,123382.00,51.7,381100,-22,no,yes,no,Technology,Information Technology Services,U.S.,Armonk,New York,yes,yes,yes,no,no,no,yes,no,no,International Business Machines
115,78798.70,8.4,5555.10,98933.50,-18.9,122404,-3,no,yes,no,Chemicals,Chemicals,Germany,Ludwigshafen,,yes,yes,no,yes,no,no,no,no,yes,BASF
116,78157.70,1.4,8264.00,189586.90,86.6,114400,-19,no,yes,no,Technology,"Electronics, Electrical Equip.",Japan,Tokyo,,yes,yes,no,no,no,no,no,no,yes,Sony
117,77587.00,17.7,2484.70,48385.60,-27.8,35442,20,no,no,yes,Energy,Petroleum Refining,India,New Delhi,,yes,no,no,yes,no,no,no,no,yes,Indian Oil
118,77122.50,2.4,214,90293.60,-2.8,288326,-15,no,yes,no,Food & Drug Stores,Food and Drug Stores,Japan,Chiba,,yes,no,no,yes,no,no,no,no,yes,AEON
119,76363.10,4.9,1483.00,21240.60,-4.1,16901,-8,no,yes,no,Materials,Metals,China,Shenzhen,,yes,no,no,no,no,no,no,no,yes,Amer International Group
76,93512.50,2.5,10364.80,139045.10,42,308000,-7,no,yes,no,"Food, Beverages & Tobacco",Food Consumer Products,Switzerland,Vevey,,yes,yes,no,no,no,no,no,no,yes,Nestlé
77,92601.90,5.2,3596.00,95616.50,15.9,409881,-2,no,yes,no,Motor Vehicles & Parts,Motor Vehicles and Parts,Germany,Stuttgart,,yes,yes,no,yes,no,no,no,no,yes,Bosch Group
78,92260.80,13.3,-533.4,57841.50,,11828,10,no,no,yes,Energy,Energy,Germany,Düsseldorf,,no,no,no,no,no,no,no,no,yes,Uniper
79,92105.00,2.3,3750.00,71571.00,-2.4,63900,-9,no,yes,no,Health Care,Health Care: Insurance and Managed Care,U.S.,Indianapolis,Indiana,yes,yes,yes,yes,no,no,yes,no,no,Anthem
80,91986.00,11.9,3474.60,209651.50,10.2,421274,6,no,no,yes,Health Care,Pharmaceuticals,China,Hong Kong,,yes,no,no,no,no,no,no,no,yes,China Resources
81,91955.20,0.7,-662.1,54153.10,,363862,-13,no,yes,no,Food & Drug Stores,Food and Drug Stores,France,Massy,,no,no,no,no,no,no,no,no,yes,Carrefour
82,90934.20,-2.5,1599.70,66397.10,14.3,167528,-17,no,yes,no,Motor Vehicles & Parts,Motor Vehicles and Parts,China,Wuhan,,yes,no,no,no,no,no,no,no,yes,Dongfeng Motor
83,90799.80,13.5,4869.40,135300.30,28,31701,6,no,no,yes,Energy,Petroleum Refining,Italy,Rome,,yes,no,no,no,no,no,no,no,yes,ENI
84,90621.00,15.2,-2310.00,111820.00,,157000,9,no,no,yes,Technology,"Computers, Office Equipment",U.S.,Round Rock,Texas,no,yes,no,yes,no,no,yes,no,no,Dell Technologies
85,90531.90,3.6,9217.10,1667946.80,23.5,194015,-8,no,yes,no,Financials,Banks: Commercial and Savings,Spain,Madrid,,yes,no,no,no,yes,no,no,no,yes,Banco Santander
86,90055.00,25,8745.80,189980.10,129.7,308000,29,no,no,yes,Energy,Petroleum Refining,Russia,Moscow,,yes,no,no,no,no,no,no,no,yes,Rosneft Oil
87,89804.70,29.2,2660.30,66682.90,-6.8,142451,38,no,no,yes,Motor Vehicles & Parts,Motor Vehicles and Parts,China,Changchun,,yes,no,no,yes,no,no,no,no,yes,China FAW Group
88,89358.10,16.4,701.4,71332.70,-6.9,66713,10,no,no,yes,Wholesalers,Trading,China,Beijing,,yes,no,no,yes,no,no,no,no,yes,Sinochem Group
89,89305.70,6.1,5651.80,189079.60,32.7,69272,-6,no,yes,no,Energy,Utilities,Italy,Rome,,yes,no,no,yes,yes,no,no,no,yes,Enel
90,89286.80,5.7,2556.20,166163.60,-34.5,215675,-9,no,yes,no,Telecommunications,Telecommunications,Germany,Bonn,,yes,yes,no,no,no,no,no,no,yes,Deutsche Telekom
91,88325.00,4.9,5192.70,1856682.30,26.2,73346,-9,no,yes,no,Financials,Banks: Commercial and Savings,France,Paris,,yes,no,no,no,no,no,no,no,yes,Crédit Agricole
92,88157.40,-12.3,2725.00,589590.30,14.6,70734,-33,no,yes,no,Financials,"Insurance: Life, Health (stock)",Italy,Trieste,,yes,no,no,no,no,no,no,no,yes,Assicurazioni Generali
93,88140.90,11,1585.20,198943.70,2.6,178572,-2,no,yes,no,Engineering & Construction,"Engineering, Construction",China,Beijing,,yes,no,no,yes,no,no,no,no,yes,China Communications Construction
94,87999.20,3.2,1370.80,161921.40,-61.6,122217,-16,no,yes,no,Motor Vehicles & Parts,Motor Vehicles and Parts,South Korea,Seoul,,yes,yes,no,no,no,no,no,no,yes,Hyundai Motor
95,87403.30,18.4,-9377.90,105384.40,,131108,12,no,no,yes,Energy,"Mining, Crude-Oil Production",Mexico,Mexico City,,no,no,no,no,no,no,no,no,yes,Pemex
96,87364.30,18.9,3336.30,70811.10,53.4,216539,12,no,no,yes,Motor Vehicles & Parts,Motor Vehicles and Parts,France,Rueil-Malmaison,,yes,no,no,yes,no,no,no,no,yes,Peugeot
97,86622.60,12.2,3390.90,58175.00,7.9,387525,-1,no,yes,no,Engineering & Construction,"Engineering, Construction",China,Urumqi,,yes,no,no,yes,no,no,no,no,yes,Pacific Construction Group
98,86604.70,4.8,12727.90,326163.20,35.7,76866,-13,no,yes,no,Telecommunications,Telecommunications,Japan,Tokyo,,yes,yes,no,yes,no,no,no,no,yes,SoftBank Group
99,86131.00,8.2,13727.00,2558124.00,27.1,235217,-9,no,yes,no,Financials,Banks: Commercial and Savings,Britain,London,,yes,yes,no,yes,no,no,no,no,yes,HSBC Holdings
100,85977.00,37.2,3844.00,188030.00,163.3,98000,47,no,no,yes,Chemicals,Chemicals,U.S.,Wilmington,Delaware,yes,no,no,no,no,no,yes,no,no,DuPont
58,110584.00,10.3,28147.00,2354507.00,54.4,204489,2,no,no,yes,Financials,Banks: Commercial and Savings,U.S.,Charlotte,North Carolina,yes,yes,no,no,yes,no,yes,yes,no,Bank of America Corp.
59,110455.90,9.5,1186.90,134180.20,-9.3,356326,-1,no,yes,no,Engineering & Construction,"Engineering, Construction",China,Beijing,,yes,no,no,no,no,no,no,no,yes,China Railway Construction
60,110360.00,22.7,16571.00,258848.00,-21.8,131000,11,no,no,yes,Technology,Computer Software,U.S.,Redmond,Washington,yes,yes,no,yes,yes,no,yes,no,no,Microsoft
61,109030.40,22.1,8953.90,96973.70,27.5,188000,11,no,no,yes,Technology,Network and Other Communications Equipment,China,Shenzhen,,yes,no,no,yes,no,no,no,no,yes,Huawei Investment & Holding
62,108203.00,7.2,11121.00,44003.00,28.9,413000,-5,no,yes,no,Retailing,Specialty Retailers,U.S.,Atlanta,Georgia,yes,yes,no,no,no,no,yes,no,no,Home Depot
63,108130.40,32.7,7331.10,177193.60,142.9,93601,24,no,no,yes,Energy,"Mining, Crude-Oil Production",China,Beijing,,yes,no,no,no,no,no,no,no,yes,China National Offshore Oil
64,107146.90,0.6,7707.50,201456.10,-6.1,303351,-9,no,yes,no,Telecommunications,Telecommunications,Japan,Tokyo,,yes,yes,no,yes,no,no,no,no,yes,Nippon Telegraph & Telephone
65,104627.30,110.4,4514.30,91250.60,24.9,139157,139,no,no,yes,Wholesalers,Trading,Japan,Osaka,,yes,no,no,yes,no,no,no,no,yes,Itochu
66,104390.60,-3.2,2878.40,171251.00,-57.3,148513,-12,no,yes,no,Motor Vehicles & Parts,Motor Vehicles and Parts,Japan,Yokohama,,yes,yes,no,no,no,no,no,no,yes,Nissan Motor
67,103072.90,28.3,16744.30,2356616.20,0.7,9507,,yes,no,no,Financials,Banks: Commercial and Savings,China,Beijing,,yes,no,no,yes,no,no,no,no,yes,China Development Bank
68,101127.00,8.3,10460.00,117359.00,27.6,153000,-4,no,yes,no,Aerospace & Defense,Aerospace and Defense,U.S.,Chicago,Illinois,yes,yes,no,yes,no,no,yes,no,no,Boeing
69,101060.00,3.4,22393.00,1895883.00,0.9,258700,-7,no,yes,no,Financials,Banks: Commercial and Savings,U.S.,San Francisco,California,yes,no,no,no,no,no,yes,no,no,Wells Fargo
70,98802.00,7.9,6908.90,161335.90,3.6,379000,-4,no,yes,no,Industrials,Industrial Machinery,Germany,Munich,,yes,yes,no,yes,yes,no,no,no,yes,Siemens
71,97120.00,10.4,18045.00,1917383.00,,204000,5,no,no,yes,Financials,Banks: Commercial and Savings,U.S.,New York,New York,yes,yes,no,no,no,no,yes,no,no,Citigroup
72,97102.00,43.6,2780.00,92940.00,-19,60350,59,no,no,yes,Energy,Petroleum Refining,U.S.,Findlay,Ohio,yes,no,no,yes,no,no,yes,no,no,Marathon Petroleum
73,95904.50,14.8,2048.00,107069.10,38,104374,11,no,no,yes,Energy,Petroleum Refining,South Korea,Seoul,,yes,no,no,yes,no,no,no,no,yes,SK Holdings
74,95584.00,7.6,7173.00,222068.00,,63361,-1,no,yes,no,Energy,Petroleum Refining,Brazil,Rio de Janeiro,,yes,no,no,yes,no,no,no,no,yes,Petrobras
75,94507.00,11.8,11731.00,251684.00,-48.4,184000,5,no,no,yes,Telecommunications,Telecommunications,U.S.,Philadelphia,Pennsylvania,yes,no,no,yes,no,no,yes,yes,no,Comcast
41,131412.00,15.4,32474.00,2622532.00,32.9,256105,6,no,no,yes,Financials,Banks: Commercial and Savings,U.S.,New York,New York,yes,yes,no,yes,yes,no,yes,no,no,JPMorgan Chase & Co.
42,131302.00,17.3,23199.10,300354.80,89.4,466100,7,no,no,yes,Energy,Energy,Russia,Moscow,,yes,no,no,no,no,no,no,no,yes,Gazprom
43,130863.00,3.8,15528.00,264829.00,-48.4,144500,-6,no,yes,no,Telecommunications,Telecommunications,U.S.,New York,New York,yes,yes,no,no,no,no,yes,no,no,Verizon Communications
44,127714.10,10.6,27225.20,3097612.00,6.7,310119,2,no,no,yes,Financials,Banks: Commercial and Savings,China,Beijing,,yes,no,no,no,no,no,no,no,yes,Bank of China
45,126799.60,2.6,8806.40,1025919.10,14.8,142460,-7,no,yes,no,Financials,"Insurance: Life, Health (stock)",Germany,Munich,,yes,no,no,yes,no,no,no,no,yes,Allianz
46,125578.20,-16,2525.60,1063784.40,-63.9,104065,-19,no,yes,no,Financials,"Insurance: Life, Health (stock)",France,Paris,,yes,no,no,yes,no,no,no,no,yes,AXA
47,121162.00,-1.2,3110.00,38118.00,63.1,453000,-8,no,yes,no,Food & Drug Stores,Food and Drug Stores,U.S.,Cincinnati,Ohio,yes,yes,no,yes,yes,no,yes,no,no,Kroger
48,120268.00,-1.6,-22355.00,309129.00,,283000,-7,no,yes,no,Industrials,Industrial Machinery,U.S.,Boston,Massachusetts,no,no,no,no,no,no,yes,no,no,General Electric
49,120101.00,6.9,15959.00,3418318.00,547.9,7400,-1,no,yes,no,Financials,Diversified Financials,U.S.,Washington,District Of Columbia,yes,no,no,yes,no,no,yes,no,no,Fannie Mae
50,119145.00,26.9,9863.70,82734.80,37.3,102500,13,no,no,yes,Energy,Petroleum Refining,Russia,Moscow,,yes,no,no,no,no,no,no,no,yes,Lukoil
51,116171.50,-3.4,-2566.90,580331.60,-1063.10,175077,-9,no,yes,no,Financials,"Insurance: Life, Health (stock)",China,Beijing,,no,no,no,yes,no,no,no,no,yes,China Life Insurance
52,115220.50,-1.2,4324.00,2585802.00,4,245922,-7,no,yes,no,Financials,"Insurance: Life, Health (stock)",Japan,Tokyo,,yes,no,no,yes,no,no,no,no,yes,Japan Post Holdings
53,115042.80,3.4,8399.30,238864.10,-13.6,134682,-2,no,yes,no,Motor Vehicles & Parts,Motor Vehicles and Parts,Germany,Munich,,yes,yes,no,yes,no,no,no,no,yes,BMW Group
54,114217.00,24.7,5595.00,54302.00,9.6,14200,13,no,no,yes,Energy,Petroleum Refining,U.S.,Houston,Texas,yes,no,no,no,no,no,yes,no,no,Phillips 66
55,112132.70,9.1,1240.90,137914.20,6.1,307992,1,no,no,yes,Engineering & Construction,"Engineering, Construction",China,Beijing,,yes,no,no,yes,no,no,no,no,yes,China Railway Engineering Group
56,112096.00,1.8,11745.30,255216.60,7.4,462046,-3,no,yes,no,Telecommunications,Telecommunications,China,Beijing,,yes,no,no,no,no,no,no,no,yes,China Mobile Communications
57,111407.00,26,3122.00,50155.00,-23.2,10261,17,no,no,yes,Energy,Petroleum Refining,U.S.,San Antonio,Texas,yes,no,no,yes,no,no,yes,no,no,Valero Energy
27,167939.60,9.7,1658.40,37669.80,355,20500,-2,no,yes,no,Health Care,Wholesalers: Health Care,U.S.,Chesterbrook,Pennsylvania,yes,yes,no,yes,no,no,yes,no,no,AmerisourceBergen
28,166339.00,23.6,14824.00,253863.00,61.2,48600,5,no,no,yes,Energy,Petroleum Refining,U.S.,San Ramon,California,yes,no,no,no,no,no,yes,no,no,Chevron
29,163597.40,13.5,16237.20,1040383.40,23.2,376900,,no,no,no,Financials,"Insurance: Life, Health (stock)",China,Shenzhen,,yes,no,no,yes,no,no,no,no,yes,Ping An Insurance
30,160338.00,2.3,3677.00,256540.00,-51.6,199000,-8,no,yes,no,Motor Vehicles & Parts,Motor Vehicles and Parts,U.S.,Dearborn,Michigan,yes,yes,no,no,no,no,yes,no,no,Ford Motor
31,151110.80,9,38498.40,3382421.70,7.4,366996,,no,no,no,Financials,Banks: Commercial and Savings,China,Beijing,,yes,no,no,no,no,no,no,no,yes,China Construction Bank
32,147049.00,-6.5,8014.00,227339.00,,173000,-11,no,yes,no,Motor Vehicles & Parts,Motor Vehicles and Parts,U.S.,Detroit,Michigan,yes,yes,yes,no,no,no,yes,no,no,General Motors
33,145243.30,112.7,5328.00,149388.30,5.4,79994,96,no,no,yes,Wholesalers,Trading,Japan,Tokyo,,yes,no,no,yes,no,no,no,no,yes,Mitsubishi
34,143302.90,3.4,5504.60,184504.60,-42.4,219722,-4,no,yes,no,Motor Vehicles & Parts,Motor Vehicles and Parts,Japan,Tokyo,,yes,yes,no,yes,no,no,no,no,yes,Honda Motor
35,141576.00,9.7,3134.00,40830.00,17,194000,,no,no,no,Retailing,General Merchandisers,U.S.,Issaquah,Washington,yes,yes,no,yes,no,no,yes,no,no,Costco Wholesale
36,139523.60,14,30656.50,3293105.00,7.4,477526,4,no,no,yes,Financials,Banks: Commercial and Savings,China,Beijing,,yes,no,no,no,no,no,no,no,yes,Agricultural Bank of China
37,136819.00,23.4,30736.00,232792.00,142.7,98771,15,no,no,yes,Technology,Internet Services and Retailing,U.S.,Mountain View,California,yes,yes,no,yes,yes,no,yes,no,no,Alphabet
38,136809.00,5.3,256,39951.00,-80.1,50200,-4,no,yes,no,Health Care,Wholesalers: Health Care,U.S.,Dublin,Ohio,yes,yes,no,yes,no,no,yes,no,no,Cardinal Health
39,136392.50,5.9,5443.80,114011.70,6.9,147738,-3,no,yes,no,Motor Vehicles & Parts,Motor Vehicles and Parts,China,Shanghai,,yes,no,no,no,no,no,no,no,yes,SAIC Motor
40,131537.00,11.3,5024.00,68124.00,23.2,299000,3,no,no,yes,Food & Drug Stores,Food and Drug Stores,U.S.,Deerfield,Illinois,yes,yes,no,yes,no,no,yes,no,no,Walgreens Boots Alliance
14,226247.00,12.5,11986.00,152221.00,13.5,300000,1,no,no,yes,Health Care,Health Care: Insurance and Managed Care,U.S.,Minnetonka,Minnesota,yes,yes,no,yes,no,no,yes,no,no,UnitedHealth Group
15,221579.40,4.5,39895.20,304165.30,9.1,309630,-3,no,yes,no,Technology,"Electronics, Electrical Equip.",South Korea,Suwon,,yes,yes,no,no,no,no,no,no,yes,Samsung Electronics
16,219754.00,6.9,3408.00,128672.00,-41,85504,-2,no,yes,no,Energy,"Mining, Crude-Oil Production",Switzerland,Baar,,yes,no,no,yes,no,no,no,no,yes,Glencore
17,214319.00,2.9,34,59672.00,-49.3,70000,-4,no,yes,no,Health Care,Wholesalers: Health Care,U.S.,Irving,Texas,yes,yes,no,yes,no,no,yes,no,no,McKesson
18,197515.30,6.6,8555.00,321890.50,-27.9,298683,-2,no,yes,no,Motor Vehicles & Parts,Motor Vehicles and Parts,Germany,Stuttgart,,yes,yes,no,yes,no,no,no,no,yes,Daimler
19,194579.00,5.3,-594,196456.00,-109,295000,-2,no,yes,no,Health Care,Health Care: Pharmacy and Other Services,U.S.,Woonsocket,Rhode Island,no,yes,no,yes,no,no,yes,no,no,CVS Health
20,184106.00,23.5,11446.00,256762.00,32.6,104460,8,no,no,yes,Energy,Petroleum Refining,France,Courbevoie,,yes,no,no,yes,no,no,no,no,yes,Total
21,181524.50,16.3,3159.50,272768.80,18.1,302827,2,no,no,yes,Engineering & Construction,"Engineering, Construction",China,Beijing,,yes,no,no,yes,no,no,no,no,yes,China State Construction Engineering
22,180744.10,32.5,849.2,53801.00,0.2,4316,10,no,no,yes,Wholesalers,Trading,Singapore,Singapore,,yes,no,no,yes,no,no,no,no,yes,Trafigura Group
23,175617.00,13.5,4281.60,110012.90,-6.1,667680,1,no,no,yes,Technology,"Electronics, Electrical Equip.",Taiwan,New Taipei City,,yes,no,no,no,no,no,no,no,yes,Hon Hai Precision Industry
24,175009.50,8.2,1589.70,190052.30,1.3,314790,-5,no,yes,no,Financials,Diversified Financials,Netherlands,Amsterdam,,yes,no,no,yes,no,no,no,no,yes,EXOR Group
25,170756.00,6.4,19370.00,531864.00,-34.2,268220,-5,no,yes,no,Telecommunications,Telecommunications,U.S.,Dallas,Texas,yes,yes,no,yes,no,no,yes,no,no,AT&T
26,168979.00,10.4,45002.30,4034481.60,6.3,449296,,no,no,no,Financials,Banks: Commercial and Savings,China,Beijing,,yes,no,no,no,no,no,no,no,yes,Industrial & Commercial Bank of China
2,414649.90,26.8,5845.00,329186.30,280.1,619151,1,no,no,yes,Energy,Petroleum Refining,China,Beijing,,yes,no,no,no,no,no,no,no,yes,Sinopec Group
3,396556.00,27.2,23352.00,399194.00,79.9,81000,2,no,no,yes,Energy,Petroleum Refining,Netherlands,The Hague,,yes,no,no,no,no,no,no,no,yes,Royal Dutch Shell
4,392976.60,20.5,2270.50,601899.90,,1382401,,no,no,no,Energy,Petroleum Refining,China,Beijing,,yes,no,no,no,no,no,no,no,yes,China National Petroleum
5,387056.00,10.9,8174.80,572309.50,-14.3,917717,-3,no,yes,no,Energy,Utilities,China,Beijing,,yes,no,no,yes,no,no,no,no,yes,State Grid
6,355905.00,35.3,110974.50,358872.90,46.9,76418,,yes,no,no,Energy,"Mining, Crude-Oil Production",Saudi Arabia,Dhahran,,yes,no,no,yes,no,no,no,no,yes,Saudi Aramco
7,303738.00,24.2,9383.00,282176.00,176.9,73000,1,no,no,yes,Energy,Petroleum Refining,Britain,London,,yes,no,no,no,no,no,no,no,yes,BP
8,290212.00,18.8,20840.00,346196.00,5.7,71000,1,no,no,yes,Energy,Petroleum Refining,U.S.,Irving,Texas,yes,yes,no,no,no,no,yes,no,no,Exxon Mobil
9,278341.50,7,14322.50,523672.30,9.3,664496,-2,no,yes,no,Motor Vehicles & Parts,Motor Vehicles and Parts,Germany,Wolfsburg,,yes,no,no,yes,no,no,no,no,yes,Volkswagen
10,272612.00,2.8,16982.00,469295.60,-24.6,370870,-4,no,yes,no,Motor Vehicles & Parts,Motor Vehicles and Parts,Japan,Toyota,,yes,yes,no,yes,yes,no,no,no,yes,Toyota Motor
11,265595.00,15.9,59531.00,365725.00,23.1,132000,,no,no,no,Technology,"Computers, Office Equipment",U.S.,Cupertino,California,yes,yes,no,yes,yes,no,yes,no,no,Apple
12,247837.00,2.4,4021.00,707794.00,-91.1,389000,-2,no,yes,no,Financials,Insurance: Property and Casualty (Stock),U.S.,Omaha,Nebraska,yes,yes,no,yes,no,no,yes,no,no,Berkshire Hathaway
13,232887.00,30.9,10073.00,162648.00,232.1,647500,5,no,no,yes,Retailing,Internet Services and Retailing,U.S.,Seattle,Washington,yes,yes,no,yes,no,yes,yes,no,no,Amazon.com
1,514405.00,2.8,6670.00,219295.00,-32.4,2200000,,no,no,no,Retailing,General Merchandisers,U.S.,Bentonville,Arkansas,yes,yes,no,no,yes,no,yes,no,no,Walmart
